duration,v_min,v_max,v_mean,v_std,i_mean,i_std,t_max,t_mean,t_std,v_drop_rate,battery_id,cycle_number,ambient_temperature,Capacity,SOH
3690.234,2.612467347907089,4.191491807505295,3.5298286688693397,0.23655823616646718,1.818711710270297,0.5950284634650128,38.98218133148803,32.572328114029,3.495804364444765,0.0004278927730865321,B0005,1,24,1.8564874208181572,1.0
3672.344,2.587208728940726,4.189773213846608,3.5373201277859714,0.23536612087025036,1.8176438989718113,0.5964463863457363,39.03339796678704,32.72523522519307,3.4355094885337074,0.00043638735502607646,B0005,2,24,1.846327249719927,0.9945272071416715
3651.641,2.65191689384378,4.188186735991303,3.5437367282719,0.228111087522163,1.8165423469233573,0.5978630057206666,38.81879668981741,32.64286193755933,3.3881738346115653,0.00042070670204095187,B0005,3,24,1.835349194223408,0.9886138595081707
3631.563,2.592947964776547,4.188461118855572,3.5436661072601456,0.2333465027689954,1.8256179748849433,0.584881798805213,38.7623045063458,32.51487646204882,3.3953058258571187,0.0004393461311504233,B0005,4,24,1.8352625275821128,0.9885671763794174
3629.172,2.547419651124539,4.188298524761055,3.5423432526672167,0.2373009622577082,1.82614786516938,0.5848717703294314,38.66539257343368,32.38234901543077,3.4046669433807017,0.0004521358793786891,B0005,5,24,1.8346455082120416,0.9882348178817771
3652.281,2.5209480504077413,4.188815807948604,3.5413347346347575,0.23993226167114742,1.8168998532879652,0.5979657995808966,38.75169504640032,32.43418218230641,3.426121786903715,0.0004566646864085383,B0005,6,24,1.8356616600675493,0.9887821697485943
3650.828,2.487927319492314,4.18839163793879,3.5410250495075215,0.24313957024653737,1.8168378953364732,0.5978845151220648,38.8207012322275,32.480416444757985,3.4283444842023885,0.00046577497445688374,B0005,7,24,1.8351461429226603,0.9885044855913477
3572.453,2.665204904745877,4.188927891511958,3.554133296801584,0.2279099167513015,1.8444082717328028,0.5586255129290137,38.51713023385634,32.41046186109587,3.36042464000267,0.00042652009327094886,B0005,8,24,1.8257567905665535,0.9834468955151549
3550.594,2.603858472633368,4.189029250882121,3.5529355991467955,0.23306799549076232,1.854064004450843,0.5436045066383808,38.526267904657,32.3461408313,3.381314274142603,0.0004464522776326308,B0005,9,24,1.8247738529891333,0.9829174345738105
3551.25,2.552853984885676,4.189223427076418,3.5512057319376997,0.23735414167102423,1.853658588102974,0.5435322218112262,38.52698128472781,32.27679750791685,3.3932601951659334,0.00046078688974044124,B0005,10,24,1.824613268496936,0.9828309354731991
3530.25,2.472448301852732,4.188916055911241,3.549292319740949,0.24374302251465715,1.8634237189304172,0.5279855867861206,38.54143406601644,32.15709350345252,3.4283380241436188,0.00048621705376630797,B0005,11,24,1.8246195526864504,0.9828343204622079
3491.016,2.64956413267546,4.189876247266316,3.559759220648976,0.22947624709797806,1.8730031464912946,0.5129456241954856,38.52197451768004,32.36407129853099,3.3726289573752837,0.0004412217287433961,B0005,12,24,1.814201935767392,0.9772228539894281
3470.281,2.5724981777366227,4.189286794768804,3.558081969139198,0.23524097823363496,1.882660242467496,0.495422701044769,38.582485834057856,32.3181954403762,3.3830347534459797,0.00046589559088505543,B0005,13,24,1.8137521577549052,0.9769805803238794
3470.0,2.5249886697730286,4.188837765892728,3.555692244172496,0.23855345527869287,1.8825977111170091,0.49538842897730856,38.52029413487392,32.15709029211502,3.4352703228831953,0.00047949541674919296,B0005,14,24,1.8134404914735824,0.9768127007692818
3450.297,2.694621861688723,4.189110301768517,3.562746818017503,0.22453375718322335,1.8818235264274379,0.49664461272030896,38.21358592965045,32.044070003146096,3.3695773679332603,0.0004331477667226311,B0005,15,24,1.8025980036306504,0.9709723768751648
3429.407,2.64010141737067,4.18921207304098,3.5614521756489204,0.22859181141516383,1.892259778387913,0.47802455367101127,38.1983618706913,31.931593674911532,3.39448136823538,0.0004517138548064752,B0005,16,24,1.80210690024615,0.9707078432300708
3409.484,2.573903509838096,4.188899969428112,3.5603420474985823,0.2336151721811594,1.9027782137498737,0.4583032579705244,38.31926916027133,31.941655359029298,3.4101384368753025,0.0004736776766191061,B0005,17,24,1.802579500826209,0.9709624103091468
3390.422,2.4942396831720126,4.188779799856791,3.5591189041401865,0.23939502329865414,1.9133470605822436,0.43709670101645964,38.4787542519308,31.965008645476725,3.42421539021763,0.0004998021239494017,B0005,18,24,1.8030683142834096,0.9712257104811377
3390.281,2.4556793246645583,4.189272591516219,3.557886771846508,0.24211638521908152,1.9132081421080984,0.4371828877865965,38.54659017774874,31.966241678512723,3.442840461604763,0.00051134205891832,B0005,19,24,1.802777624719604,0.9710691300699019
3591.734,2.632142800798914,4.187614060563439,3.5520375235511907,0.23477782948432763,1.8554552597994574,0.5410919073733292,38.44749852224995,32.37143341978575,3.367045402578324,0.0004330697261446769,B0005,20,24,1.8470259949329195,0.994903587398902
3552.297,2.5027764692056795,4.187628781108399,3.5525668436897124,0.2448173475304705,1.8747434663359825,0.509067381028261,38.992275791716615,32.70024990461686,3.423475752251563,0.00047429939329473854,B0005,21,24,1.847417311283644,0.9951143705942721
3531.578,2.617507742871704,4.187447226312926,3.5567940383270398,0.23373891268927044,1.8738792670691686,0.5101808467606345,38.51424197364312,32.32266411829938,3.4041989923052705,0.00044454334109036314,B0005,22,24,1.8361774213478947,0.9890599854098059
3492.907,2.694074478000972,4.187344026387161,3.5614100044534203,0.22544994683917527,1.883276367037806,0.49405574744113057,38.165816144899125,31.98795810666763,3.413413907657755,0.00042751483173934747,B0005,23,24,1.825780747577624,0.9834597999985366
3511.594,2.6237674644021887,4.187438187636325,3.5566107947817986,0.23129045070961002,1.8733320556361157,0.5114711984839045,38.16526203587147,31.894456524691385,3.4456420602833298,0.00044528801542380374,B0005,24,24,1.8251136435078368,0.9831004632950898
3431.9370000000054,2.5010798299873738,4.18774138117799,3.5586742170266272,0.23910922447932814,1.9139789784762269,0.4347781364596056,38.27549578575718,31.78039681801023,3.4543490512089234,0.0004914605224952014,B0005,25,24,1.825581504220376,0.9833524772367372
3431.125,2.68499881852498,4.188261122540052,3.564103182686904,0.22432330178039336,1.9031048926498,0.45712020939314635,37.98216079918311,31.688747146342205,3.432535498835743,0.0004381251933447693,B0005,26,24,1.814031127508391,0.977130847840027
3412.406,2.547109116468133,4.187338767288234,3.559588063594272,0.23463255580240505,1.913471143750189,0.4360129440715691,38.11100191887773,31.596747992569153,3.4706354198378295,0.0004806666178702362,B0005,27,24,1.8147691941158937,0.9775284086310274
3410.688,2.471314764334132,4.187560306288175,3.556833231052199,0.24012901309651455,1.9136209099025532,0.4361071320744154,38.18831137948753,31.565586498787077,3.4898223105000974,0.0005031962882427366,B0005,28,24,1.813969388710352,0.9770975921350077
3410.718,2.6613903306108773,4.18805176248713,3.5624410850948944,0.22531026238437576,1.9026476995844432,0.45833693133701175,37.99854111908584,31.59124667045208,3.4646523131672606,0.00044760705278954545,B0005,29,24,1.802765665167823,0.9710626880376819
3392.719,2.541762355407921,4.187667484260542,3.5591407106855666,0.23438290818377094,1.9130823665540544,0.43732339260947245,38.194201649765226,31.603485399391182,3.492189073621994,0.0004851286324781454,B0005,30,24,1.804077040117352,0.9717690623092357
3470.672,2.628919415830567,4.2010701773378685,3.5573161327793144,0.22478337971214638,1.9206226860865134,0.4210752557310199,38.45796400011448,31.91556385491565,3.5124329149973463,0.00045298165931764836,B0005,31,24,1.8518025516704488,0.9974764875349149
3414.109,2.6312552691827045,4.1996223345495824,3.561870782772737,0.2235720445769139,1.9298947547733054,0.39978589794990893,38.49126351534004,32.081128118597164,3.396156880374486,0.0004593781467922899,B0005,32,24,1.8307038456739428,0.9861116348782738
3395.219,2.654880745360911,4.199853323702163,3.5617586337260088,0.2213510620234656,1.929319271264108,0.40074726451272014,38.31473393357882,31.849792632896243,3.3849959023295275,0.0004550435710748708,B0005,33,24,1.8199041089501269,0.9802943389447217
3386.0,2.6749688422803803,4.199103467081427,3.5597307651083123,0.21927532436509642,1.923358415235126,0.4139605436582219,37.861934640176806,31.465690433362017,3.4211588441551437,0.0004501283593623882,B0005,34,24,1.809307963702852,0.9745867078945716
3368.187,2.6159705726789904,4.199998536865001,3.5575937553540915,0.2239537871103154,1.9285088406920838,0.40220314419945896,37.90665575786083,31.409348956650316,3.40239559793214,0.00047029097974251753,B0005,35,24,1.80460990458052,0.9720560906279803
3368.266,2.658447162110498,4.19967522099872,3.5597237883937995,0.2209801800385344,1.9231516515854177,0.4150414683091589,38.34003238560517,31.902247475518077,3.436739888008232,0.00045757314264616324,B0005,36,24,1.7993770651972192,0.9692374130950107
3358.719,2.697942608427116,4.1991847248803165,3.559061771422033,0.21771514337644682,1.9170640150939449,0.4276662826214122,38.0745950590744,31.649024294808623,3.4344153777538797,0.0004469686557444074,B0005,37,24,1.7884432335370462,0.9633478867036309
3339.5,2.6617272246516333,4.200012480335,3.557015527748059,0.22052028075457983,1.922067492364195,0.4166234895577189,38.07252758016199,31.48874626238971,3.472686635897123,0.00046063340490593415,B0005,38,24,1.7829230484252725,0.9603744299218226
3331.265,2.699288287625812,4.1992373656547874,3.5562481933590964,0.21742090167721123,1.9162697587781747,0.4293647310507515,37.80133585100446,31.329995610092634,3.514379646067549,0.00045026411229036876,B0005,39,24,1.7730337158018288,0.9550475246530082
3321.188,2.612793240883853,4.199395781118708,3.5532756526091784,0.22452623481021516,1.922122706502154,0.41768161882567106,38.39873985476869,31.569551201845574,3.567777065471613,0.00047772138771874867,B0005,40,24,1.773037755078937,0.9550497004162604
3321.844,2.6637064901468075,4.199578698026071,3.556266431640255,0.22096742761745108,1.9162735319343263,0.4300126614336615,38.74929237918251,32.111426258867944,3.547509774914277,0.00046235530864160507,B0005,41,24,1.7678721106662054,0.9522672175646097
3311.828,2.6668454289754746,4.199546957512695,3.5563095420140822,0.22117733910818724,1.9159257340976645,0.43059588942182436,38.87275464755104,32.271676011112376,3.5104530653299775,0.00046279623474927445,B0005,42,24,1.762315070409309,0.9492739086983167
3327.391,2.684431051981017,4.194091469340824,3.558950851054106,0.22550794469395652,1.9114464682592052,0.44064826878321145,38.503541429116005,31.842291659678658,3.5440220521836188,0.000453706948585185,B0005,43,24,1.7676172924938447,0.9521299593373236
3312.078,2.645224362345869,4.200715235801255,3.5534418211598053,0.2229496052893184,1.915844717074932,0.43046895563798926,38.27009094548294,31.759815453754253,3.4660963191880936,0.00046964198109325495,B0005,44,24,1.762668359743147,0.949464208578551
3293.172,2.6603527244917,4.1990980807180325,3.5510121537420285,0.2216201354243429,1.9151339148316244,0.4316359120125924,38.11684755251712,31.41911167391793,3.5370232546674507,0.0004672532610584362,B0005,45,24,1.7517304870664143,0.9435725054869608
3275.328,2.6926849789916263,4.199398534411534,3.551317608213949,0.21932074696010626,1.9148572716406749,0.4328942585704271,38.04152715355532,31.331626572312267,3.543686044860817,0.0004600191356163132,B0005,46,24,1.7418496047960008,0.9382501520146928
3265.016,2.670544734728978,4.199122915612965,3.549003180550162,0.22144629488934392,1.9144233171408105,0.4333590434907764,38.17980302242767,31.35934131425137,3.586023615654214,0.00046816866468157793,B0005,47,24,1.7360913511847138,0.9351484592444022
3328.937,2.605158060541757,4.190409478081396,3.5597648340955175,0.22722748069200965,1.9389033648133622,0.37768161219928753,40.71218198711114,34.31088483888259,3.335979792723143,0.0004762034900449119,B0005,48,24,1.7936240148573608,0.9661385230754257
3329.266,2.672012007453096,4.199933846791869,3.5623454342368555,0.22227391812377686,1.9275345758657751,0.40451680248615257,39.88526123315293,33.43585640373787,3.380560659322199,0.00045893654617527505,B0005,49,24,1.7831890223273277,0.960517697201241
3301.579,2.674271233724938,4.199365021329158,3.558336657621618,0.22147695346051366,1.9267295232904684,0.4061122466240277,39.18287352945846,32.66698125020078,3.4155521499085486,0.00046192860676791923,B0005,50,24,1.7673642076278957,0.9519936347583843
3283.563,2.6309416727017187,4.19902365945384,3.5540131386228695,0.22473746346279738,1.926172441865584,0.40722696332702885,38.95156480403077,32.28423408691397,3.482260826414721,0.0004775550177511811,B0005,51,24,1.7570177850353066,0.9464205172265513
3275.125,2.6629725743154204,4.199432142144215,3.552376095886298,0.22236358329078568,1.9202943078313004,0.4205083620836188,38.607510759873634,32.00739178780946,3.516490760527708,0.0004691300539151315,B0005,52,24,1.7468706179837907,0.9409547290193552
3265.656,2.612942119873717,4.199640922827531,3.549618661283733,0.22654739258708573,1.9201149196706926,0.42114857705191017,38.920359903369054,32.06387071886056,3.570742187285981,0.0004858744469576141,B0005,53,24,1.7417172507457144,0.9381788592880078
3266.093,2.615719844266148,4.199305653118061,3.54938103086703,0.22676974984008744,1.9144411095695255,0.43342157436048734,39.23273115358871,32.43754560319043,3.6074428921842885,0.00048485631268059814,B0005,54,24,1.7364225056478186,0.9353268361401416
3257.594,2.6287695472774453,4.198949734540481,3.5472118680418956,0.2259297319036886,1.9083813589951335,0.44589149758855773,38.9649270684008,32.16809876635083,3.568183389243208,0.00048200610243726976,B0005,55,24,1.7263217239235826,0.9298860334657101
3248.593,2.6655106679421823,4.19834220599025,3.5467052098640246,0.22293092024176694,1.9022223526493423,0.4581212751101244,38.83927283461771,32.05752645824972,3.5855531376121608,0.00047184474572470846,B0005,56,24,1.7158065389330133,0.9242220117908767
3238.766,2.650495153350403,4.198995776266302,3.544629653883431,0.224735876656725,1.9020695337081277,0.4588254210603402,38.82796377704433,31.97592092807272,3.6189464394401556,0.0004781143876760158,B0005,57,24,1.710533351135192,0.9213816005181209
3240.14,2.643236235233877,4.19916986492694,3.5436291614253204,0.22548872600732597,1.8965332154034205,0.4700201246584862,39.14007944734004,32.21689335291319,3.686251549298293,0.0004802056792894946,B0005,58,24,1.706014499648521,0.9189475137389713
3230.109,2.656450207001938,4.199246833083063,3.5444946147995258,0.22535563972499398,1.8959927229678666,0.4706186966113815,39.349611598028886,32.55632993697177,3.5928449263669986,0.00047762989610602145,B0005,59,24,1.7003110272642588,0.91587532896664
3229.7810000000027,2.626177688152069,4.19925518864016,3.5409201846556857,0.2279232427931213,1.8900332987976025,0.48135441160896786,39.29444535878087,32.40048085325998,3.6314112766159066,0.0004870539211445266,B0005,60,24,1.6945798601797897,0.9127882263985314
3212.469,2.6582230344240045,4.199610827671791,3.541195668799061,0.22571944550735676,1.8893934935378442,0.4828669701474443,39.10487658009542,32.29371860868794,3.642813467286396,0.0004798140599170877,B0005,61,24,1.6849029086609286,0.9075757205607076
3213.219,2.695100237338448,4.1994453812630566,3.540671044783382,0.22232770586728487,1.877705395568618,0.5036330212074767,39.0462609369598,32.136071448067796,3.6601585276654376,0.0004681738605195004,B0005,62,24,1.6744741591159715,0.9019582574806932
3203.578,2.639091813583503,4.198991968341307,3.5376048790268775,0.2278035015163785,1.8831949982887424,0.49399528285802824,39.398032192832,32.382685497234974,3.7441434960441162,0.0004869243560661873,B0005,63,24,1.6745692479879102,0.9020094772578231
3195.125,2.6857210282450983,4.197785116892181,3.538422485261741,0.22478623561389083,1.8764452364443795,0.5049280963906851,39.10678394120843,32.30899951427638,3.5788531262087084,0.0004732409807588381,B0005,64,24,1.663716375981405,0.8961635599169331
3195.312999999994,2.69017866510873,4.201331130571617,3.53928626988912,0.22405053018605095,1.870973160299051,0.5150896334384865,39.44448954135193,32.56636929496717,3.7041499205150634,0.00047292783694833344,B0005,65,24,1.659013868748246,0.8936305466681351
3186.297,2.639895313359579,4.199339974904826,3.533690170241391,0.22875214978625033,1.8705690143479228,0.5157218580184614,39.509602016775695,32.46542951751835,3.7687082335301367,0.0004894222545937329,B0005,66,24,1.6538540573335014,0.8908512057704356
3176.438,2.68991452927918,4.198916244859707,3.534367734544495,0.22434241853957987,1.8640262698477292,0.5262379195298712,39.33486536224533,32.347056454418095,3.7742095759552012,0.00047506096941937075,B0005,67,24,1.642653782130131,0.8848181591266644
3167.593,2.65935818848874,4.198537488587242,3.5312941932103548,0.22742872815982934,1.8637043892758263,0.5270482005586353,39.43723270017243,32.37153894064616,3.8040097480844217,0.0004859144783116082,B0005,68,24,1.6378578430223698,0.8822348186450749
3167.719,2.6657030585650423,4.198943932259475,3.5309134771684274,0.22708128337573127,1.857873177974908,0.5366356305325526,39.51375235624076,32.45549347979197,3.812411680873906,0.0004840204808868566,B0005,69,24,1.6327350407099108,0.8794754127611388
3159.077999999994,2.642986759012803,4.199579806494986,3.5287226893409893,0.2296112762432864,1.8572543412119842,0.53726761406224,39.60170302810528,32.50017194695606,3.8277055188123668,0.0004927365033348928,B0005,70,24,1.6277528915533617,0.8767917699307697
3148.829,2.631116911889304,4.198782234828033,3.52625493581969,0.2310765911883366,1.8568772359904624,0.538166418614604,39.68746359758208,32.50100298369444,3.855320624062091,0.0004978566073098059,B0005,71,24,1.622125485521159,0.8737605584239755
3149.094,2.696157404617167,4.19910517813207,3.5286843243370045,0.22510578697122166,1.8449420023406096,0.5565663494047528,39.53535075538898,32.4728927422438,3.8373604523036042,0.0004772635473932831,B0005,72,24,1.6113256603765849,0.8679432148624368
3140.547,2.6667596238241567,4.198510853141954,3.525556939424901,0.2281397131118496,1.8444613866204569,0.557406416943297,39.6502371632164,32.50480154634882,3.8698847698092633,0.0004877338977311269,B0005,73,24,1.6065631397488385,0.865377875300024
3131.625,2.6403185448373043,4.198732430468704,3.5226805646793737,0.2308516858920289,1.8439309256979097,0.55808625680976,39.69929058154853,32.51218336210202,3.891619549464346,0.0004976374520037998,B0005,74,24,1.6015142233917594,0.8626582682073706
3121.907,2.69892986372897,4.198799630396931,3.5246734587890085,0.22588557047078087,1.8371650795865604,0.5677590439977344,39.56076309770468,32.45692821941515,3.8766030921125143,0.0004804338395307616,B0005,75,24,1.590369231400328,0.8566549999565575
3122.125,2.6682466504352997,4.198753541225669,3.5213155754526824,0.22872630381164663,1.8316434831262063,0.5765566159953615,39.63708096307912,32.447059186431154,3.908550011615665,0.0004902132011980202,B0005,76,24,1.5857889968242211,0.8541878490754121
3121.672,2.6479207279724903,4.200309982421394,3.51803386486462,0.23152662212104436,1.8311750591767433,0.5765630925961482,39.43977047692484,32.32889654966259,3.855211683864974,0.0004972941598120826,B0005,77,24,1.5849430707374117,0.8537321895986371
3120.86,2.6741633856529066,4.201124089732316,3.5236841955396794,0.2295228480555242,1.8433261115953903,0.5588856525373186,39.83902225625452,32.84488475360107,3.7987370071445623,0.0004892756176436653,B0005,78,24,1.5955263892495937,0.8594329115068512
3103.828,2.6892528956736257,4.198150316653697,3.519146638240668,0.22754368748819617,1.8298408761937657,0.5779989594971418,39.41794949618613,32.31731555011648,3.8699714596599026,0.00048614079806615296,B0005,79,24,1.5747301747801037,0.8482309964083233
3095.094,2.688809122993162,4.198524048997099,3.516233648608237,0.22767764621364045,1.823708460193854,0.5876608736172136,39.262781682151214,32.06376130177751,3.9497881090835048,0.00048777676090094093,B0005,80,24,1.5649019950937946,0.8429370312695895
3095.781,2.6743555987897745,4.198840869468569,3.514773138461639,0.2288190587510357,1.8177240286719039,0.5959525288133745,39.47237839941986,32.21997626855924,3.9859287031280872,0.0004924396366147328,B0005,81,24,1.5597659473370362,0.8401704907053152
3094.328,2.6430294964336345,4.198119631667182,3.5132992979150073,0.23177314415834077,1.8179607964048694,0.5960315492186825,40.03754146951368,32.7120225448885,4.003671395289002,0.0005025615045442976,B0005,82,24,1.5594815668184234,0.8400173086716404
3086.531,2.6584858447131823,4.198320288264955,3.514484830704665,0.23095886806963914,1.8172828219040265,0.5966619329121747,40.14273016201157,32.945022147355694,3.9482168596298246,0.0004988883777780857,B0005,83,24,1.55468935359061,0.8374359751414074
3085.625,2.629782173759164,4.1980467610750285,3.5109677353595243,0.23330751651469486,1.8110596769358045,0.6050682193960979,40.1165626728546,32.857549597381336,3.974895856746223,0.0005082486003049186,B0005,84,24,1.5488741079890418,0.8343035835418967
3067.203,2.6622967647315545,4.199047008209673,3.510935874957801,0.23108659705635715,1.809523960162879,0.6066609022042898,39.87503330866132,32.629663328789654,3.957103206700604,0.0005010265846369212,B0005,85,24,1.538236598942558,0.8285736718133293
3058.157,2.682380966742509,4.197669918520713,3.509393098217416,0.22920883095192396,1.8026791040807892,0.6155723080358282,39.61961987024145,32.379859014262976,3.9942785032575556,0.0004954908959148285,B0005,86,24,1.527914258251028,0.8230135260370757
3058.812,2.640189476892272,4.197600624105256,3.5066782411556563,0.2328002385953969,1.8032065293561197,0.6155683851214282,40.067324667444815,32.68215852457039,4.067616385715316,0.0005091555634059838,B0005,87,24,1.5285252629756445,0.8233426447360579
3058.578,2.693769409137257,4.197985718630326,3.5109885623008092,0.2283329552029984,1.7966214118109363,0.6233268223437067,40.24716716520102,32.99387423636739,4.014427615224501,0.0004918025008657843,B0005,88,24,1.522647325284378,0.8201764839394089
3049.328,2.695787450704935,4.198164128530042,3.510305462695178,0.22846049187380552,1.7960332728517656,0.6241039814272211,40.30253125568348,33.045397072111655,4.021693159548484,0.0004926910708933598,B0005,89,24,1.5174859938489869,0.8173963242800902
3177.219,2.6920548172137724,4.222920057935785,3.5222215314850214,0.23489696038406022,1.822944713643187,0.5888438969808087,40.09418103142496,32.856295641052824,3.9869755185067453,0.0004818255338149535,B0005,90,24,1.605818899130659,0.8649769888680269
3082.937,2.629071246219689,4.200423045909808,3.5163492154331264,0.23460822575957183,1.8294710216423313,0.5797831798249052,40.52238496316615,33.33950238056361,3.9343175903209366,0.0005096931269403558,B0005,91,24,1.5638491446744425,0.8423699116610505
3074.266,2.631343871050918,4.198372063670128,3.5134397623234963,0.23373674328687408,1.8163541106104555,0.5975160524120299,40.56886357314186,33.35156485472646,3.957691112307074,0.0005097243350507763,B0005,92,24,1.5480915247767786,0.8338820438085877
3066.0,2.6983970036642315,4.198353213898968,3.515137522009075,0.2275911231966178,1.8034084947236912,0.6146488700388811,40.27804845768325,33.147486361012966,3.9578133785880008,0.0004892225082305076,B0005,93,24,1.5323755631868592,0.8254166152720489
3056.437,2.6338485871981514,4.197873789078739,3.50830390643132,0.23352522351086794,1.8027403040636887,0.6154351661324997,40.2921849196155,33.007275861749356,4.014446036089789,0.0005117151774699061,B0005,94,24,1.5269528268489705,0.8224956494324318
3048.219,2.671566207861818,4.197955644238241,3.509190808443004,0.23018953113289325,1.7959087273263283,0.6242208977464667,40.184384347174266,32.91990812745461,4.025241024870741,0.0005007479568811896,B0005,95,24,1.5169573017136326,0.817111543392579
3039.218,2.6540810507928123,4.197918434710392,3.5068097579555353,0.23206199649358034,1.795435245909757,0.6250243814130796,40.320066232195046,32.99903328622305,4.050998027893404,0.0005079719138007143,B0005,96,24,1.511897596014269,0.8143861246029738
3039.047,2.656849703962618,4.197739340034368,3.50609090727422,0.23177324893998671,1.7893867442508242,0.6329113600589846,40.33650561265159,33.03772281691292,4.0492038855929415,0.0005070305382153516,B0005,97,24,1.5065638960681105,0.8115131183620761
3030.375,2.6363048614501152,4.19785490446139,3.5037157727265953,0.23381247270066655,1.7884515415769178,0.6336932901818557,40.43267631588412,33.07740307192613,4.064929719691631,0.0005152992758359195,B0005,98,24,1.5015453526671363,0.8088098717121405
3021.0,2.69951692300468,4.197306756122815,3.5067479961367156,0.22817625044492165,1.7816042586946859,0.6422685276575631,40.314538591575015,33.05467981523988,4.05212485884663,0.0004957927286058045,B0005,99,24,1.4908444050400238,0.8030457886878685
3021.75,2.698216006032282,4.197528212001444,3.5058813026542324,0.2283393623825587,1.7753188621341638,0.6495963923110446,40.386661855917744,33.11570360624461,4.062986369233261,0.0004961734776103787,B0005,100,24,1.485868384561201,0.8003654470798279
3012.265,2.6911707598773864,4.19743662221161,3.504168333530808,0.229234886610025,1.7743163650866025,0.650605292345546,40.43384612547835,33.12942148982365,4.077354116316541,0.0005000442731081839,B0005,101,24,1.480413677976106,0.7974272604140162
3002.641,2.690162319231471,4.197717228550219,3.5030568931470634,0.22962412070328486,1.7739323101229758,0.6515580271350727,40.44479269068758,33.130681310493344,4.0863537678233515,0.0005020763085959153,B0005,102,24,1.4752095869031632,0.7946240682056632
3012.0,2.6355034454892072,4.192454851360723,3.4982324882487936,0.23355982041117498,1.7809908306486097,0.6431685362012666,40.58499656066617,33.20069210329718,4.106027526051399,0.0005169161374075417,B0005,103,24,1.4859035988304024,0.800384415303801
3020.11,2.6594753656507684,4.202845001527377,3.5065859365661325,0.2331416663559091,1.7879638259714314,0.6345911488870849,40.99869158762305,33.78697527817091,4.007605012301655,0.0005110309345939747,B0005,104,24,1.4960918298136696,0.8058723226653156
3002.172000000006,2.644554999824577,4.197952808231904,3.501457140697961,0.2338907608197367,1.780299388544082,0.6440527986671175,40.997807625227495,33.673365085761986,4.071885900932784,0.0005174246540195979,B0005,105,24,1.4808005946928984,0.7976356737393389
2992.703,2.6719601666204564,4.198017952345714,3.5016583871628097,0.23145672397193165,1.7731170790561723,0.6524516738316898,40.84213757482493,33.535818118317145,4.078202597739051,0.0005099262391641462,B0005,106,24,1.4697543268466824,0.7916855834115801
2964.468,2.6598211033173382,4.192162800008929,3.4966186408455298,0.2315978911633851,1.7707046619097417,0.6549342280697262,40.69012464267011,33.32269982188509,4.108909359845417,0.0005169027618755173,B0005,107,24,1.4539012274845928,0.7831462853887026
2983.375,2.688360455508818,4.196993378341778,3.4991645719433246,0.22983938603487397,1.7601011563823776,0.6679508368259194,40.69938049882204,33.346230327490304,4.125201025627036,0.0005056799506709549,B0005,108,24,1.454146206723569,0.7832782438583529
2975.297,2.6376728619288525,4.197603515102162,3.496080777360074,0.23463832033648271,1.7656363959382297,0.6616786486324676,41.06026204078849,33.64948900485925,4.136584939081763,0.0005242940967484285,B0005,109,24,1.455023751906683,0.7837509350133122
2974.9850000000006,2.645120521151077,4.196406678544622,3.4959014526388,0.2338027128281173,1.758865606625853,0.6687266610546446,41.19696040482682,33.79269513542103,4.133532809546796,0.0005214433543004569,B0005,110,24,1.449042163761236,0.7805289427291895
2966.25,2.698012437629632,4.197098662004674,3.497586979902671,0.22950556866575983,1.7517161303689361,0.6768504606398591,40.84446688602949,33.52446663707275,4.11363564224657,0.0005053809437421127,B0005,111,24,1.4386709371480566,0.7749424644709049
2956.359,2.692894277298908,4.196909312093871,3.4956989619989507,0.2299778752335828,1.751329545286535,0.6778089310398724,40.764203830749366,33.39042251934235,4.1541558765163265,0.0005087389707389946,B0005,112,24,1.433445432156979,0.7721277376203589
2956.344,2.6483923655058117,4.197105220217278,3.492875380810072,0.23378302547155907,1.7512146419396462,0.6777845296844981,41.11212504270441,33.67370212742761,4.1706716664879915,0.0005238608411982726,B0005,113,24,1.4333958900838095,0.7721010517012334
2956.406,2.6832134764262,4.196244829545076,3.49551076423368,0.23062957343481494,1.7446714395475946,0.6847607071642965,41.27256611507568,33.91080564765892,4.137300688738041,0.0005117806394381814,B0005,114,24,1.42806487344776,0.7692294908297355
2947.266,2.684960445221862,4.19680260180666,3.4942333590450834,0.23088390043863466,1.7436703980732875,0.6856107995602148,41.15574924454392,33.7850680599871,4.150856720299476,0.0005129642714925625,B0005,115,24,1.4229203181741186,0.7664583676775117
2937.984,2.669922120529456,4.196227405416926,3.491197414255986,0.2322965366171324,1.7425866396406444,0.6864551246971705,41.03237216951879,33.61126807392732,4.179356162123873,0.000519507691290174,B0005,116,24,1.417429032731308,0.7635004777498813
2929.125,2.664105530655056,4.196558172556389,3.488909408157623,0.2329264823133463,1.7420413740670528,0.6873590734902753,40.937269906716935,33.45598581472246,4.218332273064343,0.0005231776185384144,B0005,117,24,1.412409228794446,0.7607965521102183
2928.454,2.634098605983684,4.196870541112335,3.487376295811431,0.23539887207666607,1.742181032221019,0.6875051365558638,41.240704611971786,33.723267448788484,4.231454454147407,0.0005336508393605127,B0005,118,24,1.412578792940193,0.7608878881159706
2929.375,2.68378702970616,4.196795527524874,3.491994243745711,0.23108854744939497,1.7358994681512463,0.6943159776436494,41.43649987692296,34.05007636985734,4.175686713253002,0.0005164953267569753,B0005,119,24,1.4075983731469897,0.7582051768100097
2946.031,2.660031949282934,4.189287343772767,3.491585878898649,0.23180346075829492,1.7568416780989415,0.6714732856631752,41.16703904201915,33.889346908026745,4.079481069177857,0.0005190900552267891,B0005,120,24,1.4333920485221476,0.7720989824377315
2955.438,2.650011641082063,4.201144545237731,3.495576227046425,0.23434594414669577,1.7573416780114148,0.670470753068491,41.36216559728765,34.067648550088656,4.092357210586221,0.0005248402788878223,B0005,121,24,1.4382550176792908,0.7747184287655713
2937.625,2.6936969083341418,4.196925753814179,3.4938988589692483,0.22991162204202661,1.7428335857439647,0.6865194309376123,41.02198772703674,33.75168100943646,4.110883540199987,0.0005117157041760053,B0005,122,24,1.4173547174485526,0.7634604477007024
2929.078,2.697073130067154,4.196901090271507,3.49159162968384,0.22969721453384803,1.7353504197544476,0.6942110755743051,40.78818812957494,33.46482299584788,4.151137870234011,0.0005120478048738727,B0005,123,24,1.406981663677643,0.757872985240904
2918.375,2.6806995515145213,4.196688955833435,3.4885729299834787,0.23125162530471471,1.734492159826255,0.6951995577174046,40.81506138506309,33.40210697922146,4.19275303562131,0.0005194635385510475,B0005,124,24,1.4012037783587623,0.7547607178190571
2919.812,2.6695398084864568,4.196339302740304,3.4869021151089825,0.23209353799352606,1.7281729028527344,0.7019014538606857,40.85837421987642,33.410688917712235,4.209174773545208,0.0005229102059495088,B0005,125,24,1.3967008232726328,0.7523351936621818
2900.422,2.671695307817951,4.196181412764837,3.4855485210036417,0.23241327259559025,1.7327380581794602,0.6971151327731856,40.839876773287166,33.38984948261314,4.230845084468809,0.0005256083786934749,B0005,126,24,1.391284788852726,0.749417837821699
2901.375,2.661289185949965,4.195770804194879,3.4838912547260388,0.23297198966112082,1.7261256572869232,0.703886857816643,40.85376069244676,33.3700433438796,4.235178255967476,0.0005288808300357292,B0005,127,24,1.3862287677978349,0.7466944037718939
2901.187,2.667817533540102,4.195456241846729,3.483198941484065,0.2323856820123224,1.7195921297098775,0.7104668531444471,40.74795214258888,33.27215987470977,4.241000961953222,0.0005265564433821837,B0005,128,24,1.3804366761974138,0.7435744841131501
2891.64,2.684008069130594,4.19654355365607,3.4836274447098883,0.23137348858328963,1.7186729733031645,0.7113676021976822,40.68794001196382,33.222444215660225,4.2501130602835255,0.0005230718500662169,B0005,129,24,1.3752364150256224,0.740773354887346
2882.906,2.6585256208771644,4.194357133255019,3.480172442538601,0.23326911304838618,1.7177612585976265,0.7124056384565024,40.7810749453613,33.26207748383125,4.277641795434458,0.0005327372839689724,B0005,130,24,1.3705128024895008,0.7382289732324249
2883.265,2.6372250579822927,4.195863681881766,3.478452148610975,0.23529509458933892,1.7177329322613766,0.7123711774622362,40.88159339768709,33.312029905516525,4.292591322494262,0.0005405811203269466,B0005,131,24,1.37050855662704,0.7382266861916331
2882.969,2.6514257735606432,4.19558455466442,3.4785782556105507,0.2340977087570062,1.7110353118434487,0.7188905808244842,40.81191473576834,33.25287943255863,4.295550781739389,0.0005356140773986044,B0005,132,24,1.3647355108681518,0.7351170256067291
2891.656,2.676384659108382,4.188483624251573,3.4825195584604582,0.2303412402483575,1.7185210755483786,0.7113567604456632,41.11793533148924,33.745054045019884,4.202889400820959,0.0005229179975568293,B0005,133,24,1.375392016895762,0.7408571700903982
2901.25,2.694913850281781,4.200346502821317,3.4886823636752835,0.23089056285952433,1.726125961990839,0.7038744793347069,41.248795355864885,33.88841975386692,4.179754192749102,0.0005188910478378408,B0005,134,24,1.3861115151535393,0.746631245442362
2891.703,2.6973343716306277,4.1981749992980655,3.4858502383832755,0.23006365836911544,1.7120885729908761,0.7179353870541485,41.16242984455477,33.7353756996425,4.227794403285872,0.0005190161740909899,B0005,135,24,1.369850003583894,0.7378719555127385
2883.016,2.642540259937964,4.195715092938243,3.478794177297151,0.23453996495323506,1.71106364626804,0.718958825448486,41.16437554618679,33.59131052719714,4.2998879259268605,0.000538732644217125,B0005,136,24,1.3647827949260758,0.7351424952422321
2873.453,2.699226257883075,4.195755769877104,3.4812826020756744,0.2300023006876262,1.7035375089466078,0.7261350709010572,40.86421618020504,33.32366688599416,4.304812751957254,0.0005208122464484471,B0005,137,24,1.3543220466259964,0.7295077959801873
2874.031,2.676480329780849,4.195911764444989,3.480352041587074,0.2317297204267771,1.7036071702962703,0.7261255200500852,41.25434553511566,33.691961507697364,4.31574242975211,0.0005286760771418749,B0005,138,24,1.3546417018378962,0.7296799787853684
2874.234,2.642142168479886,4.195824004004723,3.4781127815565127,0.23459878147822352,1.7035685717882711,0.7261927106408511,41.45023191903855,33.887639684793655,4.295124326827549,0.0005405550959054959,B0005,139,24,1.354703921319241,0.7297134934112404
2864.984,2.644725254926797,4.196258226051591,3.4765867130506134,0.23472415799026072,1.7024649079473726,0.7271963725480504,41.27708509224051,33.67308060941856,4.312372122291412,0.0005415503092250407,B0005,140,24,1.349314997503458,0.7268107407422197
2855.093,2.632270655366611,4.196612664794988,3.4733769291841643,0.23613516344527882,1.7015205789200152,0.7281857691771746,41.06460515498328,33.411988203265814,4.3503298158528745,0.0005479128033406888,B0005,141,24,1.3441891937970554,0.7240497181525037
2855.625,2.639100611887612,4.195850781215982,3.4726366397371127,0.23522618557771546,1.6950971191972488,0.7344372018137857,40.99284868101728,33.29926524979532,4.383418569909821,0.0005451521713559622,B0005,142,24,1.3389913790695755,0.7212499067079483
2855.594,2.637841830893275,4.196002392961924,3.473439372740961,0.23518545064249638,1.6951381657999567,0.734585983051643,41.29040553417739,33.59980731390034,4.392328250913705,0.000545651994670338,B0005,143,24,1.3389145230206971,0.7212085080709221
2847.437,2.668286095904868,4.196207586734141,3.4754777099091454,0.2330705684131052,1.6938434166682605,0.7354689925357166,41.22740227746052,33.61961195858585,4.338670129504859,0.0005365953630683567,B0005,144,24,1.3340066759761655,0.7185648881952922
2847.36,2.649019812683856,4.195534582569042,3.4722884821666766,0.2344914419346953,1.6870685008325677,0.7415851287826865,41.04619550953222,33.3945201718652,4.362978312767737,0.0005431398804103402,B0005,145,24,1.3286444309174914,0.7156765060826297
2837.328,2.664058512378051,4.1957439573980455,3.471373665098864,0.23373399463291314,1.686176897624517,0.7424924825982919,40.85874389007758,33.16734508187535,4.396926521936369,0.0005398337608552816,B0005,146,24,1.323170899227622,0.712728179243196
2837.281,2.6883611693898826,4.19586805747139,3.4726160162875095,0.2317139516350819,1.679631387412014,0.748582137643656,40.79196924883506,33.10962161613893,4.41986750838384,0.0005313209682373751,B0005,147,24,1.3181691588445197,0.7100339835664495
2838.515,2.6869753836302124,4.195347750909715,3.4738146874457896,0.2314553175547566,1.6799130549815409,0.7485850087789214,41.14127834456325,33.46501751186519,4.421316685012411,0.0005313948903844097,B0005,148,24,1.3184664436640334,0.7101941165230105
2828.328,2.6507536817766586,4.196065828878837,3.4701426486639693,0.23472522386577235,1.685291571472848,0.7436094949432628,41.14429319149828,33.442619101404404,4.413244527457184,0.0005463694971383016,B0005,149,24,1.318293040102702,0.7101007124097442
2838.265,2.664632278910652,4.184534803011309,3.467523652225441,0.23031267169577166,1.6864392611782657,0.742699708166954,40.66184230912503,33.037928170775885,4.386204166697604,0.0005355040928527313,B0005,150,24,1.323872422244268,0.7131060557689289
2864.547,2.6400211837268666,4.201240476440081,3.4767525840839255,0.2357905002938202,1.7159024738365058,0.7144427816141539,41.04669454497069,33.4949493613756,4.305586010367695,0.0005450143749476668,B0005,151,24,1.3601216766554785,0.7326317762261327
2846.39,2.674198661305034,4.195703567262997,3.4758956827369127,0.23179732230772573,1.7008216421492013,0.7291151445089201,41.0462053156659,33.491363029025784,4.32784204876172,0.0005345384525514647,B0005,152,24,1.3395306867947354,0.7215404057003532
2837.969,2.696427051131168,4.195744519551191,3.475812179626641,0.230210121933629,1.692959623824647,0.7364338291637691,40.8683026432256,33.329808599922345,4.333758871819628,0.0005283064996199827,B0005,153,24,1.3290286565120697,0.7158834698305494
2838.156,2.692834029769684,4.196363050482315,3.4746554404904435,0.23072335808814123,1.6862374025220273,0.7424864961453159,40.85283588259973,33.27302769298771,4.349581048227314,0.0005297555950809719,B0005,154,24,1.3236741274998955,0.7129992439790139
2829.843,2.681747855329962,4.1957929878569455,3.472301781313945,0.23174255819209505,1.685131143949628,0.7435399967220515,40.85270645265791,33.229879126701434,4.379787483962863,0.0005350279618081227,B0005,155,24,1.318633896753293,0.7102843154047167
2829.625,2.696791414385091,4.195797286482793,3.4729305773503527,0.23047543951511296,1.678558960713055,0.7496761502853768,40.8263251809212,33.20860833999321,4.382878242170265,0.0005297542508628182,B0005,156,24,1.3134751321324272,0.7075055383642602
2819.437,2.664695973142795,4.196349384378125,3.4696192030612285,0.2335360160165041,1.6840474088907802,0.7445960213712677,40.90308836809665,33.236115055926255,4.404775791883327,0.0005432479644820334,B0005,157,24,1.3132020634442203,0.7073584494666222
2819.579,2.679191623358613,4.195609431921248,3.470018470757559,0.23228852507704872,1.677449503040883,0.7505605416977018,40.84337405460518,33.18660088296571,4.404907887710141,0.0005378171026818667,B0005,158,24,1.3077959946944353,0.7044464616507271
2810.672,2.699983457940659,4.195339917236225,3.470762691935286,0.2308019513459115,1.6764769465467926,0.7516176435891503,40.81792110626284,33.174058099115534,4.411306071753255,0.0005320280912520444,B0005,159,24,1.3030329186405918,0.7018808229071345
2811.485,2.666300786624286,4.19540205700612,3.468111467035994,0.23331018641197845,1.6763557084011524,0.7517436538938813,40.94699384765951,33.253984518546055,4.427871113189618,0.0005438767307603756,B0005,160,24,1.3033573559038203,0.7020555815721221
2802.422,2.630850137384784,4.195685302232799,3.4648625780221494,0.23628874196780142,1.681903812546276,0.746584253597631,41.07493805830632,33.3198093248819,4.45616896832992,0.0005583866972383227,B0005,161,24,1.3034100438655642,0.7020839620292979
2801.625,2.673348140468748,4.195561297751176,3.467864133752208,0.23302321568608483,1.6751538331374711,0.7525885467596862,41.02476444658572,33.33765795318199,4.4254755609730445,0.0005433322294320004,B0005,162,24,1.2978870806495706,0.6991090088170862
2802.031,2.632763831012711,4.196066962029683,3.464021404592563,0.23624354348512958,1.6753870332687708,0.7525319551025338,41.06214198725253,33.29076744042025,4.460361481288742,0.0005579178570890086,B0005,163,24,1.2980735056918902,0.6992094269724849
2793.39,2.6687371180046218,4.196640912532072,3.4664623858156745,0.23372068251081674,1.6745175551626736,0.7536330177139229,40.98366325567302,33.27568841807217,4.4472584614231145,0.0005469711692701162,B0005,164,24,1.293463613844243,0.6967263011532884
2793.39,2.696396337945361,4.1956235749123225,3.46850906693551,0.2314029145517178,1.6675147261111667,0.7596001781255713,40.98234242711097,33.32067807371405,4.426706986188569,0.0005367053068017576,B0005,165,24,1.288003392619118,0.6937851440175623
2792.485,2.6794834862925194,4.195862008850563,3.466806213058136,0.23283528586038774,1.6675463612314736,0.7597819048216984,41.06375085817118,33.37314972896719,4.4402101897562565,0.0005430211881381793,B0005,166,24,1.2874525221379407,0.6934884167276276
2802.016,2.6787137407179737,4.18482689434833,3.4710707220080397,0.23018035235448406,1.6889369086237116,0.7405463272055882,41.047029587744966,33.71351889594897,4.1601813758988975,0.000537510547273947,B0005,167,24,1.3090153642307354,0.705103277055252
2820.39,2.655378369801326,4.201968615940368,3.475472204020004,0.2359864959610258,1.6980469256755544,0.7323499417308401,41.051007697556734,33.86531768239223,4.0158899425305155,0.000548360420416695,B0005,168,24,1.3250793286429356,0.7137561578838875
3690.234,2.4757677568281857,4.179823027658306,3.556946061827572,0.22659516743494124,1.9905377543149845,0.20196779841989526,39.16298653238707,32.14277785992152,3.460482103329405,0.00046177431318179823,B0006,1,24,2.035337591005598,1.0
3672.344,2.35152551190002,4.177288238505559,3.56147580138708,0.232007656013251,1.9902775421457088,0.20242633247183922,39.2462026826329,32.29307515705474,3.4041149732897646,0.000497165496098824,B0006,2,24,2.025140246031412,0.9949898508143076
3651.641,2.440479715106544,4.1781213228923,3.5667524696413215,0.22412437745286973,1.9899467848963859,0.20299388166429705,38.999202460252846,32.24414709253608,3.3584336881539136,0.000475852255954448,B0006,3,24,2.013326371345464,0.9891854698908897
3631.563,2.479155853900392,4.1785623580417175,3.5687953371516272,0.221550832457731,1.9896029706719567,0.20348113524595676,38.84362777186652,32.14711742429942,3.3496197223229025,0.00046795457056405886,B0006,4,24,2.0132846655407413,0.9891649790372313
3629.172,2.280187848173442,4.17824995156942,3.563970503289941,0.23564320726845062,1.9895483606575701,0.20331860001790622,38.97798888258284,32.06687277315468,3.3443642605651402,0.0005230014183389428,B0006,5,24,2.000528337624771,0.9828975529491258
3652.281,2.4392842568466446,4.193216523251186,3.5735512387791406,0.22605946144800437,1.9901040351037365,0.20281609285991453,38.83989920742278,32.03447836207717,3.415454594833529,0.0004802292776499238,B0006,6,24,2.0138990759931645,0.989466850557287
3650.828,2.2812068449406446,4.193732603145628,3.571139134378589,0.23657745407695108,1.9900886222380374,0.20267701151353965,39.04610837498471,32.11157496697371,3.42691001505353,0.0005238608223134543,B0006,7,24,2.013101105626967,0.98907479256665
3572.453,2.366410527029613,4.176826628115461,3.5681507462163036,0.2274993356336564,1.9891170520197212,0.2050189264946674,38.87507521022778,32.112576242471775,3.3703235397811935,0.0005067711460684992,B0006,8,24,1.96878982627284,0.9673038197560736
3550.594,2.436020049578708,4.176369138969733,3.5692834155812436,0.22314682772269262,1.9892116643905464,0.20523988331929136,38.7260539826455,32.03566207329278,3.371384425426571,0.0004901571650802724,B0006,9,24,1.9681661764334244,0.9669974087497759
3551.25,2.1864377487643725,4.176897989902666,3.563388513484579,0.24088737299974916,1.9891927045376199,0.20539840877631152,38.98629728904917,31.99527968872302,3.394523330157786,0.0005604956680431661,B0006,10,24,1.9572307917560536,0.9616246466459876
3530.25,2.3406023605912454,4.177579509962451,3.566658719765511,0.22936050019477983,1.9891317699701738,0.20600307527378958,38.65978861919643,31.874127571841353,3.3882961535188203,0.0005203532750856754,B0006,11,24,1.9455991514129352,0.9559098009149796
3491.016,2.4263021374140443,4.177996110793395,3.5687035970122842,0.2251048512425194,1.9887805507702205,0.2071389883620146,38.84979195732924,32.120959708576166,3.3898942523037396,0.0005017719693577316,B0006,12,24,1.934750504484113,0.9505796547137971
3470.281,2.475369770000704,4.176316409477926,3.569207084156356,0.2222086735795376,1.9887320866401275,0.20785379099075302,38.75128344015104,32.11021168908644,3.3478201482830183,0.000490146659442628,B0006,13,24,1.9232799539368028,0.9449439554578114
3470.0,2.342364523655007,4.177992455010172,3.5659271296109383,0.23053100445580993,1.9887200290368634,0.20776622966478636,38.76853764058789,31.989061278918154,3.383361544574685,0.0005289994038487509,B0006,14,24,1.911889930948487,0.939347820920401
3450.297,2.188400081882664,4.177439981618572,3.5612417270649486,0.2410110335871966,1.9887874042287874,0.20826268455814262,38.84686112344348,31.878814448635442,3.4186775707748844,0.0005764836765460794,B0006,15,24,1.9010667141979305,0.9340301690486008
3429.407,2.1206980945954057,4.17561570814845,3.557881987836072,0.24519089656514692,1.9885910895930397,0.20860366122429952,38.8658897816528,31.767450711024402,3.451433805377802,0.0005992049393825358,B0006,16,24,1.8891989948061456,0.9281993331989462
3409.484,2.369981457799298,4.177602520456299,3.56282437243777,0.22962078821623072,1.9884996811951434,0.20943517500658584,38.647578733807656,31.78991634963658,3.43123882668235,0.0005301743790723173,B0006,17,24,1.878278372248849,0.9228338240050139
3390.422,2.247991649924625,4.176354539745044,3.5591953280168633,0.23690564233983327,1.9883511225658228,0.20990864873304446,38.79218188173866,31.82883467218067,3.4483480511518483,0.0005687678082021704,B0006,18,24,1.8675697161520208,0.9175724579573612
3390.281,2.4115317107898875,4.177450270459645,3.5580906165580983,0.2331295640738903,1.9774549866256104,0.25621926608657813,38.77022223929529,31.890449470827843,3.4619958105118203,0.0005208767531864638,B0006,19,24,1.8675892574453767,0.9175820589657847
3591.734,2.203355846859377,4.174584178175673,3.565899462157853,0.23728308706091564,1.9892449305971969,0.20431979126287392,37.54320599748628,31.51177053595285,3.111737397340728,0.00054882358529788,B0006,20,24,1.979626548250818,0.9726281070025072
3552.297,2.35887751155593,4.175224020262452,3.570814209348872,0.22637823643619273,1.9890474874073771,0.20564686643947197,37.90362577530197,31.874488497680712,3.1433492282840363,0.0005113160607647734,B0006,21,24,1.9575499080884025,0.9617814345585968
3531.578,2.218672914041916,4.177217300859919,3.5666817833633124,0.23523255201916135,1.988682950523383,0.2060295269510414,37.6701605139887,31.53911453638972,3.146461206843437,0.0005545805265572509,B0006,22,24,1.9458150170787551,0.956015859814876
3492.907,2.339723057947995,4.176681511062203,3.5668392745025836,0.2281830366803388,1.9885503931265136,0.20722292411249502,37.34166959188387,31.220866832188786,3.166647843797372,0.0005259110686640691,B0006,23,24,1.9242461121680092,0.9454186473396279
3511.594,2.399750820894273,4.190384318239257,3.5710519693928755,0.2280809535935375,1.9885639445355097,0.20649979709319166,37.28979017254232,31.119005145018026,3.1995376362326815,0.0005099204228464293,B0006,24,24,1.945981133142164,0.9560974757905957
3431.9370000000054,2.491410879472442,4.176973413125379,3.5666308474029793,0.22128943273533605,1.9880563928902786,0.20878760829678886,37.16794481484507,31.033244078156734,3.1869467330145045,0.0004911402900615407,B0006,25,24,1.901407930553079,0.9341978151219875
3431.125,2.1387303309558976,4.173452155236546,3.5527392240854914,0.24828702085454257,1.9772969675547487,0.2550510279652047,37.51577848501052,31.001249222460967,3.2606195581222037,0.0005930188565792992,B0006,26,24,1.878674213680085,0.923028308415357
3412.406,2.346064498302046,4.1764585468168685,3.5560959755046615,0.23569232950784283,1.9771693646864965,0.2558583155228212,37.24165964092258,30.92143474404136,3.2603290625274854,0.0005363939837507092,B0006,27,24,1.8683061328264217,0.9179342734506017
3410.688,2.327337743316428,4.17626102066065,3.5504500858303394,0.2412668680951192,1.9660409689641982,0.29450312561714015,37.27233216178077,30.929360248207214,3.3032319287828322,0.0005420968664809629,B0006,28,24,1.8560244070083,0.9119000283836428
3410.718,2.486311723336632,4.172855540858831,3.546007083640312,0.23609522141797626,1.9446151093535715,0.3586016419187317,37.2071345030198,31.00810965793079,3.350198217171354,0.0004944835127155628,B0006,29,24,1.8451997961855775,0.9065816915777204
3392.719,2.292166351092089,4.188187801734904,3.554257954720065,0.24338241655362303,1.9769353023702758,0.256447347748233,37.49607769896255,30.96779499306422,3.32584313652063,0.0005588501289505012,B0006,30,24,1.857228890885317,0.9124918141799352
3470.672,2.434300686181212,4.189991619197343,3.555857469677978,0.22108351984586955,1.9997552547832569,0.1472028740367492,37.25007396118109,31.10097217303459,3.257556158436867,0.0005058648391481912,B0006,31,24,1.9247760889090637,0.9456790349742868
3414.109,2.472619908000758,4.186982490201218,3.5537306734803207,0.22399671363615298,1.988435645814164,0.20929021211044535,37.39699052067588,31.307368922041046,3.1608777252524325,0.0005021405532747958,B0006,32,24,1.8822317526092551,0.9247761948322795
3395.219,2.403422072720937,4.186483106541616,3.5452650003621513,0.23247375361023506,1.977131099996694,0.2563264313075085,37.2852066420257,31.131339987164562,3.2155976804497683,0.0005251681949885056,B0006,33,24,1.855276687885587,0.9115326597829658
3386.0,2.4006679782182205,4.187721936001791,3.538408778928339,0.2365736558729295,1.9657121749650674,0.29554802948297276,37.080390421974414,30.828713779105055,3.2777039187636885,0.0005277773059018224,B0006,34,24,1.839250891718188,0.9036588818710268
3368.187,2.3194299432177345,4.184171356892756,3.5297688311332673,0.2442494192305717,1.954259908493909,0.3305000380987914,36.98024266357476,30.761533072057244,3.2678008907923575,0.0005536335760677842,B0006,35,24,1.8185396073994429,0.8934830346748316
3368.266,2.340173173498008,4.186779863144672,3.5300676840423306,0.24464747529573896,1.9490645317083881,0.34612706167116436,37.59874124546701,31.303056929415803,3.330333840166229,0.0005482365970047091,B0006,36,24,1.8134770059567056,0.8909956824708977
3358.719,2.382960351080877,4.186482965601712,3.5248882875629555,0.24409981280453605,1.9373603063774296,0.375564352806367,37.33680914521836,31.06432144678013,3.3589789210752614,0.0005369674017150095,B0006,37,24,1.7971018450305436,0.8829502550201761
3339.5,2.351855540704836,4.184741677172267,3.5190926887152725,0.2470108336078659,1.9312656076137356,0.3903218802438119,37.39499820465976,30.96654665282149,3.405561379159742,0.0005488504675752152,B0006,38,24,1.7810046294120476,0.8750413873759919
3331.265,2.3535104841115886,4.186114015167315,3.5151810230271,0.24818050170469888,1.9254165161128032,0.40380577109816845,37.35233964342659,30.826455697992966,3.478841194299048,0.0005501224102722919,B0006,39,24,1.7710130422682329,0.8701323309187394
3321.188,2.3948058223938364,4.186378094589789,3.514029112834162,0.24655146399647063,1.9198513516096092,0.4172284732843008,37.58677381866742,31.080769482413952,3.5295914237358272,0.0005394371749494315,B0006,40,24,1.7604712448170945,0.8649529456915791
3321.844,2.4418858444380294,4.185742966026202,3.514139684003936,0.2441467401802066,1.9087413975281489,0.44113004166820713,38.20704456989348,31.69428781742534,3.546320227143556,0.0005249665913234255,B0006,41,24,1.7502913788006589,0.8599513842496731
3311.828,2.391848815367812,4.18499542353586,3.509578354212467,0.24857815752130533,1.90276801874341,0.4529868518407547,38.340431886092745,31.875581783696685,3.531071691751329,0.0005414371181619482,B0006,42,24,1.7394925037732578,0.8546456919285944
3327.391,2.3166154227865463,4.175622772952551,3.5110708693292705,0.2579982816753887,1.9093310200805393,0.4400915130371561,38.521539672721865,31.543288143901563,3.6448551223183854,0.0005586981963243888,B0006,43,24,1.7546766553637203,0.8621059538809914
3312.078,2.4110989960643794,4.191704957733779,3.5159179315855056,0.2463333931364589,1.9306457089007383,0.39190677456307443,38.03707160241571,31.420983409991024,3.5131374840074017,0.0005376099118648171,B0006,44,24,1.7659390941842177,0.8676394038945261
3293.172,2.4510125175432287,4.185468369564667,3.50585340727078,0.2446594488840512,1.9071188100787417,0.44281464745863436,37.9342856877206,31.15837149963786,3.6307984822503823,0.0005266824362716063,B0006,45,24,1.7337887419624838,0.8518433254632082
3275.328,2.471216186082459,4.184201889006967,3.5010379345914444,0.24386408714192456,1.895357624914609,0.46673029659481907,37.88470784051604,31.156614216998822,3.674116149301383,0.000522996690079439,B0006,46,24,1.713325912040734,0.8417895486292435
3265.016,2.470968641396993,4.185838836583766,3.4974076626364967,0.24494709784455085,1.889289515930022,0.47832383030276837,38.065368726791895,31.206611383963256,3.725256451163965,0.000525225663576158,B0006,47,24,1.7024077813673466,0.8364252637451849
3328.937,2.4288023941361625,4.1729165619005535,3.5388872766749144,0.23131188059689844,1.9819436190557278,0.23672028763213537,39.788440481350335,33.61169282822636,3.1588361296903895,0.0005239252553485966,B0006,48,24,1.82371946178183,0.8960279954741002
3329.266,2.3551430866643166,4.186982012423103,3.5327430295356828,0.24214221411645204,1.9653354524512165,0.2979940193524339,39.21290317800791,32.85630077141311,3.306080491804145,0.0005502230599053324,B0006,49,24,1.8081284050314708,0.8883678132914206
3301.579,2.365933525789291,4.186537777937825,3.521214759733266,0.24555349683837133,1.947074974419259,0.34938584766268915,38.66937823121345,32.210981559158874,3.405417290441413,0.0005514344052189978,B0006,50,24,1.7757610945034283,0.8724651391251901
3283.563,2.3481961394586457,4.182282350256796,3.5093111439506677,0.24899377647718807,1.924171876472179,0.4067260313207881,38.5170065164806,31.965090081650274,3.5251960799859563,0.0005585658660419032,B0006,51,24,1.7447409841836798,0.8572243699983239
3275.125,2.46945948630322,4.185961817428056,3.50716091973708,0.24280577853247837,1.9124874175496662,0.4322143220789802,38.29250529949152,31.744801840189538,3.5808695827181833,0.0005241028452730311,B0006,52,24,1.729207034132373,0.8495922454210777
3265.656,2.4666715880697576,4.1836566973224585,3.500928918686389,0.2434099534316563,1.895029520195036,0.4673542946370724,38.52091685291118,31.876564068962466,3.6611318145693543,0.0005257703534152712,B0006,53,24,1.7081086552553244,0.8392262113192732
3266.093,2.448293126278513,4.184390004467988,3.4973019898820894,0.2457283668493636,1.8837083786913245,0.4888907870717545,38.95436345473558,32.24289319481841,3.6781626502883378,0.000531551574982548,B0006,54,24,1.6975954237461768,0.8340608610817466
3257.594,2.4745215382882586,4.184732708741646,3.4929038301187156,0.2442305229339009,1.8716858064147306,0.5095797963086984,38.73136385469604,32.07305565938816,3.6887475777432037,0.0005249921170205334,B0006,55,24,1.6820634524029463,0.8264297086813447
3248.593,2.469127855241356,4.185835940524748,3.4886592248223183,0.24525111740310898,1.8654906109841911,0.5198561299537608,38.74827601131975,32.030140929891196,3.753298153274914,0.0005284466491442271,B0006,56,24,1.6714768322295086,0.821228301199745
3238.766,2.4177173347922416,4.185703389994729,3.4822930804774015,0.2493099528019541,1.8592998515524075,0.5300198316846547,38.84227056628921,31.984935871368258,3.808549638797253,0.0005458826155401432,B0006,57,24,1.6607591387047655,0.8159624948921792
3240.14,2.3775131079338427,4.184887437252902,3.477575664197982,0.2518559097122119,1.8481564914191075,0.548413334088287,39.22138199620832,32.23677365476226,3.892060320120331,0.0005578074803308065,B0006,58,24,1.651121015038069,0.8112271017518528
3230.109,2.443723814618984,4.1845671326128535,3.4787436506489255,0.24779761665897748,1.8415790819015416,0.557997681605283,39.46651089916252,32.56097148037261,3.7900544759290833,0.0005389425923378652,B0006,59,24,1.640134925619093,0.8058294274458678
3229.7810000000027,2.4324278256917147,4.184590722398005,3.4740152461288862,0.2481747009528209,1.8297907910631264,0.5751157423612744,39.352653481724175,32.48984985901219,3.84133352416251,0.0005425020757464015,B0006,60,24,1.629199941616544,0.8004568622012264
3212.469,2.494085641889116,4.181227276564003,3.4718387718772696,0.2426141317087308,1.817104268059883,0.5929468346442167,39.31890647034385,32.42612199208859,3.8766686486961106,0.0005251853433215656,B0006,61,24,1.6088496302961666,0.7904583678923177
3213.219,2.382347172890769,4.182601669503782,3.463180130644551,0.25078402581186393,1.8111916679086204,0.6009029400250395,39.47196886600465,32.29984271249387,3.9335147567137776,0.0005602651100385667,B0006,62,24,1.6035244898969248,0.7878420253146665
3203.578,2.406668297987779,4.183991041340736,3.463469391967206,0.24915606885731165,1.811311276437818,0.6017330329219596,39.74009698783903,32.610757585145336,4.019624991187799,0.0005547930293418661,B0006,63,24,1.5989712144027983,0.7856049146190022
3195.125,2.4204142690378765,4.182425008087469,3.46021805164007,0.24908673342769072,1.803806490743987,0.6101401484213362,39.03600072360686,32.25699351958767,3.703720921329438,0.0005514684837211666,B0006,64,24,1.5876273123575604,0.780031440176547
3195.312999999994,2.4507845245525197,4.190985194174346,3.462574876665621,0.24697579942244166,1.7982499291189593,0.6179595053544795,39.16106395962828,32.47193402838835,3.793471851275018,0.000544610393292247,B0006,65,24,1.5829719744686166,0.7777441842886215
3186.297,2.393032881923072,4.181860480163402,3.4537077937586056,0.24885304995083599,1.78580087304261,0.6334214495366005,39.20051799483514,32.40219271195366,3.852045906363286,0.0005614126988916381,B0006,66,24,1.567137636713563,0.7699644735295673
3176.438,2.3938995980718403,4.183449364094532,3.4514035349888337,0.24921586467170181,1.7850805225230335,0.6343676505801568,39.15878418316098,32.30987415652578,3.8878323395505316,0.0005633825580800542,B0006,67,24,1.5613446139713882,0.7671182514739364
3167.593,2.4373294683003053,4.182943907496545,3.450781146333252,0.24567669681511736,1.7785916660457872,0.6423674423126488,39.18225956809825,32.35440526839345,3.909486737956909,0.000551085458010622,B0006,68,24,1.551171189279042,0.7621198547768461
3167.719,2.3705330061374523,4.182592999177517,3.446105572450592,0.2496218879250538,1.7728172928176642,0.649476448332482,39.38159156766375,32.4731363791227,3.9368523554362165,0.0005720393737702318,B0006,69,24,1.5406741606295171,0.7569624653118686
3159.077999999994,2.351294851260762,4.177556435498103,3.4418152533277135,0.2491351218055252,1.760208614752248,0.6640686265407737,39.44712875501599,32.52334649341759,3.944118240438528,0.0005780995544387777,B0006,70,24,1.5253138744624433,0.7494156650980108
3148.829,2.436845595522602,4.183199732433941,3.445008015985666,0.24515645977476566,1.7653145274643671,0.6581331964702012,39.40950590627068,32.518264823491045,3.9607536972711572,0.0005546043106536872,B0006,71,24,1.5301570318067428,0.7517952002501654
3149.094,2.39030487147494,4.183585552184287,3.441164687975023,0.24787050297865929,1.75938690367356,0.6650481558984446,39.48443326993031,32.5437072434024,3.982923213874706,0.0005694592415181467,B0006,72,24,1.524656683447409,0.7490927746753415
3140.547,2.4892160721496315,4.183170360974043,3.443620591429828,0.24096251553880949,1.7526794612983279,0.6725038807791314,39.4416762582387,32.56222309600736,3.981881796290782,0.0005393819257678397,B0006,73,24,1.5145492986655429,0.7441268246400591
3131.625,2.450611393803655,4.183501501534186,3.439943269617906,0.24353482853815808,1.7517143152603387,0.6735961746489575,39.53866201326228,32.58978020040808,4.006901350241861,0.0005533517288086956,B0006,74,24,1.509391504602082,0.7415927024943012
3121.907,2.4111946043456745,4.183243008796117,3.43602719305159,0.24596851697816463,1.7510543427437684,0.6743584689784855,39.5867547936938,32.57089563557426,4.0327209874459795,0.000567617294317365,B0006,75,24,1.5039974333050703,0.7389424928579004
3122.125,2.4609139768640715,4.182038001412004,3.436309312279291,0.2419346998100851,1.738897832675072,0.6874509637077447,39.49975288442087,32.537854347094196,4.026879910316419,0.0005512668533604301,B0006,76,24,1.4935201918040188,0.7337948251946333
3121.672,2.378420264362521,4.182440318401142,3.430470227771154,0.24765745345800494,1.7386366169147272,0.6873769126760003,39.9686395722832,32.656450905205084,4.10939554607939,0.0005779018596568187,B0006,77,24,1.4876323024497422,0.7309019933714036
3120.86,2.3844697219937414,4.189962701965466,3.4417311090871063,0.25106300976323476,1.787082486872537,0.6320275725189277,40.42668250871336,33.180785234653264,4.104845223221335,0.0005785241824278321,B0006,78,24,1.5302876214401704,0.7518593614163546
3103.828,2.448639661640692,4.181214475643097,3.4355429213552537,0.24421421592227435,1.7612939709674549,0.6624498698422442,40.02451449021777,32.71220835503141,4.1804474773347104,0.0005582058071524599,B0006,79,24,1.5040760088360112,0.7389810985080334
3095.094,2.362869757217078,4.182157933832856,3.4272336842373576,0.24910541250368623,1.7545734584319284,0.670202436100849,40.02167483360719,32.543943889007906,4.300357777310257,0.0005877973905205392,B0006,80,24,1.4887593608730894,0.7314557385723608
3095.781,2.479712742728869,4.1802491747767325,3.4307536518687556,0.2401828794282919,1.7364714851989516,0.6901823354136928,40.07821178158415,32.6655410721976,4.286040115468968,0.0005493077294704837,B0006,81,24,1.4782779285546637,0.7263060118809538
3094.328,2.460990256984241,4.182775550999248,3.430880434209888,0.24162483629887058,1.7371701742903358,0.690190075968576,40.56578932835109,33.160922870564626,4.294481063947168,0.0005564327033252479,B0006,82,24,1.478459982215684,0.7263954583009604
3086.531,2.4794507375590507,4.182970513713943,3.431984614031654,0.24075805090643415,1.7358343734980186,0.6909239625803982,40.75221353269305,33.414445545408455,4.249386110715685,0.0005519205140511765,B0006,83,24,1.473214844899973,0.7238184227571322
3085.625,2.421513989921717,4.182588389688278,3.426913589626702,0.24390409420958664,1.7297519223496336,0.6974543757673026,40.71162611325717,33.3541679486525,4.281166222622818,0.0005707350698048405,B0006,84,24,1.4675164935067897,0.7210187145326269
3067.203,2.392798962354417,4.180388252515709,3.4220422356705154,0.24542766996075077,1.7279074368071294,0.6990910352155624,40.58721297402195,33.13634596100404,4.279435068559788,0.0005828076231541543,B0006,85,24,1.4516292657521337,0.7132130179126344
3058.157,2.410475236770924,4.182476201666448,3.4202687142856667,0.24489831129108394,1.726921154488644,0.7000398635708184,40.37035790264624,32.92241762841388,4.3379051203783705,0.0005794342687100513,B0006,86,24,1.4519237720967175,0.7133577144710261
3058.812,2.4915333699239977,4.182567814531136,3.4248208106770663,0.23908593550426926,1.7212033400588393,0.7063366122052447,40.667923693760464,33.20338483123576,4.3661999818460275,0.0005528402675964192,B0006,87,24,1.4471484694777743,0.7110115176336829
3058.578,2.444861994529003,4.182606347806988,3.4234990883192666,0.24193145802730381,1.7211548500579925,0.7062543319216104,40.99035688395247,33.533950654066935,4.351362942056878,0.0005681543361908656,B0006,88,24,1.4468538105659885,0.7108667461161282
3049.328,2.484075539808225,4.183047552179642,3.4247420964314874,0.2397736631429042,1.720057422436999,0.7073883177545177,40.99774402817452,33.5767934055627,4.343621309892673,0.0005571627625402766,B0006,89,24,1.4416741930284678,0.708321901683239
3177.219,2.479017302613424,4.222516216835943,3.450702139255875,0.25023747347074704,1.8210499414870156,0.5878667757717146,40.77265883698999,33.224088400657315,4.299330741287727,0.0005487499962144627,B0006,90,24,1.5935866593100128,0.7829593804744059
3082.937,2.4820670710190385,4.1909374470770855,3.4480475429907522,0.24326180367661504,1.821446935406101,0.587692182912148,40.52220493430463,33.37083344726966,4.082968250265807,0.0005542994800276643,B0006,91,24,1.5463902376915637,0.759770882494014
3074.266,2.452449045714353,4.183028520369727,3.4399481891896455,0.2427997357775891,1.789952644378887,0.6286675982775383,40.57746834859555,33.43366634309322,4.100584569712238,0.0005629244426654604,B0006,92,24,1.51470559175661,0.7442036144029749
3066.0,2.4198491932573414,4.1838942747302825,3.434112914501242,0.24486483039745452,1.7769381660412278,0.644365780168783,40.516963879873735,33.28676739403043,4.15491246500826,0.0005753571694301831,B0006,93,24,1.4989786083335404,0.7364766488653811
3056.437,2.4706823501191706,4.1839835007856605,3.4325600940363916,0.24147371570402515,1.7640108930619747,0.659656864645785,40.34325381638243,33.14347737377552,4.166818986159614,0.0005605550353782819,B0006,94,24,1.4831110745410492,0.7286806282628964
3048.219,2.413759774558071,4.183640209073579,3.4270614887575657,0.24463054330051393,1.7571864995414006,0.6676545688209292,40.39341126895154,33.11021541795579,4.225283052428061,0.0005806277155662072,B0006,95,24,1.4729664825468278,0.7236963976177928
3039.218,2.4562499847243027,4.183387047926521,3.4273403168120415,0.24185423597053712,1.7502861853648675,0.6752833544755873,40.46341487442664,33.18991802149879,4.233029591015939,0.0005682833752637088,B0006,96,24,1.4627604396099307,0.7186819749578868
3039.047,2.401794655879554,4.18356344388626,3.423482197888437,0.24502086656542998,1.743973921153546,0.6822021305188585,40.5818264138806,33.26265398635676,4.243947028589765,0.0005862919487611431,B0006,97,24,1.4518364681062514,0.7133148203630159
3030.375,2.4087687236133317,4.18171248971767,3.4220957701069374,0.24405932801680916,1.7368671582969701,0.6897425743166621,40.61670777074496,33.299978841087025,4.247035561137013,0.0005850575476976738,B0006,98,24,1.4468670644030392,0.7108732579778997
3021.0,2.4308118485818704,4.1832473219705815,3.421883545422636,0.2428697734145814,1.7360229366477682,0.690681118360896,40.63164766168104,33.31663547841367,4.266835708112021,0.0005800845658353893,B0006,99,24,1.441380399427779,0.7081775553094546
3021.75,2.398886415333129,4.183049768329545,3.4195777411151886,0.24466652732217242,1.7297210104409786,0.6972743860254423,40.74323383889164,33.39150630507064,4.287467101852895,0.0005904404245872149,B0006,100,24,1.431210744960774,0.7031810109956533
3012.265,2.3814379490849835,4.183092498086332,3.4175281789596474,0.245722297401989,1.7288007546336817,0.6981230210478447,40.81715493531611,33.41522427488497,4.3059750678082755,0.0005981062585799552,B0006,101,24,1.4260247179525716,0.7006330174681323
3002.641,2.459885297095542,4.181536580807847,3.4197860540725715,0.24072830824572444,1.7216957440273102,0.7056452284709472,40.72877617289365,33.39690850726103,4.285807070370223,0.0005733789965940999,B0006,102,24,1.420487649966195,0.6979125508434085
3012.0,2.4007285025453995,4.172034399629829,3.4171369298988705,0.2410676672421855,1.7228352005659142,0.7047265856435702,41.45494452672042,33.73731993653,4.471014077637282,0.0005880829671595051,B0006,103,24,1.4207006230355006,0.6980171885557206
3020.11,2.472830716079143,4.188427549455566,3.4305347141293625,0.23991735978462073,1.748786563991936,0.6773720103286153,41.39678877103747,34.08965316576344,4.25580089555811,0.0005680577308033228,B0006,104,24,1.452255804330839,0.7135208482113887
3002.172000000006,2.467318928642863,4.181499335679726,3.4250844180972875,0.23957632907127518,1.7345182497801421,0.6925103340215978,41.36669473718026,33.9987286593769,4.306150951115894,0.0005709800794347758,B0006,105,24,1.431557632772571,0.7033514435633659
2992.703,2.3692462667541,4.179546243153898,3.4171339862792935,0.24514155027152787,1.7271808134437059,0.6999649982795179,41.37787352037061,33.907397114007345,4.353243766520311,0.0006049046552229867,B0006,106,24,1.415015751158943,0.6952241030736463
2964.468,2.4482618595124874,4.18101558225098,3.417521467040602,0.24118996831184453,1.730597159216869,0.6959823393391775,41.14095609169821,33.70518417605219,4.364693597481322,0.0005845074808493439,B0006,107,24,1.4097311506517451,0.6926276785146194
2983.375,2.4598632768748825,4.182667734360821,3.4181623236680356,0.24023254474076217,1.7141556201256136,0.7137418914682961,41.2168813199875,33.7458832944166,4.392321308122321,0.0005774682892649898,B0006,108,24,1.404917318129309,0.6902625512041874
2975.297,2.497869764845928,4.179947555799937,3.4203319359051187,0.23704110865142286,1.7067863109671502,0.7208320253825178,41.40391881889191,34.01657212624259,4.358886630312631,0.0005653478597108151,B0006,109,24,1.395164296571563,0.6854707065486149
2974.9850000000006,2.472236707252471,4.182316086490744,3.4192916311692465,0.23940658854934618,1.7063636381021512,0.7208352451235892,41.58657133119858,34.175023374593785,4.360925561796557,0.000574819496312846,B0006,110,24,1.3945343832614077,0.6851612181802287
2966.25,2.427874990476308,4.18300582450457,3.414352330355796,0.2425959125992081,1.7053149763509456,0.7217260181468711,41.43504077863728,33.976109677640174,4.389037242622901,0.0005917002390318624,B0006,111,24,1.3893171179312644,0.6825978766720686
2956.359,2.427590520023505,4.182504606082063,3.412701167144591,0.24259041351261376,1.7046353656612552,0.7225222252393185,41.37436880579148,33.84150372451663,4.433481296923827,0.0005936065565983557,B0006,112,24,1.3838379472327809,0.6799058560840853
2956.344,2.37337869163978,4.179533028548021,3.410409522809144,0.24474597793080613,1.698575782177053,0.728958820346961,41.66477948989921,34.1008464215818,4.436330574408036,0.0006109418717538422,B0006,113,24,1.3736814238195123,0.674915763306282
2956.406,2.4248604132549767,4.18250512422575,3.414419320260644,0.2421506300810272,1.69824433155204,0.728729182815027,41.81816829502593,34.34663683304219,4.405553881089929,0.000594520749508279,B0006,114,24,1.3786059891863676,0.6773352957654757
2947.266,2.426962848243194,4.1828227593786,3.4131710032395315,0.2426171972291869,1.6971242328938314,0.7297922428300488,41.68664700078119,34.216231530637586,4.410463862941307,0.0005957588867565417,B0006,115,24,1.3737600299108574,0.6749543839713218
2937.984,2.417287750352038,4.182413969607667,3.4107019261975147,0.24354918786594648,1.6959707969888713,0.7309891912071939,41.565382893773936,34.041617020161176,4.434317899878167,0.0006007950415167781,B0006,116,24,1.3682580583942712,0.6722511609085237
2929.125,2.4185087281747166,4.182451170946608,3.4089059214760367,0.24374441129102337,1.69533939901694,0.7318364027583618,41.46394809540406,33.890212870710734,4.4753733511336256,0.0006022079777311968,B0006,117,24,1.3633024037317505,0.6698163536881292
2928.454,2.480937393224248,4.181305580928812,3.4134080258317576,0.23949329489653742,1.689063706570807,0.7377235698284326,41.6123634180086,34.116762412437,4.447991939075429,0.0005806368096287541,B0006,118,24,1.35809661401726,0.6672586503678075
2929.375,2.4078214169511205,4.1804870315884735,3.411221044859532,0.2431681152913039,1.689254941512802,0.7378203602996602,42.0075404495327,34.49049358941505,4.4429625363785465,0.0006051344108000352,B0006,119,24,1.353269090999531,0.6648867966571198
2946.031,2.433234589649132,4.163570261072192,3.4155210852213678,0.23758062010344097,1.7102192011852473,0.7173811710677037,41.61679232360952,34.23744800906639,4.293776222353798,0.0005873446923752875,B0006,120,24,1.3841605738237488,0.6800643686533974
2955.438,2.440822893388958,4.190012868765637,3.4229838362549794,0.2418235620691341,1.7302612146468814,0.6973287663053448,41.80245062827161,34.41428886050454,4.328069769749107,0.0005918547353646662,B0006,121,24,1.4051467790651473,0.6903752897183545
2937.625,2.396078253891397,4.182418011462176,3.414757022019347,0.24452878253982532,1.7152722093432786,0.7120998757863485,41.653004783464006,34.16445180476377,4.378207767595771,0.0006080897859906487,B0006,122,24,1.378719022627353,0.6773908312410081
2929.078,2.449306948268824,4.182070839014939,3.414358716272361,0.24191122340111865,1.701355119877482,0.7256297435276277,41.36061809844917,33.877146811272176,4.404757383000734,0.0005915731471630714,B0006,123,24,1.3682657783199066,0.6722549538545536
2918.375,2.384185417166802,4.182701902443236,3.4091886698418046,0.24644620841099862,1.7004563863905504,0.7264904353761928,41.42815616511055,33.839566254190565,4.4588280186229525,0.0006162732634690314,B0006,124,24,1.3573151296618016,0.6668746922672389
2919.812,2.4440756213040964,4.182270325485355,3.411930366643558,0.24298064387616258,1.6873607733405396,0.7384716178125313,41.343265645039,33.818304796930946,4.437871792772334,0.0005953104871756328,B0006,125,24,1.3524934638801596,0.6645057163278422
2900.422,2.4296014294774677,4.182394535290608,3.4094417183837504,0.24430319515549773,1.691961200784779,0.7346552805960497,41.38118673567723,33.812621135472135,4.466863184822354,0.0006043234763124608,B0006,126,24,1.3474099151661236,0.6620080723318286
2901.375,2.41022288115442,4.182061947471753,3.4081896097479882,0.24571559866572168,1.6853124510181006,0.7406865381951069,41.378450473707446,33.79894614410012,4.467370644654423,0.0006106894373589531,B0006,127,24,1.3370075130842318,0.656897174696045
2901.187,2.4098927032454966,4.182288987105723,3.40737851449911,0.24620777882888722,1.6788023481230294,0.7465102373902197,41.306600641009794,33.702723745621576,4.479315623296546,0.0006109210760492952,B0006,128,24,1.3312352966718526,0.6540611751852576
2891.64,2.453938411405305,4.179662143533188,3.4085862639015,0.2434821497535618,1.6712234371153531,0.7533796736785792,41.20408103671912,33.63562651984647,4.471561817284744,0.0005967975723561314,B0006,129,24,1.3259303781727645,0.6514547680110713
2882.906,2.3940396792395253,4.181392635232333,3.404843616147767,0.24770635723412432,1.676926820246207,0.7485727760956531,41.32955629442644,33.690724061796516,4.51120927043571,0.0006199830851206414,B0006,130,24,1.321578743867529,0.6493167274597319
2883.265,2.45134737470238,4.182099866234647,3.4081057374178703,0.24461981189701218,1.6701674907264448,0.7544048984304794,41.300370296451625,33.71317033815573,4.487769430372225,0.0006002752058975733,B0006,131,24,1.321225074066109,0.6491429627717592
2882.969,2.475014603796582,4.182054276922838,3.4091728540380735,0.24380226014783457,1.6635304836146556,0.7600889031325918,41.2436462295636,33.65376593260612,4.488489797114566,0.0005921116991290078,B0006,132,24,1.3156485301862682,0.6464031008911139
2891.656,2.4569179775419294,4.168816046299314,3.4110817622184233,0.2413885747948132,1.6646335896429376,0.7590679247178622,41.36464929786556,33.983578066068176,4.342735269173066,0.0005920130433071517,B0006,133,24,1.3209025697502388,0.648984510278524
2901.25,2.438240626221148,4.190149239555381,3.4167486246717154,0.2449761229412246,1.691847724352744,0.7346150583896289,40.89285784811417,33.816348135475515,4.164153248695765,0.0006038461398825448,B0006,134,24,1.3474328767273906,0.6620193537828117
2891.703,2.4946397780995584,4.187196878135145,3.4169689184247174,0.2422765369465996,1.671226012596274,0.7534753076972163,40.652964511118334,33.60692030225909,4.165346512306431,0.0005853149856799218,B0006,135,24,1.3260128072353616,0.6514952669744675
2883.016,2.4367455144223555,4.18232296515852,3.4105763913818787,0.24610776312677582,1.663315386938566,0.7601817712752762,40.58410707337388,33.47350597721994,4.2201016623871155,0.0006054692206828421,B0006,136,24,1.3101186784831065,0.643686179763337
2873.453,2.485868996808533,4.1822817387062585,3.4113335283009314,0.24406911107689153,1.6559242579419076,0.7667156111300936,40.322783635307104,33.20917872762011,4.230962347912729,0.0005903742785762376,B0006,137,24,1.30521620229393,0.6412775001365069
2874.031,2.395755020190792,4.181394192711236,3.4081283345557187,0.24863447091477814,1.656121338952165,0.7667165936019382,40.78032921971219,33.58088963686094,4.263084203042242,0.0006213012916424507,B0006,138,24,1.3004061951355774,0.6389142523000749
2874.234,2.4504684570147006,4.182109437180301,3.4125732422699135,0.24562470719717328,1.6493562885018465,0.7721637032610171,40.85731522464202,33.764008619560336,4.200801640968771,0.0006024704252213288,B0006,139,24,1.300235735841116,0.6388305024124815
2864.984,2.3942028718004007,4.181210531150237,3.407693686560286,0.24975273339092707,1.648125082831886,0.7730989018836641,40.74860220857894,33.57003564415372,4.235263844923687,0.0006237408862841244,B0006,140,24,1.2895066722480757,0.6335591097744969
2855.093,2.4303844034459368,4.180183763169455,3.4073499608041957,0.24862385895293532,1.640273550829745,0.7793069195793216,40.47227623020844,33.272050895552354,4.244182986554632,0.0006128694791110197,B0006,141,24,1.279253057384795,0.6285213141239901
2855.625,2.4755630989048205,4.181641969595387,3.409292163767801,0.24699673938901662,1.6339269718637894,0.7849878826641942,40.28187574900838,33.12740933210319,4.253860504244576,0.0005974449973965652,B0006,142,24,1.2792078171714618,0.6284990867482796
2855.594,2.446712151873903,4.1818501497507565,3.4095492354804775,0.24799161343224002,1.6340523871461572,0.7850657622699388,40.637565231244686,33.439116773449626,4.277338930454051,0.0006076276942299408,B0006,143,24,1.274036760902923,0.6259584486293798
2847.437,2.4607112018206894,4.1817089329030335,3.410318915287339,0.24780727886656095,1.6325488263539847,0.7860520301563308,40.64243349478575,33.482874768414376,4.243332033578536,0.0006044023910212391,B0006,144,24,1.2741273923001468,0.6260029775555019
2847.36,2.46197885229738,4.178725976011113,3.409269478846638,0.24851269412421495,1.6192776155716369,0.7963998227301456,40.38713367022122,33.22136307064441,4.2364299559870116,0.0006029259116211974,B0006,145,24,1.263763942644078,0.6209112179860496
2837.328,2.4999079970509284,4.181148894438262,3.4094374435069095,0.2478508170104093,1.6178697167430758,0.7974412210289603,40.15316398972329,32.985627389014255,4.2616240787456485,0.0005925437233155047,B0006,146,24,1.2581373688955233,0.618146775481072
2837.281,2.4061574188511727,4.181246648937272,3.403885091976961,0.2536325963953785,1.618130611081338,0.7971723409903662,40.26211669866818,32.970182781539556,4.327862640761143,0.0006256303940589949,B0006,147,24,1.253259864055301,0.6157503647520722
2838.515,2.40921365026611,4.182124874468928,3.4065929107527846,0.2530513297922528,1.6181696583650662,0.797398134698079,40.65437976632703,33.31018716138479,4.3220446263600945,0.000624591106336524,B0006,148,24,1.2532313315493426,0.6157363461901961
2828.328,2.4705399687343235,4.179545017207998,3.4095930016592684,0.24949951811862411,1.6103994653878324,0.8035122803563681,40.41021687551566,33.23406652671602,4.254302221446295,0.0006042457057574915,B0006,149,24,1.2480874960313575,0.6132090821428379
2838.265,2.4996841687041944,4.164241788212258,3.409409922814414,0.2454220315222469,1.6116489596960517,0.8024057872754748,40.49521984011741,33.117656712920734,4.387544833148327,0.0005864701215383565,B0006,150,24,1.2534354284944844,0.6158366228941904
2864.547,2.4839695531514434,4.189238693156103,3.4195489282896943,0.24707539060227918,1.6420474102120959,0.7786744664930818,41.357879741754175,33.784170366860046,4.447709795942978,0.0005953015049167144,B0006,151,24,1.28980487732669,0.6337056235911394
2846.39,2.4675402264113453,4.180842923747738,3.4151799904187996,0.2484846023322681,1.619485147897518,0.7963585482100982,41.37902988743146,33.806439563441614,4.464654610226888,0.0006019212747853923,B0006,152,24,1.2635402021758837,0.6208012900462411
2837.969,2.4946438160388325,4.18123823034649,3.4154594925159083,0.24847342262534064,1.6049332611605434,0.8072362455826555,41.20920760771975,33.63735785291911,4.458350302887859,0.0005942962781861456,B0006,153,24,1.2479761706842851,0.6131543858862737
2838.156,2.4577382116375843,4.1798277092808815,3.4130336456755868,0.25175511492775093,1.5916620231406693,0.8172016361287867,41.20630554355683,33.58195933847606,4.47974971452814,0.0006067635104072142,B0006,154,24,1.2321202877943334,0.6053640895934027
2829.843,2.40986495422137,4.180792839927961,3.409452435657409,0.25584289767475976,1.590121112674739,0.8183837981397022,41.28239317323536,33.56245583951572,4.522872570715211,0.0006258042886854823,B0006,155,24,1.2271137666213534,0.6029042906907026
2829.625,2.479418189447868,4.181365190126037,3.4138496008165014,0.2526075741654633,1.576784104156222,0.8276347472713917,41.1595683576961,33.5111267532655,4.4961918343252085,0.0006014744005577308,B0006,156,24,1.2217397581377356,0.6002639382954212
2819.437,2.434585389303289,4.180594670510683,3.410900672125043,0.25584137450881067,1.5752875074450006,0.8286307311972496,41.230427315370186,33.53675907012135,4.504894436526122,0.0006192758629497286,B0006,157,24,1.211102678915174,0.5950377393250057
2819.579,2.425682710641569,4.181424135030176,3.4105744140130074,0.25741131807211914,1.5684956746000391,0.8330676749284388,41.21487873613708,33.498030695567785,4.5151031552989345,0.0006226963047989105,B0006,158,24,1.2056159765131735,0.5923420182680926
2810.672,2.417924401749313,4.181921994951423,3.409651424735992,0.258630171202855,1.5671931448019898,0.8342176908904066,41.27439823262361,33.516977262709986,4.535239372672533,0.0006276070609456064,B0006,159,24,1.2008936262717274,0.5900218379391315
2811.485,2.4541577949851603,4.179593598747663,3.412857837344254,0.25665911002756053,1.553843223355213,0.8432301345312134,41.237668013317766,33.531923269271225,4.5022469040539,0.0006137097668180702,B0006,160,24,1.1905903985558337,0.5849596665522202
2802.422,2.463616101176541,4.180557596235595,3.4134509017056525,0.25677091136637126,1.5522138654028756,0.8440341957390712,41.24068073261839,33.567636169584304,4.4962901483111155,0.0006126634372193247,B0006,161,24,1.185179251041941,0.5823010670462684
2801.625,2.470375229475307,4.181414159913002,3.414388187503409,0.25727620633883347,1.545285047994101,0.848423274177395,41.28133907077437,33.60493096509702,4.488329317304786,0.0006107308902646482,B0006,162,24,1.1796706818144624,0.5795946024028492
2802.031,2.4357634426689945,4.180815073540562,3.412419038813061,0.26037501524984086,1.5387187116139815,0.8526668700396663,41.28338645880181,33.54281440778599,4.5048751870737105,0.0006227809866741545,B0006,163,24,1.1745952836753917,0.5771009629390572
2793.39,2.481190011798763,4.1697037841892834,3.4148103057455175,0.2571955455440005,1.5170395993741237,0.866088569826589,41.14919304328959,33.472459360982775,4.46644638600335,0.0006044676083148148,B0006,164,24,1.15381833159625,0.5668928519254556
2793.39,2.491537251958465,4.180283727512206,3.4166177332601,0.2583040811189994,1.5238666038924866,0.8618119122102676,41.26268252018065,33.58210389885497,4.472936661985695,0.000604550913246536,B0006,165,24,1.1644009557372264,0.5720922960804411
2792.485,2.40904100737121,4.181170015245673,3.4121341541171764,0.2641722962540337,1.5237985973545423,0.8618749280731614,41.45791806300034,33.6634605108384,4.514680880463745,0.00063460645549554,B0006,166,24,1.1587974947916069,0.5693392093343496
2802.016,2.475767645530351,4.1575524997258,3.419700177568569,0.2533363813667731,1.5391310859398721,0.8526242406974834,41.11666214070682,33.730546074122294,4.174064196950937,0.0006002053001108664,B0006,167,24,1.1749748834769171,0.5772874675283711
2820.39,2.4160441724133666,4.188511527828155,3.4234687742187893,0.2623534872197857,1.5427100462165395,0.8508995550835293,41.36263766174168,33.8912822372509,4.087036869661534,0.0006284476102293613,B0006,168,24,1.1856752327929356,0.582544752296905
3690.234,2.145975766935391,4.199497433806136,3.522006703394617,0.2881775974288166,1.869128126500791,0.4764711881368798,40.59042914535701,32.62485875142121,3.892063450668954,0.0005564746481851137,B0007,1,24,1.89105229539079,1.0
3672.344,2.111016698785212,4.198510349854315,3.5319490434317116,0.28042527107844056,1.868091214569674,0.4776277217193645,40.26023408628707,32.738209593287145,3.7774262375116097,0.000568436304188579,B0007,2,24,1.880637027686859,0.9944923428456648
3651.641,2.025108512818265,4.198280074112568,3.5344025220217845,0.2844568598122299,1.877784734502072,0.45959674206821344,40.27558633997852,32.68511456550919,3.756368845249953,0.0005951219085595497,B0007,3,24,1.8806626717011388,0.9945059035569906
3631.563,1.922542180649595,4.198267468745592,3.53492504932652,0.29083757862587983,1.8875256535871225,0.4403601314030101,40.29314715799111,32.554748499572646,3.75841283816005,0.000626651744192789,B0007,4,24,1.8807709009833444,0.9945631358622364
3629.172,1.871159045064988,4.198464224146956,3.534536640068787,0.2929624493875082,1.8871621432453276,0.44056463766482895,40.2688726302198,32.46787845303298,3.767121615218841,0.0006412771781227145,B0007,5,24,1.8794508728285055,0.9938650969142622
3652.281,2.175686706590344,4.197967993115647,3.5411626672196816,0.2674296832861651,1.8675154082122565,0.478755396723532,39.67620802332074,32.48624734055599,3.728351915977197,0.0005537036406906542,B0007,6,24,1.8807003517117404,0.9945258289766596
3650.828,2.111788715601944,4.198023461704379,3.541165612176161,0.2718843747011349,1.8673359462519084,0.478698015374699,39.80381766292616,32.55779966353037,3.724789174461565,0.0005714415321955553,B0007,7,24,1.8799352523566075,0.9941212397661985
3572.453,2.026250619894166,4.199372697237068,3.5494581176357975,0.27369566400247164,1.9063154499484403,0.3989572643880162,39.88810476942348,32.45374435641106,3.67713934468341,0.0006082996969709335,B0007,8,24,1.88150881240388,0.9949533479268812
3550.594,1.950589433290604,4.19921182024681,3.550280546407974,0.2778617953651774,1.9164348198845678,0.3753810810516802,39.95162250671474,32.373246444985035,3.6725568442613645,0.0006333087891649132,B0007,9,24,1.8696907870385844,0.9887039039563995
3551.25,1.868824706765806,4.198957678253482,3.5481347674910286,0.2845628157128564,1.9165385597747797,0.3750075099117556,40.05202185471829,32.30534276235138,3.6880729258202525,0.0006561444481485888,B0007,10,24,1.870052380139199,0.9888951165957833
3530.25,1.7896213776724978,4.198832114024662,3.5484272148956437,0.2896636595475328,1.926771167846017,0.34931803848510656,40.1213838436794,32.183319483399806,3.697468549309809,0.0006824476273216242,B0007,11,24,1.8700442394188577,0.9888908117331621
3491.016,1.910336108594535,4.198945227315025,3.5560433603714667,0.276782824822683,1.936979366983281,0.32129244449448424,40.174657039770814,32.378853181816005,3.6476815840311443,0.000655571076935909,B0007,12,24,1.8596518987766364,0.9833952785490447
3470.281,1.9086884059809104,4.199051302806796,3.5604849642800684,0.27245039995275366,1.9470891822561436,0.2888681782208087,40.016434730174936,32.2913249500013,3.592348043858647,0.0006599934981708646,B0007,13,24,1.8590746560862208,0.9830900290898825
3470.0,1.7868782934275431,4.198107645780677,3.5562872542469752,0.28338199580130485,1.946961601670498,0.28914293139850245,40.16569230743226,32.14782797344657,3.6324480219759474,0.0006948787758942748,B0007,14,24,1.8590084577709232,0.9830550230165661
3450.297,2.1361343961784502,4.19925638222589,3.5647746218187315,0.2556912534148872,1.9468510507422583,0.28972612488972677,39.46139677634257,32.01380948237792,3.5803997308163655,0.000597954896650184,B0007,15,24,1.8593622586957048,0.9832421151057928
3429.407,2.0133501283179167,4.199087384946408,3.565438928797127,0.2605202370565669,1.957412809315224,0.2523473596381284,39.5636595172155,31.881310103471357,3.5704869934856753,0.0006373513720093563,B0007,16,24,1.8587355450601035,0.9829107051087616
3409.484,1.8575547668336485,4.199009971925293,3.565961679108638,0.26742548192983523,1.9680136940585706,0.2071553451064679,39.628948319501816,31.854304304240507,3.5627165850056786,0.0006867476735751348,B0007,17,24,1.847817291322145,0.977137065868551
3390.422,2.165755612420893,4.1985172274243965,3.572496559005355,0.24501867564544394,1.9680547468944674,0.2078021545054763,39.22534721491488,31.856555404576753,3.5337279070637106,0.0005995600591913052,B0007,18,24,1.8485252916137047,0.9775114607455649
3390.281,2.0270686341513207,4.198245740608724,3.5699492020415136,0.253992409559784,1.9680218912213907,0.20774034620382395,39.4126321606434,31.867182607083926,3.540939582427702,0.0006404121388337436,B0007,19,24,1.848378951850034,0.9774340753850292
3591.734,1.905311669649934,4.196262462698172,3.5464338449590023,0.2877922877067573,1.9066656790606793,0.39806447016393737,39.95874037686836,32.35216872128999,3.629542948878022,0.0006378397712771153,B0007,20,24,1.8807805437609768,0.9945682350219244
3552.297,1.7951975189442124,4.1969587758867,3.5531968089006387,0.28915915014675286,1.9267198323744987,0.3483091810309401,40.31302300333008,32.60219299451182,3.618855499816772,0.0006761149917764443,B0007,21,24,1.88147215974436,0.9949339657767369
3531.578,2.1058524852518143,4.197071720130598,3.5599340214678805,0.2630930215859064,1.9261058568907057,0.3493385066426105,39.359447242364645,32.19571819720114,3.547705397681889,0.0005921486754302987,B0007,22,24,1.8810954313244783,0.9947347494881129
3492.907,1.846021007590992,4.19690260801443,3.5595604968238,0.2762451800325786,1.9468405917249594,0.28826989593587965,39.454159451189874,31.805988160181123,3.546089913637305,0.0006730444298755843,B0007,23,24,1.8710089649779995,0.9894009644991608
3511.594,1.7370300333706354,4.1966416719103465,3.552385161941813,0.28894621581693053,1.936419689671865,0.32067412080801433,39.64174827400944,31.737001978644926,3.611151888523469,0.000700425971379297,B0007,24,24,1.8701995151941373,0.9889729225111972
3431.9370000000054,2.0506492642329937,4.1971302559922,3.5707670304281067,0.25119227347469175,1.9675984733558025,0.20673220237051412,38.86906912217273,31.51707667966367,3.4765574970298867,0.000625443005439553,B0007,25,24,1.8706715362800983,0.9892225301434723
3431.125,1.8254369744762284,4.19652461108806,3.5657224847439295,0.26797210942673244,1.9680130544442065,0.20657881093433822,39.11839966443177,31.442860781038384,3.5006145363294467,0.0006910525371742014,B0007,26,24,1.8596124644020169,0.9833744254109715
3412.406,2.134879000684994,4.196790308710931,3.5712835067487103,0.24613642238982758,1.9675631762844843,0.2073081485451107,38.68010761281634,31.32326275303232,3.4870222239191593,0.0006042397381864692,B0007,27,24,1.860033909718346,0.9835972882674648
3410.688,1.970455493406623,4.196693048697735,3.5679716274891398,0.25708647441380517,1.967618505240168,0.2071378770938514,38.863045678198645,31.28571570579735,3.505684733589191,0.0006527238947951593,B0007,28,24,1.8591653109160768,0.9831379679174215
3410.718,1.813269430976001,4.197078923354,3.5646314038791784,0.26957680559456787,1.9678214300979182,0.2071231422713658,39.14531169811219,31.331850868998007,3.5223265943873097,0.000698917205227169,B0007,29,24,1.8481398178778288,0.9773076198804469
3392.719,2.048365732409564,4.196062203382386,3.568983888921194,0.2517021660775261,1.9675056354779956,0.20762918561060126,38.8380564174779,31.32285733932258,3.503387274281631,0.0006330310500141102,B0007,30,24,1.849201702126164,0.9778691507545129
3470.672,2.181560983985832,4.206531081984383,3.564620688944316,0.24268377174702066,1.9683447778186902,0.20548929807832753,38.95965174080089,31.608436452122476,3.5229600083235977,0.0005834518784830577,B0007,31,24,1.8834677437950849,0.995989242807197
3414.109,2.1177799354077496,4.203187727641822,3.5694388142217837,0.2393708702026896,1.9788210991401491,0.14699542843947938,39.05387577229197,31.782101501165204,3.3849428891086535,0.0006108205075567513,B0007,32,24,1.8628211117905844,0.9850711777410832
3395.219,2.1637448793153697,4.202997027311235,3.568742147335628,0.23644855810150356,1.9785908218423578,0.1473204032726917,38.699551697978606,31.51504198920288,3.3681627952391375,0.0006006246277473898,B0007,33,24,1.852085039652352,0.9793938772431541
3386.0,2.045656147205805,4.2027504558714135,3.5642424070467817,0.2439008718473348,1.9784335668087778,0.14746473891250106,38.6052414906155,31.13866351339678,3.41228071938438,0.0006370627019095123,B0007,34,24,1.8469504648208708,0.9766786827220949
3368.187,2.1356202266992863,4.202665067816707,3.5653038098527605,0.23838373066148522,1.9781613462371574,0.1479663798686637,38.42604747702835,31.068710515588776,3.373616882045274,0.0006136965795300025,B0007,35,24,1.836828431169018,0.9713260895248977
3368.266,2.042987153745025,4.20243913428064,3.565432167703823,0.24394102489962827,1.9783860225738243,0.14776961640373235,39.0468968949422,31.618244836823447,3.444189127933061,0.0006411168181300453,B0007,36,24,1.8371619619672277,0.97150246264743
3358.719,1.978616239411895,4.202794567899269,3.5622303163451425,0.2487175811817385,1.9780805998719366,0.1482326534812696,38.83676495861389,31.331528063668397,3.4182172255119245,0.0006622103035375612,B0007,37,24,1.8316722583718852,0.9685994738677315
3339.5,2.15845357648832,4.203135326288817,3.564481026852489,0.2372707723605399,1.9780988820364462,0.14862222985523507,38.49981470604549,31.132569191182142,3.4310753934455156,0.0006122718220693209,B0007,38,24,1.8211470951317783,0.9630337032828774
3331.265,2.092603698932653,4.202837061508687,3.561614556780574,0.24155038848954166,1.9779784075733657,0.14875518281820366,38.582340147970775,30.972969676157927,3.477986829248454,0.0006334630726093643,B0007,39,24,1.816506091511515,0.960579512231908
3321.188,2.152888643167804,4.202745735932991,3.5630587459190144,0.2380948022640211,1.9784370488525895,0.1488581550641824,38.787499833494046,31.1990648511682,3.504904384114374,0.0006172059795365957,B0007,40,24,1.8113815601504557,0.9578696287593305
3321.844,2.0537418826405966,4.203198796599359,3.5629534367704405,0.2446154013486785,1.9782902099305797,0.14905733111390154,39.31221126031847,31.722267598269813,3.494461020642305,0.0006470673860538793,B0007,41,24,1.8116056333939583,0.9579881200586186
3311.828,2.079330058633996,4.202901668731174,3.5634460120762426,0.2432726266649588,1.978204592155878,0.14906438873441707,39.40567993360536,31.900827580605675,3.4586209533179892,0.0006412083025136505,B0007,42,24,1.8060548955557405,0.9550528559986309
3327.391,2.075979330452076,4.196154302326916,3.563998342345823,0.25398073103714824,1.9671070815271066,0.2095535677616972,39.32802757827611,31.5372402498617,3.5455709823685693,0.0006371884073362103,B0007,43,24,1.8132041826994056,0.9588334426916011
3312.078,2.0674349483094465,4.204477224486428,3.5604902283110547,0.24563949813557265,1.9781214643703728,0.14917033885171013,38.6112528181758,31.24662583059252,3.357447159998127,0.0006452270375809331,B0007,44,24,1.8062641938283532,0.9551635342031009
3293.172,2.037264031192436,4.20211656315423,3.5567002097886946,0.2475333619682181,1.9780364457328714,0.1496411658661535,38.56972695128688,30.939399361884792,3.4321282532927775,0.0006573760896672855,B0007,45,24,1.7958310249900458,0.9496464108196084
3275.328,2.1632674190148338,4.202901194454151,3.558412726344602,0.2400672453777982,1.97793896698507,0.1501472965402669,38.34572083526661,30.884857004354572,3.450052578824771,0.0006227265713355479,B0007,46,24,1.7858852600390451,0.9443870295876657
3265.016,2.106631526845483,4.201790697233378,3.556136820956993,0.24388204900430188,1.9780170042003,0.15013792165883974,38.48254063494672,30.920682316695828,3.48782089385169,0.0006416995109328391,B0007,47,24,1.780326860450275,0.9414477139472056
3328.937,2.1809272860788376,4.191916354433964,3.568999942180493,0.23813328081442833,1.9779140108313502,0.14881074551152107,41.0499421893331,33.880577817079796,3.257538965828151,0.0006040934593701012,B0007,48,24,1.8150756899575575,0.9598231071565729
3329.266,2.1773498094527195,4.20342192245769,3.571059290544873,0.23819384516409414,1.978162017642311,0.14879195778388637,40.361944885615415,33.038339318294426,3.3515687805249925,0.0006085642039431427,B0007,49,24,1.815702515484584,0.960154576322473
3301.579,2.180136101967249,4.202807443974011,3.5666921284622095,0.23794253941668367,1.9779553399945098,0.14944393853074253,39.6676965288026,32.27329169539202,3.3804543445425494,0.0006126375719032506,B0007,50,24,1.800243217805667,0.9519796053200332
3283.563,2.128629519907685,4.203276539809248,3.563327431073248,0.24139899859823624,1.9779914337720734,0.14982717580366312,39.481181404811096,31.937919783481355,3.4483523580884383,0.0006318279929154893,B0007,51,24,1.7904476205609308,0.9467996336880419
3275.125,2.155901281560187,4.202580870413733,3.5590146214829015,0.24311872055137518,1.972192989054421,0.18343466658774069,39.4190511430692,31.688686599521045,3.5013870918656895,0.0006249164807002928,B0007,52,24,1.780343032300132,0.9414562657201504
3265.656,2.067103728219671,4.203244171517053,3.5566945836342914,0.2491532035391863,1.9723263193206677,0.18367382268820492,39.72196117128354,31.779120691032947,3.5606392409589884,0.0006541229214887856,B0007,53,24,1.775328769596812,0.9388046929870528
3266.093,2.061983186454309,4.202697222668131,3.555013984911923,0.25168558375257616,1.9668382736785281,0.21183042025640444,40.041366724781085,32.133873372089305,3.5888716417563304,0.0006554357258699681,B0007,54,24,1.770262973473285,0.936125869066702
3257.594,2.143037413381466,4.202581421564202,3.5526373754067415,0.24879749783017185,1.9609304428642138,0.23694332841178017,39.66314441864834,31.889431533099835,3.5567450064367265,0.000632228573659804,B0007,55,24,1.760081061854204,0.9307416120348377
3248.593,1.992905798820928,4.201275185814673,3.547186025484395,0.25950895046183814,1.9607588424014128,0.2372447833872407,39.84751541049116,31.817363280281278,3.615587057866386,0.0006797925708125779,B0007,56,24,1.749647593537689,0.9252243302854406
3238.766,2.0335961968180234,4.202508747096239,3.546814755244375,0.25704256782134943,1.9607502568135042,0.23754558008014082,39.74335777163101,31.72316205746117,3.6463475024514254,0.000669672508071968,B0007,57,24,1.749650075059311,0.9252256425292258
3240.14,2.0213017345171265,4.202333230196108,3.544785017297267,0.2594142565928167,1.955106689333301,0.259862257765302,40.07246786936068,31.957150654392294,3.7270338582730766,0.0006731287832251018,B0007,58,24,1.745028739214683,0.9227818519180979
3230.109,2.0789964919635966,4.202490707154508,3.5465215420964156,0.2563684525041301,1.9550631626775965,0.2601213204344112,40.24771611400392,32.29917704213345,3.636936304022918,0.000657406364674044,B0007,59,24,1.739645745528673,0.919935291989993
3229.7810000000027,1.9925354808829656,4.202290557382721,3.540832547654255,0.26418134804828086,1.9491545130405277,0.28033103152687044,40.27220819224188,32.128842946565555,3.651506946468375,0.0006841810873553821,B0007,60,24,1.7285642277717963,0.9140753177397375
3212.469,2.14041602578448,4.20313824854604,3.5429925113583938,0.2547075170842508,1.9485245668379871,0.2814228188164642,39.89848456781458,32.021134355757404,3.6765657151385467,0.000642098716831683,B0007,61,24,1.723900324588418,0.9116090172599749
3213.219,2.006753861515003,4.202703239422359,3.5360811169860216,0.26528123590944064,1.9431245838111422,0.3003210724756345,40.0571305311587,31.859048861486652,3.728830346396073,0.0006834110522523848,B0007,62,24,1.7139788776485192,0.9063624955407813
3203.578,2.121868132176415,4.202907102508285,3.5392436935272635,0.25734393700290453,1.9430105437169318,0.3007389097775902,40.240711749549135,32.16100333536097,3.7979778908236685,0.000649598346078001,B0007,63,24,1.7139701997004613,0.9063579065888634
3195.125,2.011964875882845,4.201457080806326,3.5348237062932575,0.26659502974351257,1.9425236436352382,0.30137082110645447,40.12941739090177,32.10276048728767,3.6091285200726757,0.0006852602652238898,B0007,64,24,1.7036521173638766,0.9009016416501656
3195.312999999994,2.0744390946376323,4.204304103661928,3.5366477402090606,0.2620403236678221,1.9370251789871722,0.3190386780285394,40.3959693732437,32.33880662180898,3.7790129944718545,0.0006665591161254938,B0007,65,24,1.7040137474382486,0.9010928738414982
3186.297,2.188793384556236,4.20220228055958,3.5352062840980913,0.2558244000787879,1.9310353224698769,0.33623328280653597,40.18751058333668,32.21373014824893,3.8120846020333943,0.0006318961779154121,B0007,66,24,1.6935716157343033,0.8955710108399318
3176.438,2.1739523632140685,4.202001482736379,3.5329852237553396,0.25744788349136644,1.9304738354803441,0.3366013359882929,40.14605167557969,32.09949526722965,3.8424730209264855,0.0006384664581906873,B0007,67,24,1.6876577363877656,0.8924437153331117
3167.593,2.1783847786257136,4.202600613133091,3.532158560934324,0.2578148839312093,1.9305724132185291,0.3371721424842529,40.18846095484838,32.11305439113157,3.859166234225485,0.0006390391172437172,B0007,68,24,1.6830744356583152,0.8900200379231206
3167.719,2.191481814157953,4.202328519159183,3.5308376380023527,0.25773287224800195,1.9247227974831074,0.3531700154614565,40.2789498830108,32.20371989479744,3.8824041057449103,0.0006347932708050271,B0007,69,24,1.6779270142025482,0.8872980500287017
3159.077999999994,2.1753473356526807,4.202855889678493,3.5296958440720005,0.2594183580173002,1.9246004507121866,0.3534485312089777,40.310727434969614,32.23340825772458,3.8867438488280537,0.0006418038915233546,B0007,70,24,1.6732060275966172,0.884801563486559
3148.829,2.1832922624558813,4.202212609390717,3.528181937212609,0.2594130837316264,1.9243788765495635,0.35422321493418973,40.31733812871393,32.212169716369466,3.902923217179098,0.0006411654449748893,B0007,71,24,1.6674367208253988,0.8817507188402843
3149.094,2.192864020990023,4.202335745153063,3.5265730179666974,0.25933738613120466,1.918402879916178,0.369401148866462,40.332563430145015,32.21746401954225,3.92472153607503,0.0006381110643769415,B0007,72,24,1.6622662630667526,0.8790165492082501
3140.547,2.156097212664392,4.201997273379946,3.5245022548553444,0.2621840624926119,1.9181664471622712,0.3698538690530879,40.431258866851486,32.23410177209761,3.948417856179112,0.0006514470443255757,B0007,73,24,1.6574243065763063,0.87645609305257
3131.625,2.138540138129487,4.201599523927098,3.5228548406546385,0.2637441486236623,1.9180994998619483,0.370275939922021,40.46247985933005,32.228343983674435,3.9575425418699464,0.0006587823847994608,B0007,74,24,1.652538684928734,0.8738725464951953
3121.907,2.1646493163558524,4.20196227209543,3.5222829121237855,0.2626111165077087,1.9179587244853675,0.3709647042985219,40.40103455658551,32.1833106060944,3.9605343655804788,0.0006525860494049238,B0007,75,24,1.6472174627573322,0.8710586517211737
3122.125,2.1187211383693167,4.202045571197949,3.5189923820688493,0.2661987865007531,1.9116787215527213,0.3854695803333909,40.4426971996319,32.17200142078129,3.995274030312125,0.0006672777140020443,B0007,76,24,1.6364136810898071,0.8653455460107404
3121.672,2.1377868706438155,4.204697039833386,3.5177844279570794,0.26640245561413023,1.9116021818524709,0.3855800868720518,40.26214977673693,32.03316223587618,3.9342328126085895,0.0006621163816024139,B0007,77,24,1.6362554312048496,0.8652618625053486
3120.86,2.103155697792567,4.203964293328523,3.5212226057273495,0.26786574725596746,1.9176487188202131,0.3708855111540938,40.64566836195685,32.506671891788216,3.868834599815959,0.0006731505404074377,B0007,78,24,1.641119179218384,0.8678338421514901
3103.828,2.186737546753024,4.201985395805308,3.5172227884430147,0.26291550609714415,1.9111402386391976,0.38653867203710907,39.95209030011925,31.961039485620926,3.913477430902062,0.0006492781974556206,B0007,79,24,1.6315700789656966,0.8627842196339309
3095.094,2.100774791159369,4.20178017149305,3.5125010864221813,0.2688270257981476,1.9108682624772713,0.3869817814525709,40.16503458324407,31.798082670491866,4.045517615614343,0.0006788179552329206,B0007,80,24,1.621213282987236,0.8573074826850354
3095.781,2.1417010068719846,4.202220537976551,3.5129614635074673,0.26590233251265677,1.9049809251600105,0.40110313509761303,40.36674175781141,31.95802833708937,4.106301173167434,0.0006655895656393544,B0007,81,24,1.6164273214762122,0.8547766370163623
3094.328,2.0912297625621297,4.2013887453306085,3.5125204100391962,0.2696531998224168,1.9051115160683214,0.401163860627463,40.88269125311642,32.418131697462755,4.11104721969582,0.0006819441839289431,B0007,82,24,1.615823510161921,0.8544573379066747
3086.531,2.166300950520593,4.201620573144587,3.5151454557578807,0.26499594992300185,1.9049221617708285,0.4016527111067291,40.85633220225456,32.64044972789331,4.041423072831346,0.0006594197896032776,B0007,83,24,1.61672418029789,0.8549336177737964
3085.625,2.1843637809529235,4.201668680267049,3.5134431794731813,0.26428564911416735,1.8987673918259145,0.4151689727384323,40.7780246115985,32.56399373078006,4.055135119187781,0.0006537751344749039,B0007,84,24,1.6108655863730026,0.851835557535501
3067.203,2.113995772639173,4.202567159315787,3.5097089402574535,0.26998888308021174,1.904361661364581,0.40288952853470844,40.5829305350897,32.28305350922276,4.037143859571715,0.0006809367970351536,B0007,85,24,1.6006603374309376,0.8464389595847521
3058.157,2.0287779476202195,4.201472345711643,3.5042771471756997,0.276362889207048,1.9042167406508488,0.4036069256066757,40.6345689985191,32.06065237439007,4.108898350858215,0.0007104587495316374,B0007,86,24,1.5959174487005665,0.8439308910654778
3058.812,2.1948906641943635,4.201332830124454,3.509207943122176,0.2644399053502661,1.8982712229514884,0.41697849296085937,40.75070125010339,32.365261126964526,4.160476103962866,0.0006559547189987782,B0007,87,24,1.5962179519462243,0.8440897990165642
3058.578,2.1621122251410005,4.201522880341636,3.5095064920492853,0.2669199043283192,1.897812066543173,0.4170478244738554,41.0672419235651,32.68851871366292,4.135987723745308,0.0006667839287409493,B0007,88,24,1.5958065114633972,0.8438722267771133
3049.328,2.0092802451741245,4.201386492450036,3.505203266169396,0.27822874636079686,1.9036894961898956,0.4041322902325903,41.40590880756584,32.747733642524246,4.158069042535963,0.0007188817494464063,B0007,89,24,1.5906507821480704,0.8411458456358337
3177.219,2.144268362237989,4.233325435700087,3.5281182345919744,0.2745683251139366,1.9369986986497965,0.32001741391903693,41.01558674901627,32.50500516961017,4.0051760998690105,0.0006575111987754381,B0007,90,24,1.6888211161855506,0.893058917673428
3082.937,2.0962813773920197,4.203917718634026,3.519590928396835,0.27095946893810313,1.9233419037458164,0.3578661070393532,41.31851435911838,32.91993878980997,3.9840069946210646,0.0006836456084707556,B0007,91,24,1.6259938279733204,0.8598354640622486
3074.266,2.037656085248936,4.202046403451837,3.5146260368096875,0.27527818530823556,1.9169003551303383,0.3734843293551646,41.4002950560853,32.948305858317944,4.00652701766975,0.0007040348226870744,B0007,92,24,1.6157433862812898,0.8544149679093845
3066.0,2.050265845971926,4.201592874087554,3.5115494818370454,0.2742765846996205,1.9104739991515625,0.3889959269504829,41.2508092329952,32.76906651915661,4.050123606667399,0.0007016722205204267,B0007,93,24,1.6056626764846538,0.8490842270191371
3056.437,2.1421639870693685,4.201214370586727,3.510769869032659,0.268135375122442,1.904277326283454,0.4035804639484424,40.95362783962595,32.59734424608833,4.067796860353855,0.0006736766972515248,B0007,94,24,1.5949746921524348,0.8434323556466374
3048.219,2.093098662464846,4.201660608337926,3.50804494279531,0.27185373111158595,1.9040060475398195,0.4040800861134783,40.989022190981714,32.52349894408369,4.1070051819713775,0.0006917357138293148,B0007,95,24,1.5904102438871943,0.841018647534828
3039.218,2.109503853325003,4.201750207865124,3.507748080950393,0.2709271196950078,1.9036820253449747,0.40485497943959886,41.02622774121347,32.578228834731775,4.118093490606675,0.0006884160183771356,B0007,96,24,1.5853517062988178,0.8383436619721834
3039.047,2.1295447836320704,4.201226117420626,3.5066673521067266,0.2696597843353944,1.8977184161709566,0.41837527664082935,41.01371342582121,32.62728298499839,4.123301440226608,0.0006816878231197332,B0007,97,24,1.5799737147242376,0.8354997471911441
3030.375,2.138556110583413,4.201796973837129,3.5061843921745397,0.2695403153910377,1.89734180804451,0.4188528558115352,41.04923314430273,32.652115712561326,4.1247000925728,0.0006808533146075044,B0007,98,24,1.5752185465278068,0.8329851852152426
3021.0,2.143779366990932,4.201200470517945,3.5051004339266254,0.2693575081604602,1.8970244466316408,0.4194081617429002,41.05277512550887,32.64767456395258,4.141758365373802,0.0006810397562154956,B0007,99,24,1.569798484648868,0.8301190234003898
3021.75,2.199196544880164,4.201289094579205,3.5054479186890566,0.26588697295785546,1.8909442422981608,0.4324092869182769,41.02092182377061,32.69938792310311,4.14988448429756,0.0006625606187470973,B0007,100,24,1.5702565375950357,0.830361244595057
3012.265,2.0252901014990434,4.201033482375415,3.500074246846,0.2785316768740694,1.8968789299198896,0.4200305221644981,41.34840278359994,32.724576765133094,4.189903711989594,0.0007222948116704114,B0007,101,24,1.565249873909438,0.8277136902689282
3002.641,2.0874226328484515,4.201482697501314,3.5011647157526498,0.27387180614210904,1.8964776036151527,0.4205029223571172,41.23753665797544,32.70434030242972,4.179358307985504,0.0007040668746789451,B0007,102,24,1.559633933561147,0.8247439467235069
3012.0,2.0863200514042264,4.196165946742788,3.500407285435189,0.2731798189442516,1.8967990962803922,0.4202371687052185,41.21700308433066,32.74051962267582,4.147926932207498,0.0007004800449331213,B0007,103,24,1.5649820533392105,0.8275720651161599
3020.11,2.0588247910323827,4.205246397279064,3.507816455272743,0.27615748515568417,1.903150343237685,0.40591693552739394,41.89753189273277,33.38712825139849,4.112559655245686,0.0007107097444287397,B0007,104,24,1.57497949984227,0.8328587758683834
3002.172000000006,2.007722684403967,4.201509838937999,3.5025243992110107,0.2798358907757274,1.9028709165135844,0.4071757763019201,41.90270996402953,33.270627344923426,4.163859729743155,0.0007307333339109243,B0007,105,24,1.5652811168780458,0.8277302117414882
2992.703,2.190682586389996,4.201909525379603,3.505155823274424,0.2675806948659075,1.896329660235778,0.42136532234693136,41.48233804274523,33.115074143665915,4.152179767247253,0.0006720436137463713,B0007,106,24,1.559755497470126,0.8248082304608076
2964.468,2.008435320437976,4.199865517000471,3.4983646475135717,0.2804620319343645,1.9084409166580933,0.3954520690843951,41.6411622659972,32.90572814040102,4.191957988470447,0.0007392321983446928,B0007,107,24,1.549897685670499,0.8195953593923267
2983.375,2.164636064139996,4.200859733656452,3.500140843862166,0.2693018983715613,1.8897565548946964,0.43509210135936427,41.433877603827945,32.953112654161664,4.2355937063002145,0.0006825235411292433,B0007,108,24,1.543877153134502,0.8164116650277281
2975.297,2.064742753691984,4.20162098338246,3.49909547013937,0.2764390932673891,1.8959167588975123,0.42268689798797543,41.8543569979417,33.2282109237263,4.230055892017079,0.0007182066965719645,B0007,109,24,1.5450187488690073,0.8170153478223752
2974.9850000000006,2.170172617792397,4.201149059944848,3.5010357611640606,0.2694893163513689,1.8894086402500336,0.43601518763363395,41.78271326384125,33.361342590516294,4.207462544233695,0.0006826845991332565,B0007,110,24,1.5445940154102908,0.816790746176111
2966.25,2.120750718982474,4.200810741834928,3.497212315865497,0.27297181225456174,1.8889319524937913,0.4364712230547962,41.62744766181303,33.12431679486816,4.225934440755155,0.0007012423170172623,B0007,111,24,1.5343086721758876,0.8113517938745419
2956.359,2.13627215665258,4.200373974181371,3.496089957852059,0.27191513700686615,1.8885129340185374,0.43693642715734243,41.552128441464966,32.991553593266204,4.266374751139659,0.0006981905166215574,B0007,112,24,1.5287603942958483,0.8084178306554588
2956.344,2.093857236476905,4.201791474587699,3.495877119417779,0.27496846524722196,1.8888280889155629,0.437183765778777,41.839167194182565,33.2318318845246,4.269042826967473,0.0007130206221301695,B0007,113,24,1.5289260249179843,0.8085054171397351
2956.406,1.9959465760122976,4.20067023466464,3.493116071455022,0.2822101309265451,1.8888109089947782,0.4371990244939519,42.23998716092915,33.509812392094496,4.281258684515522,0.0007457445488381308,B0007,114,24,1.529091650133123,0.8085930007647584
2947.266,2.0305769860653866,4.20021831736756,3.492655946458748,0.27948843102800136,1.888168080257056,0.43784637646667,42.04090238497712,33.382402850667845,4.275337724892185,0.0007361538901823498,B0007,115,24,1.5239059324661248,0.8058507616000151
2937.984,2.0758803797636745,4.200674971032527,3.49208824531703,0.2765757672691732,1.8879294129270705,0.43854375349663915,41.803429062834496,33.17829959346276,4.281458800711789,0.0007232151677030414,B0007,116,24,1.5186675419100617,0.8030806686899294
2929.125,2.079354904824249,4.200371214024706,3.490216477408044,0.2762707856555497,1.8877500770150004,0.43906630689923315,41.6886924602386,33.01591345323486,4.320505888407097,0.0007241125964922826,B0007,117,24,1.5136482266426952,0.8004264241301146
2928.454,2.0585109366080414,4.200965645223048,3.4905931958620466,0.27791427319149475,1.887812170100525,0.43919081965343704,41.98817160118213,33.271000362987586,4.331213204251753,0.0007315992358476543,B0007,118,24,1.5136050185229033,0.8004035754125528
2929.375,2.0253107306977376,4.201492773602507,3.4911419366203664,0.2803468724562596,1.8876928991276465,0.43904999194355115,42.33252236723314,33.61966967517867,4.3126350834692655,0.0007428827114673846,B0007,119,24,1.5139470614867965,0.8005844498202711
2946.031,2.0069579017420067,4.192768207316796,3.49283645226053,0.2810963399437683,1.9010239453576763,0.41083832287642924,41.63553796804361,33.29697162630193,4.0561094304398395,0.000741950884282884,B0007,120,24,1.5339599193158786,0.8111673712327889
2955.438,2.19792648712031,4.204602036514753,3.5025157522808223,0.26938637317126457,1.8951387117061618,0.4238929728912611,41.470498076928735,33.393130865360554,4.034075535776165,0.0006789773797976622,B0007,121,24,1.5391372798653098,0.8139051911027366
2937.625,2.0299415196572554,4.200995491738166,3.4929535655988118,0.2800473458588181,1.8941605693797292,0.42513816944930816,41.54038193238441,33.138207103628474,4.129587165726011,0.0007390507542933189,B0007,122,24,1.5236247972838737,0.8057020955991137
2929.078,2.117150391576778,4.201036137691208,3.491746263651725,0.2739480815207627,1.8875176184156879,0.4389079062209684,41.13947017697289,32.84069778843796,4.164166207391438,0.0007114476794794915,B0007,123,24,1.5135813035589147,0.8003910347947992
2918.375,2.130989905274772,4.200762329918291,3.490432264232957,0.27334671159184026,1.8871483333452153,0.43974913279356354,41.09041922644824,32.75739655594484,4.189897869081398,0.000709220859088883,B0007,124,24,1.5077850749847914,0.797325953734772
2919.812,2.129431831748565,4.201013677167557,3.488861416967918,0.2733096704992953,1.8807767614744106,0.45257299919365057,41.10034021580957,32.77234087259374,4.209754573594992,0.0007094915170630823,B0007,125,24,1.5031960676037333,0.7948992586125676
2900.422,2.164511453629433,4.200439147859412,3.4891932104785104,0.27158324847907117,1.8864406837331464,0.4409608960996973,41.03075447325996,32.720417557744895,4.208726234723907,0.0007019418878459683,B0007,126,24,1.497822059699588,0.7920574504207774
2901.375,2.1743012710834013,4.200264786461796,3.4878785713375917,0.2708081873411031,1.8800416304859324,0.4538607208355207,40.99688397371006,32.710022803073514,4.2193503420250025,0.0006982770291252922,B0007,127,24,1.492848534633516,0.7894274199989884
2901.187,2.1928976284966537,4.200151660684939,3.486430546073901,0.26942206211431624,1.873350316923088,0.46622807693257867,40.88481342461614,32.62076759783716,4.238707875128191,0.0006918733718951192,B0007,128,24,1.492414389867026,0.7891978415957107
2891.64,2.029849589914729,4.200453152662228,3.4812572775226682,0.2810450178149723,1.8797045920181357,0.45449977310724343,41.09400879501426,32.57651826255201,4.2749501050216985,0.0007506479239281166,B0007,129,24,1.487482776538081,0.7865899743564149
2882.906,2.095949224783681,4.200291122451955,3.4823550791204023,0.27618473675568306,1.8790771964585375,0.4552626065425889,41.01377835587309,32.58396494906228,4.273138005500479,0.0007299377425654094,B0007,130,24,1.482535148640411,0.783973638515397
2883.265,2.177723491219515,4.199877643371451,3.483507428628053,0.2706642376770264,1.8728827201349671,0.4678119689864753,40.90635248178393,32.623742674615976,4.266720493587377,0.0007013417608689927,B0007,131,24,1.4827874322228984,0.7841070476141841
2882.969,2.056251340337525,4.200436806124781,3.478976541530706,0.27901477412156306,1.8726821517266898,0.4675811072168464,41.06596192416311,32.58599202496769,4.3076835222818355,0.0007437421164734189,B0007,132,24,1.476971179775059,0.7810313778074761
2891.656,2.1512510632923165,4.193077426787744,3.483501191305966,0.271459803978156,1.8727698069700482,0.46683594659008937,40.84520330629611,32.864544723781215,4.08758246845701,0.0007061097044376744,B0007,133,24,1.4819015554137276,0.7836385905485969
2901.25,2.1693699073642034,4.203372086437543,3.4899701994096612,0.2720921390700621,1.8800526095621806,0.4539785354819096,41.12807910254104,33.079651096902374,4.110884483593546,0.0007010778730110607,B0007,134,24,1.4981366198874824,0.792223791768746
2891.703,2.116759239247948,4.202065190134895,3.484801138956006,0.27487138562116303,1.8730803637891618,0.4669098151458404,41.094988453128494,32.932141650182686,4.174005987806364,0.0007211342073812374,B0007,135,24,1.4820775214392872,0.7837316424573085
2883.016,2.009424225590032,4.200086642861885,3.47835437960934,0.2823117509156759,1.872593579883026,0.4676279238706421,41.11877573165318,32.755748003791545,4.2318245993429295,0.0007598509398740254,B0007,136,24,1.4771155312812152,0.7811077117652985
2873.453,2.0034792344341588,4.199758658258613,3.475694933923807,0.28258465838189456,1.8724797349992206,0.4682939637491315,40.98003499062696,32.52965474617847,4.278489942494685,0.0007643345563071518,B0007,137,24,1.4720772783056488,0.7784434528297595
2874.031,2.172988732474185,4.199843161074874,3.481431873453954,0.2707612378199709,1.865968723158606,0.48050153919039557,41.017509953482886,32.848065199041,4.236833831146553,0.000705230538084206,B0007,138,24,1.472248013656454,0.778533738725724
2874.234,2.087464676179042,4.200352076636086,3.4796060336232353,0.27649649550394423,1.8658199135269655,0.4802910213143421,41.299420742573055,33.072327061961936,4.230454583044632,0.000735113216410718,B0007,139,24,1.4670106672274663,0.775764197956411
2864.984,2.110564313669325,4.200169604165679,3.47822589673296,0.2751259546380272,1.8654929805746865,0.4810263798048699,41.105738037939375,32.85096451719535,4.238463599932854,0.0007293601955530482,B0007,140,24,1.461767249533538,0.7729914466651282
2855.093,2.0724687293779813,4.199911577879335,3.4743233868367187,0.2778258705992035,1.8651572711615223,0.4818620605437838,40.87704013237699,32.57230232995455,4.279162417737779,0.0007451395973796138,B0007,141,24,1.4566952670489708,0.7703093513592872
2855.625,2.1253826973270518,4.199564012073342,3.4737305453330443,0.27395504541306487,1.8585270477249944,0.4933792700262001,40.73021986226824,32.45068444176091,4.314209166780903,0.0007263493332444877,B0007,142,24,1.451354972758956,0.7674853711324945
2855.594,2.1147331324879475,4.199951033620322,3.474812723214051,0.2745709348042032,1.8589284752853454,0.4935801190343261,41.03226257370644,32.7394359440147,4.321585717766446,0.0007302221188069363,B0007,143,24,1.451615926257375,0.7676233649357621
2847.437,2.1738445330859366,4.19995987158867,3.476096426841386,0.27115793190115217,1.8582313740431637,0.4943179431936904,40.89527781087817,32.775898242252914,4.260496392743507,0.0007115575651024883,B0007,144,24,1.4468161332173683,0.7650852050701119
2847.36,1.9947266977360072,4.200414702164272,3.4686822529487804,0.2837379792854724,1.8581243414426252,0.49421634300942036,41.02491521192672,32.5817324044051,4.329790728662311,0.0007746431797975193,B0007,145,24,1.4467570607768785,0.7650539672029023
2837.328,2.0033802121225017,4.199552965128597,3.4661964701943586,0.28266310578979587,1.8577436806402121,0.49503779035040185,40.81596834579472,32.35021153014993,4.374814862062681,0.0007740285060472725,B0007,146,24,1.4413797481446793,0.7622104114507394
2837.281,2.116470909151213,4.199706970400125,3.468183423895935,0.27448777109671585,1.851279547247487,0.506240635471123,40.65138669632271,32.28754240914786,4.3952011550105174,0.0007342367785386473,B0007,147,24,1.4362456252208178,0.7594954559011889
2838.515,2.051877342511651,4.199300346769649,3.4678606629897453,0.27877904296350897,1.8514568747110707,0.5063287403769802,40.965385542419945,32.603239183227075,4.372715727989158,0.000756530440831913,B0007,148,24,1.4368154153924828,0.759796764422933
2828.328,2.003221375307111,4.200086391757318,3.4662499547181245,0.2828554929502132,1.857456774483957,0.49568731293295093,41.11319128215138,32.61208344144242,4.387264933884441,0.0007767362966566136,B0007,149,24,1.4362945145860049,0.7595213088960036
2838.265,1.9865974995249176,4.189989265375979,3.462469269360201,0.28234983840720784,1.8578494984920149,0.49503202371524463,40.78738321989129,32.26742656599958,4.390539437199949,0.0007763164348117816,B0007,150,24,1.4418575315878015,0.7624630662526647
2864.547,2.1908121182442706,4.202670619155847,3.480518309485383,0.2708729920104874,1.8658667712731958,0.4811795323057016,40.73001188190229,32.637733704417855,4.221393259663522,0.0007023304211491647,B0007,151,24,1.4672063484781797,0.7758676753965592
2846.39,2.033261415031626,4.199186500777735,3.4723137993738336,0.280674535222071,1.864786682052692,0.48243812429354577,40.990354594470126,32.665258715232376,4.290375068030043,0.0007609375685503775,B0007,152,24,1.4518640367848883,0.7677545672975995
2837.969,2.19135439601875,4.199638763972608,3.474362108592906,0.26998998098418464,1.857949982623541,0.49503564255839744,40.62521315513875,32.502652632323915,4.277163577369769,0.0007076484513938871,B0007,153,24,1.44713797527485,0.7652553971151792
2838.156,2.1840705012733683,4.200028390360542,3.4722823212388754,0.27038243077626223,1.8512445938350375,0.5062646023589104,40.58944296824891,32.446842086875606,4.306261349378548,0.0007103055255198,B0007,154,24,1.441790586562399,0.7624276653144856
2829.843,2.1664368343684446,4.199347098159206,3.4701761898320465,0.2715372359526194,1.8509121480960298,0.5071239958978012,40.584393586876246,32.39361892904713,4.332318428054009,0.0007183827031360966,B0007,155,24,1.431630947911111,0.7570551863639823
2829.625,1.987193667465448,4.199148920577739,3.4635011119445216,0.2837615614650409,1.8508582746706244,0.5071501586119525,40.884444140401214,32.417221778010834,4.395630113779814,0.0007817132139814608,B0007,156,24,1.4318084249673686,0.7571490373149529
2819.437,2.1314172797434523,4.199648027535327,3.467453100453348,0.2738609968254639,1.850448167143934,0.5079355474167101,40.65159637790841,32.40094040453025,4.353617764776864,0.0007335616109854111,B0007,157,24,1.4262562585106868,0.7542130177927987
2819.579,2.188995882590831,4.199193175738452,3.4675864728547836,0.26996449680019863,1.843698695478505,0.5189749858583521,40.53138082339522,32.36314241861483,4.358985471748322,0.0007129423552763095,B0007,158,24,1.4260877528924911,0.7541239109930522
2810.672,2.032246494641712,4.199053572226856,3.462182535852444,0.2806297602259418,1.8499114068945497,0.508606573254118,40.821433488540606,32.382600705235255,4.416777054306035,0.0007709213588725915,B0007,159,24,1.4212633510031694,0.7515727378176299
2811.485,2.1695130053947387,4.199879744716988,3.465962999117946,0.2713369138330934,1.8433052525030065,0.5196398990656523,40.643362943412974,32.4323818014572,4.384266139191813,0.0007221687966758667,B0007,160,24,1.4163272748795108,0.7489625106252409
2802.422,1.9917978280585305,4.198680179439704,3.4601727514874407,0.28368201666912907,1.8494704084408726,0.5095691996211413,40.97063567014205,32.4886182994049,4.422683039166921,0.000787491088558816,B0007,161,24,1.4165781829175994,0.7490951923277513
2801.625,2.1534486462617077,4.199235005181635,3.464226115253961,0.27226661402086466,1.8426518730090404,0.5206635327305827,40.74888323397497,32.524062377970175,4.391020427466083,0.0007302142003015849,B0007,162,24,1.4108401729425175,0.7460608976183625
2802.031,2.0101572712330453,4.198950996279868,3.458799193390812,0.28201606607307056,1.8427340446711198,0.5203944580681784,40.93461596721165,32.482615965621896,4.4355190200122,0.0007811454352385192,B0007,163,24,1.4109949628347804,0.7461427514584917
2793.39,2.132718741006573,4.199393701075195,3.4620805499710854,0.27384344144244144,1.842254634156323,0.5213616114330628,40.74175890345818,32.46389583182878,4.4163910880933805,0.000739844762123664,B0007,164,24,1.40617142903988,0.7435920373366997
2793.39,2.0114763339798887,4.198994975977764,3.4578782949034514,0.28194439535178567,1.8422801054282005,0.5213242317344969,41.00964443691023,32.55681404542561,4.450193616303096,0.0007831053458335126,B0007,165,24,1.4063358479692922,0.7436789830704655
2792.485,2.1610456063312298,4.198421699164089,3.461590937144894,0.27158635705288503,1.8356178787001052,0.5319715091916783,40.80558697887537,32.576296430484255,4.42002640202997,0.0007295924930063578,B0007,166,24,1.4004552399066514,0.7405692816217144
2802.016,2.0143553387267827,4.188887274283021,3.462906230864041,0.28210992553139796,1.856105838135471,0.49822502347958975,40.92586026351328,32.81804879809979,4.132235386062879,0.0007760597853674778,B0007,167,24,1.4217865046055154,0.7518493846367692
2820.39,2.1732119934933296,4.2050716026539625,3.4753580425264796,0.2751974835408152,1.8574525637904344,0.49668187560982024,40.57390100608222,32.92941193334214,3.9259722832827793,0.000720417959629921,B0007,168,24,1.4324552720625434,0.7574910940083355
3434.891,2.472160843460044,4.188195942647034,3.527546226327255,0.2359380947195542,1.9542109199809996,0.32779609847244107,38.10180309676608,31.773285281389256,3.3938829242732775,0.0004995893899360968,B0018,1,24,1.8550045207910817,1.0
3425.485,2.4114381994148304,4.186703558364525,3.534835576186522,0.23822583660538213,1.9474911909917818,0.3449220364421675,38.14987995994155,31.92489159472864,3.279763415204395,0.0005182522647011136,B0018,2,24,1.8431955317089987,0.993633983664338
3410.375,2.394395968141027,4.188811210133346,3.538246596159443,0.23762181874045557,1.9520851377838422,0.3311910314552543,37.5266914843442,31.31691283374216,3.2673218160594204,0.0005261636160223784,B0018,3,24,1.8396018424355425,0.9916966895859798
3404.719,2.3999481734774424,4.188875360300162,3.537697945111872,0.2370215144318158,1.946124428336899,0.34821873611855114,37.06279237079503,30.821190751176527,3.2908994930952904,0.0005254257948520037,B0018,4,24,1.8306736044962053,0.9868836350412233
3417.641,2.3851461229395867,4.189908817357781,3.542667604586918,0.2397742289312896,1.941296553298507,0.36391498233048675,38.2110354381278,31.95346971511436,3.3037978803889576,0.00052807263677437,B0018,5,24,1.8327002069419656,0.9879761404357094
3411.766,2.371677070838912,4.190509582057232,3.5451037330477333,0.2414517211722879,1.940081322071115,0.365231698676434,38.17496505957075,32.02311236185272,3.213557706310627,0.0005331058786617605,B0018,6,24,1.8285288846046388,0.9857274546289774
3399.516,2.4964491577040797,4.1903241054041,3.5475142438631493,0.23218501916583212,1.9336087087327076,0.3812181755567184,37.64038685475582,31.634533158077698,3.2018227907272063,0.0004982694441502908,B0018,7,24,1.8212011895697924,0.9817772243450524
3388.75,2.4374506721131883,4.190302498850287,3.544812433691423,0.23629886387759835,1.933297862328721,0.38261878510937325,37.37602884738843,31.28819492159572,3.233967699046575,0.0005172561642898116,B0018,8,24,1.815170010643328,0.9785259228744273
3380.406,2.4152206992194847,4.188517549229078,3.5434780274164095,0.2371732047677659,1.9326277820604822,0.384521197348594,37.28928029078695,31.11122470608501,3.282980725104537,0.0005245810266605827,B0018,9,24,1.8042980520967649,0.9726650430627023
3404.141,2.377432309524995,4.191794143442699,3.543133206790044,0.2401297981078768,1.9387908075093485,0.36938795376088485,37.52377766578506,31.13166983979621,3.337110515077475,0.0005329866870725108,B0018,10,24,1.8231002302844224,0.9828009634752516
3396.141,2.3887487262583647,4.190699409462101,3.545155146280937,0.23984417695745233,1.9319664603010853,0.38553858543575087,37.72420412562674,31.51305775907457,3.265356980588358,0.000530587712113171,B0018,11,24,1.8121253520255491,0.9768846014740458
3384.094,2.432289857016922,4.190263311275428,3.545032366549762,0.23671690983377958,1.925061300186587,0.4009985724006151,37.41366095304306,31.31102568785445,3.225859404778515,0.0005194812715777123,B0018,12,24,1.8046916382117768,0.9728772183488542
3370.656,2.497495633221204,4.18970538556629,3.5440892170496827,0.2318704689357917,1.9180531611923357,0.4162090230355822,36.94724908852665,30.893964711700164,3.2378361412913272,0.0005020416655823334,B0018,13,24,1.790844349786295,0.9654123910288773
3357.797,2.478768686108376,4.188354430914051,3.541317108618481,0.23251146397316694,1.9174273940216064,0.4180976004701052,36.70709131205994,30.540598970902945,3.294195544404195,0.0005091391006679899,B0018,14,24,1.783470722841926,0.9614373996680884
3363.015,2.385849407868021,4.193543208571066,3.541197979542517,0.24021272223025195,1.918118110064441,0.41890319040759555,37.13061214416645,30.82566018736547,3.3580945677315768,0.0005375217775427839,B0018,15,24,1.7809386125310702,0.9600723839592448
3357.734,2.372854084449551,4.190238041929225,3.541255460524435,0.241444618741721,1.910662175289524,0.433758174291269,37.686600065941576,31.451400678644543,3.330340162045325,0.0005412531062554908,B0018,16,24,1.771209039672698,0.9548273439880091
3344.187,2.4086912736769084,4.19075698083662,3.5427478949705886,0.23888392979145712,1.909473949995673,0.4348937301850514,37.633580732302406,31.518847747922937,3.25506805148489,0.0005328845866453377,B0018,17,24,1.7686303996707076,0.9534372449488483
3339.969,2.496331992137246,4.189715378549557,3.541251093602656,0.23244841634642938,1.8961919320059226,0.4609949627803569,37.15252578645951,31.11237289077096,3.265314287416293,0.0005070057196376105,B0018,18,24,1.7536304801917124,0.9453510546938519
3327.641,2.4199896352919668,4.187635645163932,3.5350260562177453,0.23673810485604102,1.8949909147363193,0.46300805611524537,36.78829001793698,30.586452588663985,3.337339215918794,0.0005312009347979441,B0018,19,24,1.7462197416415093,0.9413560571253055
3312.844,2.3587321881999297,4.191004692440202,3.5326627624319777,0.2420506018685824,1.900306537433319,0.45278601966131843,36.541146197392216,30.242913021104116,3.3565426413762434,0.0005530814322196493,B0018,20,24,1.7376647337053737,0.9367442042482638
3302.031,2.4458096660548825,4.1906972904216495,3.5333109441755526,0.2357136559940899,1.8937532529571761,0.46659047428474737,36.372087786130464,30.10270376338569,3.3828727078929424,0.0005284286017807728,B0018,21,24,1.7315166735475835,0.933429894181155
3305.547,2.3808537751929744,4.185877977731026,3.52738705832889,0.23938537053798345,1.874059169656162,0.5021391717327974,36.52608510498833,30.251184852221932,3.4016595946943946,0.000546059155273863,B0018,22,24,1.7085949894470602,0.9210732212762566
3289.562,2.436955746154759,4.188109147549676,3.5296025965720452,0.23625500977889216,1.8792679725699233,0.4931616113133982,36.476252762052624,30.212407704391104,3.409250609883509,0.0005323363418579486,B0018,23,24,1.711469957068211,0.9226230652733616
3283.797,2.4671365731790718,4.188302415854336,3.5289707694229833,0.23438380743056172,1.8781179185820256,0.4944960722632784,36.37720890237669,30.125011009636175,3.4262646268519106,0.0005241389290127448,B0018,24,24,1.7075021373272627,0.9204840841029782
3325.235,2.4129371999368505,4.18962510592865,3.5322741848919814,0.23896798551869866,1.8994255210827664,0.45649616652195185,36.64000948247426,30.22428629982563,3.439450161495059,0.0005343044644940282,B0018,25,24,1.7492382064360228,0.9429832579006578
3317.547,2.3497771039810256,4.190150750158746,3.532438322521663,0.24393574439533722,1.8927442392596563,0.4703591142473003,37.38165499248184,30.976376254737342,3.43617025935331,0.0005547392836266435,B0018,26,24,1.7327697147429957,0.9341053864408061
3311.766,2.4904700018477026,4.189151018945234,3.5363211310943603,0.23431450662672548,1.8784657143180254,0.4954762138092785,37.59824760372582,31.415702913300986,3.3716289581396137,0.0005129230196510052,B0018,27,24,1.7222313328292376,0.9284243318688938
3305.218,2.4650908929255406,4.189631312089484,3.53353527421993,0.23637695652955396,1.8709273444688055,0.508253006055095,37.56055515516341,31.383299841535273,3.3624638319510525,0.000521762987846473,B0018,28,24,1.711846298984729,0.9228259445182906
3295.453,2.363133281953362,4.187690359657657,3.527012841842043,0.24335291601062248,1.869833775048847,0.5098074282669256,37.52114200586718,31.167937826253638,3.42790207207348,0.0005536589590882636,B0018,29,24,1.699267835126687,0.916045117993578
3287.0,2.4790616361836206,4.190215357888677,3.52925730014011,0.23601704240940324,1.8624408195732676,0.522503990723708,37.21887096740918,30.994690437264207,3.4100523853442795,0.0005205822092196704,B0018,30,24,1.6940366439243106,0.9132250757005568
3276.922,2.491905723274248,4.189776104976122,3.527821497534469,0.23528435512899715,1.854867790404577,0.5349961869531163,37.33441415744885,31.055317978554886,3.45007971909444,0.0005181296294821402,B0018,31,24,1.6819027078768087,0.9066838862255429
3268.687,2.4337177596826547,4.189846430994002,3.525692957415014,0.24004452342757918,1.8539547618996213,0.536676623451044,37.7331798444306,31.373945543706103,3.486996946086889,0.0005372581318772177,B0018,32,24,1.6769770618433686,0.9040285579078848
3260.594,2.4424506461535755,4.188109551881256,3.524396248234728,0.2394721635863499,1.8458129961867056,0.5488285865629133,37.84649344841882,31.56128410753226,3.457775893932226,0.0005353806409898566,B0018,33,24,1.6655229306478936,0.8978538391580942
3258.812,2.4383419399858552,4.186368648390758,3.520797576383474,0.23938630633957264,1.8383647798398939,0.5598399589800415,37.6701649416618,31.318474723902874,3.4855838311627374,0.0005363999851494664,B0018,34,24,1.6571924575832084,0.8933630290434469
3243.422,2.4157245398944123,4.1901657245031085,3.519457281260753,0.24290739226961808,1.8436169601332795,0.5522208344573508,37.53185198546868,31.104012325043954,3.5082994388302717,0.0005470892115206397,B0018,35,24,1.6482241555294048,0.8885283766459535
3236.515,2.323395712524894,4.189966178473989,3.513165600287965,0.2505997920449218,1.8371621051457112,0.5619685238347936,37.593333753421376,30.989730398009076,3.5588698842676436,0.0005767223281675181,B0018,36,24,1.6387701497987262,0.8834318900203323
3230.734,2.4985039496028567,4.188259618341401,3.517217159454334,0.23646371766168012,1.8212842869006978,0.5851271665449341,37.36141011067826,30.967851972472324,3.544302795113587,0.0005230253152189392,B0018,37,24,1.6276486907262062,0.8774365089051547
3222.093,2.350237238739749,4.18974005757658,3.5120091114107965,0.24844885716156304,1.8271648718054267,0.5771352094086835,37.89980324671546,31.285342046153826,3.6194700286797246,0.0005709030803384108,B0018,38,24,1.62215370227252,0.8744742581978935
3220.344,2.3337740352348813,4.1862359225351335,3.50911052654104,0.2491635346183944,1.8191728083237904,0.5879271724340598,38.03149707759718,31.41096207271253,3.600264689718785,0.0005752372688446489,B0018,39,24,1.6140066510467586,0.8700823275398015
3250.75,2.317647291087635,4.189625262426538,3.516106699716392,0.25277801281033435,1.8694837461066787,0.51113082445877,37.42220155418978,30.755137125871208,3.5914931586392544,0.0005758603311047921,B0018,40,24,1.6760516154424625,0.9035296661852321
3239.344,2.492394514304757,4.186586244011676,3.519010068254593,0.23843671844136033,1.8398837087631794,0.557455591598635,37.32511174435206,30.977446633931525,3.4901045641358155,0.000523004574292486,B0018,41,24,1.649300642552199,0.8891086916860135
3222.25,2.372828310153791,4.189366482043888,3.5124212742229295,0.24807896905848456,1.8381164059202348,0.5600468951017096,37.31088262198154,30.800512192698992,3.5450037617722523,0.00056374836585929,B0018,42,24,1.63238299185809,0.8799886865838726
3206.157,2.3560703177076867,4.188553804618968,3.50815215295169,0.24913183688172647,1.8297880104809252,0.5723375101446685,37.23234655688736,30.616192795676138,3.600430089877653,0.0005715513890652519,B0018,43,24,1.6164159719025777,0.8713811496336645
3197.969,2.4644431530094417,4.188764708195774,3.508648568515266,0.2416809977881533,1.8212266980386598,0.5844700868529246,36.94850857727268,30.399839302766903,3.6193256756647822,0.0005391927048655982,B0018,44,24,1.6109028378249377,0.8684091169427205
3181.625,2.4195167274486726,4.188636968174337,3.5051993439595477,0.24592770126573008,1.8200511638153392,0.5864304687581355,37.002663545357386,30.38386825126278,3.6454592179945964,0.0005560429782660321,B0018,45,24,1.5954638693695655,0.8600862431802414
3302.36,2.3422406504312434,4.188466199744378,3.523165280193865,0.25318729486331965,1.8952650812503178,0.46400505167269374,36.71025442949399,30.576239500422755,3.316712709490501,0.0005590624732958051,B0018,46,24,1.726707440085764,0.930837321813855
3285.812,2.3755467142668496,4.189570916346704,3.527269876472835,0.24733295181963344,1.8868537565375962,0.47879269919136386,36.72807623650589,30.705906284556665,3.2704770617502623,0.0005520779040553308,B0018,47,24,1.7165673917429751,0.9253710017973061
3260.016,2.414629137532592,4.189584987657955,3.526762654741574,0.242383456978437,1.8788753959478912,0.4932680952721212,36.72959308355185,30.62583594950684,3.3110285252805136,0.000544462312493363,B0018,48,24,1.6958235570934848,0.914188368861919
3240.031,2.3844645496129964,4.189371286385834,3.523020179476104,0.2436980584625848,1.8706037936587119,0.50772924417215,36.787462351640364,30.597357068657974,3.3560389537946564,0.000557064650545886,B0018,49,24,1.6777783190792557,0.9044605014567585
3232.265,2.398646371281655,4.187606340824144,3.5197923457982654,0.24226706150778526,1.8563433115641514,0.5324336313668759,36.75689163314213,30.528493896066262,3.3749372701399185,0.0005534694616754779,B0018,50,24,1.6606586897774192,0.895231613273491
3232.031,2.4557130111721626,4.188829347125095,3.5251014582287223,0.23981359831205834,1.8625855613926434,0.5219911058271366,37.35015763097096,31.203754246103966,3.382006202595156,0.000536231346776356,B0018,51,24,1.6664109274827466,0.8983325424846361
3209.5149999999994,2.323665882820083,4.189202115880737,3.518519199837846,0.2493914106635456,1.8608275999435941,0.5243549810230982,37.48126030855565,31.172639449335037,3.399055166146704,0.0005812517570600712,B0018,52,24,1.6468336174407805,0.8877787622525443
3196.125,2.488054079510012,4.186778882107656,3.5190801794284594,0.23690724186719364,1.8386717524299487,0.5584940707862259,37.12544389762631,30.96825922704022,3.3784633114351243,0.0005314951081693125,B0018,53,24,1.6257639928779952,0.8764205017595725
3172.562,2.3306937114568003,4.187888599491238,3.5114167272902406,0.24918642757567697,1.843950259203208,0.5508616436098095,37.19112571388883,30.821704306343126,3.4673002979261565,0.0005853927797264286,B0018,54,24,1.6121577411874597,0.8690856130635962
3172.735,2.389399831578687,4.18915752014188,3.5108038681605738,0.2455983748859378,1.8363611899628556,0.5629058462255028,37.17642722353301,30.765219721637393,3.5102383368818804,0.0005672574887480967,B0018,55,24,1.6057366823755344,0.8656241342693628
3238.109,2.4864200723178747,4.191289655270872,3.5143261179075496,0.24280634848491844,1.8647983585269596,0.5185936132402397,37.11936678632194,30.809988428281613,3.523684352098488,0.0005265016041624902,B0018,56,24,1.673645314879889,0.9022324722778301
3191.063,2.4673631110639858,4.190628233635541,3.5196664048265602,0.24226929721478901,1.8573844598978848,0.5304820811706975,37.2702464066457,31.03903359070028,3.4227631243953587,0.0005400285492864151,B0018,57,24,1.6404348572349936,0.8843293042409497
3165.828,2.375173080957567,4.189158279329032,3.512403849382274,0.24876150712458966,1.8484570483918756,0.5445759168424247,37.39550861947664,31.04176453157222,3.4670906085871116,0.0005729891827261193,B0018,58,24,1.6132653317422077,0.8696826954654632
3140.407,2.371626022111289,4.185868202467219,3.5077862234460104,0.24844054549141317,1.839305430183619,0.5585301359193033,37.378956702246384,30.959784195511766,3.511154757019998,0.000577709252449103,B0018,59,24,1.5920964324686278,0.8582709177386076
3131.922,2.463955873060647,4.186906972044146,3.5076596102713244,0.24221243142965285,1.8305065982985738,0.5711910231065972,37.245718322158105,30.843513277103145,3.5428887269084206,0.0005501258010204274,B0018,60,24,1.5866011820698824,0.855308525821416
3121.109,2.475545296633258,4.189576283423886,3.5074833565874615,0.2428311991615096,1.8293412804363796,0.5733514131418521,37.21755583353321,30.797157400797865,3.550740572319303,0.0005491737029339981,B0018,61,24,1.580076649033625,0.8517912659101168
3105.265,2.3791563087604626,4.189808713646982,3.5023865933440717,0.2505308672928681,1.8279512192885508,0.5749985705458746,37.56150979821064,30.984434580754094,3.6037767599648345,0.0005830911065195786,B0018,62,24,1.5641732953289167,0.8432180503052695
3091.25,2.4776158338943337,4.188889298039903,3.503693493885047,0.24339017954535835,1.818927145862226,0.587619249056592,37.4174791317661,30.967899275139946,3.573851243636714,0.0005535862399176931,B0018,63,24,1.555618272193922,0.8386061892347928
3076.703,2.4205549690097223,4.188220838257245,3.4989948462048113,0.2480474474926816,1.8173207359406967,0.5895905339494484,37.55101533655474,30.976616345195186,3.6189297197045565,0.0005745325009425749,B0018,64,24,1.5402045278637395,0.8302969133503281
3062.328,2.415388497112405,4.186454063976498,3.495405576723954,0.24854315694839318,1.815903873114457,0.5917090949529793,37.59895044072871,30.89768961926806,3.6970561635375097,0.0005783396053146799,B0018,65,24,1.5321613015959863,0.8259609528835993
3050.563,2.3974205597873093,4.1895672733133145,3.494528300232307,0.25180264647469053,1.8221864963215513,0.5830394899363882,37.48923978216981,30.815688222379325,3.6671307579563357,0.0005874806432537223,B0018,66,24,1.5316232403693415,0.8256708936300426
3034.672,2.497752653580319,4.189297764105604,3.4962554827793926,0.24451613098918087,1.8131228210611743,0.595951356849714,37.37911114363861,30.726188079151118,3.675315103650065,0.0005574062404521099,B0018,67,24,1.5222595950771978,0.8206231187124103
3031.25,2.3726090777895896,4.186793087812023,3.48769646191346,0.25310566427547665,1.8045932244909424,0.6074071396924715,37.559604168615785,30.76818712651005,3.7431953850840523,0.0005984936940280194,B0018,68,24,1.5065267126851285,0.812141801165346
3011.343,2.36844257542991,4.188594535127793,3.486547580844067,0.2547236505348396,1.8101191845563853,0.6001145470993092,37.61805450748922,30.775415173787835,3.7478332760385085,0.0006044319626485204,B0018,69,24,1.5014219556532926,0.8093899172887186
3003.0,2.331968556073514,4.186295492358637,3.482298183882304,0.257256305074142,1.8091687217485317,0.6011459535199635,37.71101994346608,30.761821976538275,3.814904254803875,0.0006174914872744331,B0018,70,24,1.4963534117486457,0.8066575552659644
3045.187,2.4057755306304176,4.187384370589753,3.491819481711868,0.2528720400746576,1.8277268538779212,0.5753866279382328,37.767989299214086,30.913721930762733,3.7660703878248487,0.0005850572854669797,B0018,71,24,1.5334262000312422,0.826642837170715
3028.469,2.4720838848798987,4.188929264481706,3.493995853241935,0.24836794799207226,1.8181357480526956,0.5892698272541961,37.91919394450186,31.228215653165606,3.722708709863677,0.0005669020814153313,B0018,72,24,1.523845267514426,0.8214779265683784
3012.937,2.342731326096539,4.185269759332432,3.484377015629623,0.2568306177070208,1.8087318986371326,0.6023205315925606,37.99328509003338,31.261679783387308,3.6860441300064943,0.0006115423034852351,B0018,73,24,1.501192099426124,0.8092660058779417
2998.875,2.4198650452188226,4.18799771486628,3.4859116793558376,0.2522875804459769,1.8068838629047144,0.6044811045252987,37.984838024989045,31.18408593575448,3.751511950806376,0.0005895986560451695,B0018,74,24,1.492417671450291,0.8045358675534857
2983.547,2.438879997223475,4.187899339921793,3.484278753976679,0.2513746279293885,1.8051301104523692,0.6065862830961112,37.8288851383529,31.001432353085377,3.7799081552115963,0.0005862214815782415,B0018,75,24,1.483323851940123,0.799633550923934
2966.86,2.430465824271706,4.1882916128809375,3.4829886521206714,0.25328404675617033,1.8119470315792268,0.5978494500357726,37.844837975501,30.981374033120872,3.797166546167076,0.0005924869352140754,B0018,76,24,1.4807376792294196,0.7982393911352555
2954.797,2.4907267597860656,4.187409532380725,3.483799876979844,0.2485402540522564,1.8022960362005227,0.6110867027177608,37.8984610468502,31.088687926688607,3.800792895557572,0.0005742129738843851,B0018,77,24,1.4735077809902477,0.7943418813674149
2945.735,2.367832802864477,4.188656943531829,3.4787540756450497,0.2586825720615871,1.8094290000039503,0.6011672233885592,38.27784043980244,31.336420133762665,3.811153446087098,0.000618122180259715,B0018,78,24,1.46801928526661,0.7913831307756389
2941.375,2.3532703553328904,4.188198669984733,3.475219435178451,0.25928028571553985,1.800171058595009,0.6133108894413207,38.24434303919528,31.225999871035654,3.8584883621175234,0.0006238335182191468,B0018,79,24,1.458092355711902,0.786031699313642
2923.953,2.362897904778893,4.184528192003684,3.470739535801023,0.25826458177370376,1.7982783434087148,0.6154320620055612,38.06956259266949,31.037323488688802,3.8959264372281956,0.000623002588353777,B0018,80,24,1.44786609888914,0.7805189058362434
2921.031,2.420200016704328,4.1927676322495895,3.474600910003521,0.25673839160569434,1.8059082478297526,0.6057111963440303,37.81744565252647,30.811349225731828,3.8955764571329965,0.0006068294432839849,B0018,81,24,1.4527808777541982,0.7831683758563823
2902.75,2.472605886588914,4.187873640279204,3.4740521567700093,0.2518312779304581,1.7960421274876461,0.6192325273599949,37.90256777035479,30.932223179746046,3.9061333078583482,0.000590911292288447,B0018,82,24,1.4425356364492432,0.7776453481817188
2897.875,2.483165462226557,4.1880559282136725,3.475075728648004,0.25152621540312803,1.7951360727402537,0.6201668039753073,38.16628336469349,31.215527070380897,3.8948934780292133,0.000588324363882885,B0018,83,24,1.4392712877203313,0.7758855957432074
2892.094,2.434198683008624,4.188063095530185,3.472424307596416,0.2553873265325528,1.7941739344584164,0.621439175092375,38.36789486715962,31.400797084337558,3.883504142458167,0.0006064340967207708,B0018,84,24,1.4286475681888218,0.7701585371768062
2886.921,2.497859027600416,4.185913481526783,3.471751102262539,0.25003502675471406,1.7843016718137399,0.6332039857551868,38.19823604401131,31.259213269721236,3.917021849954161,0.0005847248518149154,B0018,85,24,1.4249026750004896,0.7681397317526905
2942.531,2.374740845794832,4.187259539606346,3.4745407296058963,0.2600894900799881,1.813788499367627,0.5953802344781436,38.09998280757164,31.134701292957466,3.868993588774547,0.0006159726758397837,B0018,86,24,1.4698115324524124,0.7923492994106556
2912.469,2.3589340839760866,4.187670932765983,3.471720060423485,0.26107470269964445,1.8110727721248212,0.5988712600602318,38.21452378284136,31.246879695988095,3.8539897822774662,0.0006278991634897734,B0018,87,24,1.4525819651050202,0.7830611455790711
2895.594,2.4413266342198545,4.187836103953847,3.4713984098288235,0.2549764345163562,1.800843536656487,0.6126938105143253,37.93969653616424,31.027558674438325,3.8645440042398214,0.0006031610335337042,B0018,88,24,1.442834198908794,0.7778062979024363
2884.406,2.311419659807122,4.18719517574786,3.4626491088970703,0.2644348065790667,1.7987451761291422,0.614938629351029,38.06666733482501,30.931917385258963,3.950044053401017,0.0006503160498004572,B0018,89,24,1.428376058807949,0.7700121712904541
2873.766,2.495315923820125,4.183339938829854,3.466072725920186,0.24999022482858319,1.7805436810978414,0.6380718121602352,37.63260475617888,30.667082236656018,3.939285264448342,0.0005873909062219154,B0018,90,24,1.4154547844370715,0.7630465417051595
2893.375,2.4398479869382084,4.192209704853633,3.4730670533412877,0.25755912484066074,1.8167789860440038,0.5916262518476441,38.18223603956323,31.226789107710772,3.9027371870675127,0.0006056462497655592,B0018,91,24,1.454576670077708,0.7841364556121901
2884.9839999999967,2.376538319699514,4.186622455926472,3.4668548162926327,0.25997402118722357,1.7982196580886103,0.6162514083056687,38.3907466519188,31.387733116648285,3.927416141559473,0.0006274156585363941,B0018,92,24,1.4283179548274056,0.7699808484662279
2870.234,2.3722299202290382,4.186945959000922,3.46527367520258,0.2606232704196867,1.7965749976228835,0.618554867014757,38.51622654624205,31.505666838292886,3.9227453116506674,0.0006322536903861788,B0018,93,24,1.4197026883204058,0.7653365112635747
2864.11,2.361475505115684,4.18744003081614,3.4638878223448684,0.2619815198121017,1.7954761404060116,0.6196540369514695,38.56612180540248,31.5462258449116,3.9070001172699014,0.0006375329598725106,B0018,94,24,1.4155606630306516,0.7631036189749955
2846.64,2.317937855025735,4.1845980039811215,3.457807923440064,0.2643751106331802,1.793869219146701,0.6222579536456646,38.5606541602861,31.389977882297476,4.007526893252023,0.0006557415581019682,B0018,95,24,1.405680035419228,0.7577771480684934
2839.532,2.3372859753156225,4.186742025132256,3.459813554486507,0.26461246605949673,1.8014995411383479,0.611925179082837,38.53842073636507,31.385433749863733,3.974640822884808,0.0006513242498470288,B0018,96,24,1.4084461071166137,0.759268288206635
2832.703,2.35288102649522,4.1871520936423146,3.458027727779737,0.26299515484071223,1.7916225516906055,0.6247499212813807,38.548873480234754,31.423707199142058,3.992741758386033,0.0006475338456403989,B0018,97,24,1.3968547782872414,0.7530196086484692
2827.077999999994,2.4646122144537173,4.187096292904282,3.4613996718507845,0.2549409261122887,1.7818723066157318,0.637165101754979,38.45838357496903,31.435368910968148,3.9764725580518716,0.0006092807055378621,B0018,98,24,1.3935670371440676,0.751247245774781
2821.531,2.4684655225527004,4.187367312766795,3.4611285476693214,0.2550970840878703,1.7798215335831953,0.6399891838471053,38.54382874673793,31.542375291159843,3.97332841652514,0.0006092088976566603,B0018,99,24,1.3893644292809475,0.7489816944965945
2805.156,2.409292353940073,4.18534593452204,3.455556822823358,0.2595850489683989,1.7857845674580486,0.6323149016425823,38.650883957434026,31.52669677306915,4.039998147096574,0.000633138970018768,B0018,100,24,1.378565141566671,0.7431599902402237
2814.906,2.477625480372779,4.186646524222555,3.459598362944341,0.2549386328393227,1.7784697702070318,0.6409639987322144,38.45654834997334,31.435921914290375,3.989154166168227,0.0006071325450476057,B0018,101,24,1.384901110085747,0.7465755983684312
2801.156,2.335608852853518,4.184730834033599,3.4506569891269216,0.26403237252573614,1.7779631110390546,0.6424948775883632,38.6564130442344,31.475238112886494,4.060106851368432,0.0006601281689345687,B0018,102,24,1.3703251814242443,0.7387179740348331
2794.187,2.441999086782534,4.187175976285891,3.455515243082573,0.25753346472332,1.776571638758199,0.6437639175845646,38.655587491253975,31.5817445550721,4.027691485226959,0.0006245741210245975,B0018,103,24,1.3733464385229082,0.7403466800917733
2785.391,2.465168783147216,4.186108406696249,3.455840338587253,0.2560472901892914,1.7754506013455535,0.6449756066780407,38.6997087046862,31.647958536134297,4.025791687719114,0.0006178448998898297,B0018,104,24,1.3679487285504814,0.7374368704864981
2779.5,2.370892032033162,4.183460397462309,3.448678293668265,0.26190564612415446,1.774390955906574,0.6461617241844326,38.87481687744787,31.662032275252905,4.1035118813595215,0.0006521202969703712,B0018,105,24,1.3567141087089647,0.7313804864100185
2899.234,2.461879783248223,4.187091541628412,3.4745031786447553,0.2562696911093872,1.819794772496375,0.5874659573524134,37.36397452607736,30.434500875864142,3.8621634894203623,0.0005950577836698207,B0018,106,24,1.4604310209194575,0.7872924322020762
2894.922,2.424706636890725,4.18736921126964,3.474031881945217,0.25813961239512057,1.809927412109127,0.6009072310913439,37.88258787662229,31.017997058077018,3.8502411712043516,0.0006088808521883889,B0018,107,24,1.4500998937104097,0.7817231049614924
2888.25,2.444722297403138,4.187597633155394,3.474404210386772,0.2560558945441953,1.7994716802739488,0.6142451481750861,38.15898073660424,31.39483761465523,3.809113141469468,0.0006034364531298385,B0018,108,24,1.4381406901824496,0.7752761106852413
2873.906,2.443569395327192,4.187608979498198,3.471767043833224,0.25752330438826654,1.7960312665730238,0.6185715286559302,38.05243159675446,31.24511885640641,3.833580695160771,0.0006068533849649245,B0018,109,24,1.4283681980964316,0.7700079337204485
2847.406,2.4666000274194886,4.186194120124063,3.4685305272975935,0.2544729699855063,1.7958067536887055,0.6191334668661588,37.89096376444466,31.05306925187263,3.8706372119959003,0.000603916017843811,B0018,110,24,1.4147874517552432,0.7626867945054364
2849.281,2.4272514813701016,4.186991375693876,3.4651213646662598,0.25922497389969,1.793095983967619,0.6227435570864178,37.81203585126145,30.88589263299332,3.9049837263480343,0.0006176084051814385,B0018,111,24,1.413889163393182,0.7622025431993112
2833.688,2.4762628371779,4.185443351643291,3.465287985947589,0.2534224673361877,1.784522220258497,0.633648562755896,37.9591954678784,31.053992379018933,3.941143994009772,0.0006031646795502506,B0018,112,24,1.3989331662177225,0.7541400306782735
2826.453,2.3607989727330003,4.186308413669027,3.461799526154992,0.26298480955619646,1.7936349386243768,0.6233066779952438,38.52104349883516,31.492840068071885,3.9564894882696335,0.0006458658399541853,B0018,113,24,1.3953322584033976,0.7521988452127043
2818.312,2.377011586588198,4.187179397572641,3.463260140320492,0.2619734430620895,1.7921712656095332,0.6245321453968633,38.87868799770175,31.93832684630049,3.9307785458985087,0.0006422879407902472,B0018,114,24,1.390046129540245,0.7493491870022229
2812.7189999999973,2.456756319667845,4.1854460754417,3.462839429201602,0.2556416201337189,1.7810627455284795,0.6375053030731026,38.65118899876309,31.74562722135923,3.941583202743659,0.0006145973898472818,B0018,115,24,1.3860271454209647,0.747182624023947
2803.5,2.3277314025979847,4.193052368415502,3.4569152237960306,0.2676082970326924,1.7990905233497705,0.6147510590963998,38.434235278537344,31.31018499405759,4.001407419147485,0.0006653543662627136,B0018,116,24,1.388215260193751,0.7483621978461461
2783.25,2.4537913827403948,4.186241953638429,3.4574690175816127,0.2574394360571047,1.7874289422857004,0.6295730301239334,38.10387572433,31.127360345471814,3.968192773076563,0.0006224559672677749,B0018,117,24,1.3761826562394497,0.7418756347033405
2776.391,2.3475608877759067,4.186011006323472,3.4502191781217797,0.26493801889138324,1.7863907389611124,0.6308837416826972,38.12742842632319,30.985550813719595,4.031858472177784,0.0006621726257387974,B0018,118,24,1.3647168898640163,0.7356946436346267
2766.516,2.3558347560196564,4.18675624032869,3.4486728051793962,0.2645712379606562,1.7850675674566443,0.6322153665675796,38.03962943213698,30.899653280757406,4.054858547948222,0.0006618148907539424,B0018,119,24,1.3589854739373584,0.7326049390746541
2751.516,2.379110236294476,4.1831553230638425,3.444632719716698,0.26235097271168484,1.7785410209464845,0.6403904625453479,37.85657903247749,30.706123644966482,4.097169914640952,0.0006556549504961507,B0018,120,24,1.34623087640088,0.7257291620112973
2848.859,2.444740635238248,4.191989955143364,3.467272639213176,0.2597087050137913,1.8098578920322332,0.6010649519133399,37.43017193410286,30.47122187456595,3.9322530705786445,0.0006133154781985053,B0018,121,24,1.4268427818454643,0.7691856089045949
2840.016,2.431867772331712,4.185628679672912,3.464490491162134,0.2578119687917207,1.7897567152433198,0.6271526363870706,37.8264149292754,30.939221783021114,3.910645760866231,0.000617517967272438,B0018,122,24,1.4064481483279665,0.7581912240991064
2817.375,2.344037291947413,4.186834478731371,3.459667012281024,0.26514702115159183,1.79712433226739,0.6174360131150006,38.08307173716899,31.111640631561894,3.9143923941516032,0.0006540830335982815,B0018,123,24,1.3934907492075153,0.7512061203027418
2809.234,2.456436863057259,4.186613091061155,3.462241956955771,0.2565546711445496,1.78629328383804,0.6308704362047373,37.88279649093536,31.037910219908994,3.90122990539565,0.0006158889675989598,B0018,124,24,1.3882493512249316,0.7483805757157408
2791.187,2.395547668334432,4.183907160253637,3.4555661695067355,0.2603308765642147,1.7843321032208908,0.6335286523269976,37.96027066990377,30.967950840538833,3.976201849440167,0.0006407164736433657,B0018,125,24,1.3701878338420928,0.7386439323920165
2794.016,2.453674917297921,4.18533882899107,3.458696199585801,0.2573622425302024,1.7846736208611762,0.6337482945023926,37.880513353762176,30.93996203578424,3.9653223079636715,0.000619775946770938,B0018,126,24,1.379695166560862,0.7437691666500521
2774.719,2.3062728144586413,4.185280284017658,3.4525282614097663,0.268153663797996,1.7926482857452226,0.6234548461128983,38.43416278222213,31.295019295352862,4.021572278458723,0.0006771883817997486,B0018,127,24,1.3686586323935683,0.7378195670433692
2777.844,2.3471092023857154,4.186281579801858,3.4552290080443044,0.2647639387319315,1.78281998030131,0.6365892635266139,38.847489737859576,31.81846533166901,3.990717589452208,0.0006620862717330933,B0018,128,24,1.3627371779096438,0.7346274160714679
2781.125,2.4884289104730986,4.185356132672309,3.4619744219744675,0.2545420008137018,1.7727156085735203,0.648304605652572,38.80283421497622,32.00067162597675,3.8947425245055447,0.0006101585589282074,B0018,129,24,1.3634051133928071,0.7349874882306874
2760.906,2.3992178234155577,4.181406543107895,3.452221905520614,0.25988652157311093,1.7700452313038857,0.6510139340943539,38.72699121838442,31.73992229230571,4.008389000560454,0.0006455086553806385,B0018,130,24,1.3518646035305233,0.7287662042753458
2753.25,2.278633888650029,4.185252405343103,3.4476500494421916,0.27085690569915755,1.788630046665221,0.6282568546287572,38.67191958148309,31.52613649688221,4.020749179875872,0.0006924974182123216,B0018,131,24,1.3547969729652622,0.7303469925709389
2742.843,2.365584676338373,4.185763363191996,3.447928507599004,0.26405515941435304,1.7778658975348722,0.6419332769859928,38.371813640118894,31.27624493654335,4.038942005808929,0.0006636102346556559,B0018,132,24,1.341051440640485,0.7229370201580871
6515.422000000006,1.9182683747066007,4.196965327364252,3.400080836543819,0.27725912189293783,1.0682837807372227,1.7776138274118163,41.81748104839704,33.13281956573637,4.256134631485754,0.0003497389658962457,B0025,1,24,1.847011162956716,0.9989331452015167
6516.219,1.8939610306669548,4.202556431495687,3.4067357604110753,0.27504124242867545,1.0687502257592072,1.77770640178997,41.50441060959557,32.848310333012144,4.23035468946509,0.00035428450161492913,B0025,2,24,1.8485654344528384,0.9997737537182693
6489.5,1.82462740970999,4.202713117217314,3.407792325190085,0.27783293248964874,1.0722492401337294,1.7793285120579432,41.67077619357013,33.07297579198606,4.175549321161962,0.0003664512994078626,B0025,3,24,1.847111177186175,0.9989872366606275
6471.25,1.9612044915457985,4.203084581094102,3.425685226676254,0.264581610677064,1.0701703851632667,1.7786206741256636,41.58349706133725,33.12836651135456,4.126800254625657,0.0003464369464243081,B0025,4,24,1.8489837601535537,1.0
6466.672,1.7869386268841287,4.200058863569411,3.4102415310941074,0.27783809926515024,1.0699350367796663,1.7779753607281148,41.82908827830225,33.20066590827124,4.13842991264898,0.0003731626154357732,B0025,5,24,1.837012071856044,0.9935252604400834
6410.672,1.9399607811955053,4.178122904439056,3.3956511580583038,0.27340057475515217,1.0613422621953235,1.773835483775382,41.15307253815554,32.8030291471027,4.084111240672529,0.00034913065638727907,B0025,6,24,1.817549211247137,0.9829990129800782
6474.156,1.7632585904014149,4.198227921922519,3.3987545550856617,0.2840299375934012,1.0704965497254508,1.7781798340878443,41.167510218490015,32.70663040910488,3.9453442378223937,0.00037610606409871865,B0025,7,24,1.839863822522073,0.9950675945197467
6460.75,1.7411634552856723,4.201052747751877,3.4107861698937034,0.27929907379420843,1.0678133364404738,1.776567961680625,41.40744159178738,32.88774741633189,4.046522129005724,0.0003807436121914955,B0025,8,24,1.8430595619731431,0.9967959706796351
6448.907,1.990361763373611,4.2014816169511375,3.4362212866947472,0.2573254249297992,1.0622672819287482,1.7745088875554338,41.089112912518665,32.85054388832057,3.9752906556990273,0.0003428673810271301,B0025,9,24,1.8401871729536057,0.9952424746017144
6447.125,1.8524105657072527,4.201461223125712,3.429899192703782,0.26418077495235187,1.0623079806297402,1.7740595252032167,41.56081694228564,33.21344988692114,3.9644149589399205,0.0003643563072560962,B0025,10,24,1.8281265632888255,0.9887196430200144
6431.219,1.7970500760271888,4.190430872833885,3.406197718925981,0.2745339232441811,1.062314513482717,1.7737442659364266,41.027186904575295,32.54793058844526,4.091844842351788,0.0003721504114238213,B0025,11,24,1.8253563336445804,0.9872213985767992
6442.203,1.9099130781506344,4.197641122625931,3.431364532702854,0.26084605518510945,1.0595949520612464,1.7727393684908475,41.20659187421087,32.95568065114475,3.985093101430947,0.0003551157957107679,B0025,12,24,1.8214180552626156,0.9850914294192347
6427.079,1.934448897147264,4.200877212432817,3.437199999112006,0.25890024568647385,1.0602000326163734,1.7730239628277904,41.45812420664237,33.31259035127085,3.940659916066516,0.0003526373824385158,B0025,13,24,1.830315627968932,0.9899035715797356
6417.156,1.8425883947903756,4.20189282071032,3.4349851634526334,0.26292297600879183,1.0603941947047575,1.7728484251384813,41.50830652935,33.27639301328207,3.9443008539302693,0.0003676557693034024,B0025,14,24,1.8175491643824844,0.9829989876339105
6398.907,1.828585254411004,4.200832471783116,3.4358715577304486,0.26274880217833135,1.0604647473814754,1.7728190613862487,41.36968179986157,33.13052620279671,3.9579434967975438,0.00037072694092477233,B0025,15,24,1.810901200296979,0.9794035184747042
6384.75,1.8355395996102943,4.200683407820828,3.437200278486185,0.26205074239450227,1.0610339447341646,1.773127330668166,41.46226760798129,33.262538649813465,3.94326782893943,0.0003704364005185064,B0025,16,24,1.8083032603084237,0.977998454761035
6284.063,1.949278391612896,4.176908127442872,3.388736246577245,0.2795553328013125,1.0620562132817901,1.773940598359129,41.32045149274522,33.4559068625216,3.7549242831552956,0.0003544887656011686,B0025,17,24,1.7928016149381063,0.9696145815738362
6370.937000000005,1.7363301713780446,4.198430576015103,3.3997812429989795,0.2871263289207327,1.065422244498521,1.7750323614663546,41.29100352861782,33.359161719231366,3.7623633886249075,0.0003864581308270756,B0025,18,24,1.812563150045885,0.9803023634428005
6359.812,1.7105280581137303,4.201378297006623,3.4092528162288933,0.28165195423195305,1.064513292440049,1.7745716598357282,41.08913600776219,33.19907517017467,3.7350789378887357,0.000391654696537082,B0025,19,24,1.807772607491239,0.9777114577475293
6346.156,1.6755342791432477,4.201267329262803,3.413290161572333,0.2804586847639107,1.064760610416105,1.7746604344367458,41.02067280816404,33.10915637159371,3.7259416734151705,0.00039799416372991074,B0025,20,24,1.8048055175003967,0.9761067438204606
6328.172,1.6704419000715314,4.201007650907643,3.418321145613461,0.27766750217058994,1.0651471467215483,1.7748315930922423,40.73588950026045,32.8730319628199,3.7747898074729687,0.000399888901698012,B0025,21,24,1.800538555899242,0.9737990104086752
6326.062,1.7016507714607274,4.200640308563649,3.422800244593675,0.27305443339894786,1.0619411430227987,1.773119254402434,40.76227622359968,32.8903015920882,3.6905163866293633,0.00039503083230972477,B0025,22,24,1.7942356098033032,0.9703901399622332
6352.843,1.8891035060983297,4.199028873312285,3.4103062616510487,0.27291746817701595,1.0590696327768256,1.7719128617558437,39.71112605386658,32.07013291213046,3.6593856488840237,0.00036360498240141544,B0025,23,24,1.807409052434889,0.9775148334914461
6309.172000000006,1.756482386846181,4.200691577023061,3.4104689136383888,0.27717989671469156,1.0630664148783957,1.7736933399161556,39.797043058510575,32.18349666127279,3.667525964968435,0.0003874056992227947,B0025,24,24,1.7902504816962077,0.9682348327102298
6284.297,1.8323981556137667,4.199965507353377,3.4208452515825636,0.2693278914951572,1.0635557830224975,1.7741881415730059,39.64019141128942,32.133961271398654,3.6459978535069166,0.00037674338939416933,B0025,25,24,1.7961223845359495,0.9714105787423389
6265.969,1.89712686584404,4.200628533399999,3.426965494192803,0.264703594202633,1.0646308422852058,1.775055036637672,39.75344188854835,32.19734869129393,3.7090136956102344,0.0003676209804989394,B0025,26,24,1.7912236690350776,0.9687611690468935
6266.641,1.9934958310371556,4.200021709929957,3.4343195510923628,0.25849401157505136,1.0612445632401712,1.773684429110878,39.57317189988566,32.128660226085096,3.6748925255404234,0.0003521066355792204,B0025,27,24,1.7854822365303245,0.9656559862819154
6198.75,1.9679550948765452,4.179880908916163,3.379891621690332,0.28344367779615787,1.0616823792692962,1.7735787588393495,39.45687787991913,32.16680073898097,3.541681171206885,0.0003568341704439794,B0025,28,24,1.7677890780323615,0.9560868603224243
6515.422000000006,1.98069037313681,4.185453870728775,3.404890220315493,0.26717533811209604,1.049714799396727,1.767461190189042,40.711455499237935,32.764485625071856,4.077585320786332,0.00033839151133909103,B0026,1,24,1.8132504303869896,0.9981958076820805
6516.219,1.9296821070764223,4.191986600147927,3.418631404129339,0.2630985626633311,1.05032568804846,1.7676307502971977,40.56984371986605,32.560591865941106,4.085025692646042,0.0003471805494983371,B0026,2,24,1.8149760087078304,0.999145739923554
6489.5,2.169258771295841,4.19141376026019,3.4453022579697716,0.24623493389769568,1.0475510378692992,1.7661879884386458,40.42073541309615,32.70948277164228,3.931800524217797,0.000311604128047515,B0026,3,24,1.8135354175561995,0.9983526933459587
6471.25,1.898741105703338,4.188502919522219,3.4281919482774947,0.2601170374121666,1.0512603734193369,1.7681283875145524,40.839359753382105,32.89402601565415,3.996810825561116,0.0003538360925352723,B0026,4,24,1.815149273310334,0.9992411222253809
6466.672,1.9095478812878095,4.191429313781171,3.433945869545595,0.25751446804904116,1.051392872905392,1.7682016245691197,40.762597974826,32.88851048708752,3.973580111812301,0.0003528679717315741,B0026,5,24,1.81429130140682,0.9987688080084121
6410.672,2.044256084427152,3.986547462246525,3.2986715430208906,0.2320689462209439,0.8178908015954495,1.6194706274584922,39.78739652537364,31.60887613480477,3.8159797472853496,0.00030297781228229634,B0026,6,24,1.3863373424430123,0.7631798123794676
6474.156,1.8584184081271529,4.1842030048921135,3.395711592779412,0.27611351202954765,1.0513832785690405,1.7680871187138394,40.12859054534907,32.4909596779559,3.795528751394217,0.000359241358528426,B0026,7,24,1.8165277958816064,1.0
6460.75,1.9288388497995343,4.189253474215399,3.4209107644287986,0.2625041134276123,1.0491412500799762,1.7669540464345668,40.39287009990307,32.63416073863936,3.9396540557002977,0.00034986876514582125,B0026,8,24,1.8085638576011065,0.9956158456267196
6448.907,1.935441772448038,4.190404777859946,3.4290052342029878,0.25827625191223197,1.0492745282143645,1.7670693581261139,40.37811271633581,32.646683898798194,3.9023621609283254,0.00034966592097108984,B0026,9,24,1.804936077644182,0.9936187498679047
6447.125,2.084244057146889,4.188068725985081,3.4422746572295977,0.2482617070302753,1.0431023777984292,1.763591537675532,40.6345527951007,32.95341147758712,3.8397526193941864,0.000326319819894634,B0026,10,24,1.8049315924982108,0.9936162807914714
6431.219,1.896444377630184,4.137907749692748,3.391747147883427,0.2558930148459232,1.002363649452946,1.7404900136710557,40.0980220096873,32.14122281811957,3.9525593018897767,0.000348528540555463,B0026,11,24,1.717679232699393,0.9455837871535351
6442.203,2.039907733440496,4.186123854255208,3.433128893119263,0.2531849870337747,1.0466477287865616,1.7656541498258487,40.34748376711444,32.73498021932445,3.882303121815993,0.0003331494087992434,B0026,12,24,1.809804813280106,0.9962989927174565
6427.079,2.1312634408664395,4.1900980869893365,3.4445618404708633,0.2477561697377913,1.0470104688191864,1.765747684528271,40.65512551876581,33.077725434853896,3.8365400487868078,0.0003203375353131488,B0026,13,24,1.806556213274488,0.9945106358241663
6417.156,1.8782785619868927,4.18806162606315,3.435084142217923,0.25748189019039047,1.0471811022139592,1.7657336458014385,40.78648924035223,33.067457381369145,3.8854955036454624,0.00035993874296904384,B0026,14,24,1.7938155707698509,0.9874969019669018
6398.907,1.9640553148703688,4.1883484559434,3.4457210478614795,0.2504847856414371,1.047717137687557,1.7660574172758736,40.64545029611132,32.902717226956746,3.8818354175697176,0.00034760516773771376,B0026,15,24,1.799304949381792,0.9905188092696068
6384.75,1.9028600928182504,4.18723267594963,3.4449342432242034,0.25228037433618306,1.047858510047154,1.766208770424833,40.753548433947245,33.04143942038261,3.8451174478843777,0.00035778575247760367,B0026,16,24,1.7842197448470132,0.9822143921453658
6284.063,2.066791178782658,4.116319031433004,3.348388974288582,0.2696805904240787,0.9984145932832351,1.7384001139929839,40.90407080657346,33.28920270851618,3.7979316406600674,0.00032614692956616534,B0026,17,24,1.6818819918515189,0.9258773775246635
6370.937000000005,2.1735697218309302,4.182977160580856,3.4115903895548496,0.2620166870308179,1.0522389405535977,1.7689492793920512,40.76016987388447,33.31828122927918,3.7913387722090186,0.0003154021831874847,B0026,18,24,1.8007519383961936,0.9913153778757586
6359.812,1.869998135001252,4.188680037627242,3.4077180188358045,0.2724948959823716,1.0585224844148562,1.7721800022967573,40.86760057065783,33.24546150252619,3.8107062275160897,0.00036458340319273444,B0026,19,24,1.795972684272296,0.9886843946699233
6346.156,1.834360851438286,4.189566172290167,3.416993809879986,0.2684665308541439,1.0587121630777079,1.772317041156986,40.8457724786952,33.19381621015531,3.7841823708610436,0.00037112313672274695,B0026,20,24,1.7931026940553298,0.9871044627671619
6328.172,1.8588013920189888,4.191202777072821,3.4279308915459796,0.26263716765055567,1.0591592504619796,1.7725647578759898,40.61328442378913,32.950371591621256,3.8506504745345684,0.0003685742715358926,B0026,21,24,1.8010267542068712,0.9914666641986548
6326.062,2.1656553710973343,4.18738502716279,3.4504230620169447,0.2436957276561689,1.0489499837695733,1.7671645148226516,40.55411444614823,32.98142836772341,3.8029066616359577,0.00031958739197710293,B0026,22,24,1.7824572301269948,0.9812441263866946
6352.843,2.161441726851442,4.187376898822461,3.4243550860962872,0.25546731152362573,1.0526814438951155,1.7690972715756859,39.89740047610024,32.285643510120714,3.831893578474541,0.0003189021312144845,B0026,23,24,1.7959303030608789,0.9886610637792465
6309.172000000006,1.8357784756785411,4.187719914558781,3.419928142613709,0.2660387933628281,1.0566435008209556,1.7708004536748048,40.148009555945954,32.40988062398286,3.844343587604773,0.0003727813156592081,B0026,24,24,1.7783142127341005,0.9789633920085655
6284.297,1.7730752055194368,4.187714468300498,3.4304184604928114,0.2629460590694471,1.056719503715434,1.7706048310429012,40.16428171644192,32.395070835603484,3.8504712429186574,0.0003842337914298228,B0026,25,24,1.771719092984802,0.9753327733281077
6265.969,1.803496921850417,4.188634886565279,3.4416415585585702,0.25706339517969246,1.0574784998709785,1.7709595739265749,40.34822918896084,32.48055490141574,3.918386881328013,0.0003806494996567749,B0026,26,24,1.7790749489536772,0.9793821779039983
6266.641,1.8019162984387032,4.188731148597371,3.448941537538792,0.2538560367783019,1.0537510083571888,1.7691290413822058,40.155136061235744,32.39831599080119,3.865892703095583,0.0003808762701036596,B0026,27,24,1.7733229782464677,0.9762157134434762
6198.75,2.094755756018166,4.16813557610843,3.3679598202717265,0.28388744026079915,1.062210545753597,1.7742825834974603,40.01460073648428,32.5316653403438,3.7783278302960803,0.0003344835362113755,B0026,28,24,1.768754111010884,0.9737005483874048
6515.422000000006,2.4407952016086623,4.201942981365258,3.415635388206693,0.26369180402816045,1.0486169621289125,1.7515118924360213,42.07194057268294,33.531461449042084,4.67233735254294,0.0002703044836937031,B0027,1,24,1.8233077742149364,1.0
6516.219,2.4193060956450503,4.206957767652323,3.405140913759623,0.2728672321678771,1.0494164359063818,1.7518679058722446,42.526459613766654,33.768115475386416,4.997679703069955,0.0002743387955511122,B0027,2,24,1.814238465116796,0.9950259033464356
6489.5,2.4982363525248754,4.206087528624208,3.425659661801085,0.2676467910312528,1.046735930477189,1.750409008995277,42.65704114936764,34.0575363030056,4.958336958405215,0.00026317145790882694,B0027,3,24,1.812859679313087,0.9942697030914881
6471.25,2.47983581845354,4.206597549468143,3.4201699208239194,0.27265296338499867,1.050485016996372,1.7522462637403877,43.07456793109374,34.34311925332076,5.073417175265365,0.00026683588657749327,B0027,4,24,1.814424244673997,0.9951277948426649
6466.672,2.4669313816061296,4.206708529635488,3.4180604683404985,0.27422633093054233,1.0500577173917847,1.75189274907007,43.12836631992577,34.3900563067441,5.081682864631997,0.00026903748141692647,B0027,5,24,1.812800333853042,0.994237154850931
6410.672,2.492471012096456,4.182675464297748,3.3978401981445576,0.2726297014059318,1.0479913114924586,1.7512772083574941,42.9279467397339,34.16207101391941,5.113962288585981,0.0002636548012753254,B0027,6,24,1.7946038703195293,0.9842572360512387
6474.156,2.4232193266263646,4.202445131277022,3.3984422668226393,0.2748310341329762,1.0575900771449163,1.756423555914411,42.34490965860999,33.65117316898919,4.702964598038445,0.00027481973011627423,B0027,7,24,1.816519171293833,0.9962767652191762
6460.75,2.4791120561344835,4.207150334625055,3.411384397730043,0.2731037619397714,1.055070389014976,1.7546402452098924,42.50145921854708,33.993154419553875,4.933178364232746,0.00026746713283915517,B0027,8,24,1.819833556519024,0.9980945522500126
6448.907,2.428102703648056,4.206634870908589,3.40775629545449,0.27650791398664476,1.0555546880116329,1.7550510549635783,42.75456095698592,34.121102900157744,4.942170161372385,0.00027578815561466976,B0027,9,24,1.816980986440728,0.9965300494717999
6447.125,2.4202095510772232,4.206620391551443,3.4031041806987625,0.27782680507598506,1.0557333776410849,1.7550478635513918,43.20868549225104,34.521504581092735,4.904681718332588,0.0002770864285203435,B0027,10,24,1.8047602710768988,0.9898275522101453
6431.219,2.3998890148152445,4.194991220811618,3.38665218439762,0.28085346080696044,1.0559845692791197,1.7552909114182733,42.59572185384836,33.91883669839733,5.1031286909943265,0.0002791231656076979,B0027,11,24,1.802177888140868,0.988411234585359
6442.203,2.483742346997907,4.2023598960429815,3.414036913012559,0.2712378702320275,1.053186102640892,1.7535552843719195,42.63365730314649,34.20379110985749,4.897902381369003,0.0002667748205148261,B0027,12,24,1.810054375611175,0.9927311237350108
6427.079,2.382935984422233,4.206738745019596,3.3945090590148355,0.2784193179888177,1.0604300807075957,1.7576636794208371,42.89197473994752,34.48622307207775,4.791586135615545,0.00028376853008923075,B0027,13,24,1.8191618703574552,0.9977261634507831
6417.156,2.4903839742860163,4.205268152663341,3.4204049256076163,0.2693644498698273,1.0540732888788706,1.7540416393269622,42.73670303920533,34.40141739485764,4.815723921833883,0.00026723429793156417,B0027,14,24,1.806344581230731,0.9906964730671929
6398.907,2.39789040439265,4.205946910651655,3.401908039296132,0.2766377594520737,1.0612970932837946,1.7578059809001298,42.71819238433457,34.3150259504104,4.836806780395173,0.00028255708455506625,B0027,15,24,1.8120006378747944,0.9937985585867364
6384.75,2.41937557251393,4.205053312485709,3.407597938928066,0.27518592101521083,1.061701032188434,1.758018235271456,42.87852551010068,34.450526992415796,4.80597340917058,0.00027967856845949785,B0027,16,24,1.809238569578753,0.9922836918510692
6284.063,2.444119634453687,4.181855642136106,3.3774091842080276,0.2771669668750391,1.0625157679341972,1.7584432927944926,42.99196482622249,34.74150404461673,4.662590908682848,0.0002765306470801484,B0027,17,24,1.7820717716005336,0.977383959418394
6370.937000000005,2.395925863485738,4.20282058770571,3.3771878224396685,0.28451468128895907,1.0667374090397228,1.760752200193276,42.920147884014575,34.663008920131865,4.700495405735547,0.0002836152239803926,B0027,18,24,1.8145504562341048,0.9951970160470565
6359.812,2.408349641748691,4.206436642050531,3.390746744780089,0.27969417599353485,1.065858988405417,1.7604580511241295,42.77821015998406,34.47643463041281,4.662096337054999,0.00028272643913088,B0027,19,24,1.809153485164282,0.9922370269842409
6346.156,2.399239705167686,4.20638281753962,3.3939882666698242,0.2791573769926674,1.0663433322106501,1.7608561339395299,42.71393681070588,34.45771838499012,4.662874691795739,0.0002847618483333743,B0027,20,24,1.806555150809371,0.9908119607438307
6328.172,2.378335964879865,4.205465867894676,3.3952705696224297,0.27956478386797623,1.0669408890506884,1.7614538630350771,42.66066961608101,34.276431502022604,4.781216605713188,0.0002887294945546378,B0027,21,24,1.802401655959492,0.9885339608863095
6326.062,2.437999478526856,4.206584936190674,3.4104656511949063,0.2747742745686554,1.0637242598317926,1.7593169299212499,42.64239690775237,34.35292925698558,4.7478029885173125,0.0002795713127161602,B0027,22,24,1.7964331683322998,0.9852605214200834
6352.843,2.484818012933219,4.202786069304105,3.4006414041604756,0.27537157298258313,1.0597264727233628,1.7565530209884643,41.86831727976231,33.64812848797218,4.789775136574129,0.00027042507683109533,B0027,23,24,1.8088036930508289,0.9920451821852443
6309.172000000006,2.456168013420922,4.206301818692852,3.403879368199544,0.27601243557678984,1.0641261908415773,1.759021203773712,41.97207960495628,33.75077258934032,4.773998282126676,0.0002773951645749915,B0027,24,24,1.7915527748749651,0.9825838512899205
6284.297,2.4697995830050976,4.205750597989692,3.4141854712687336,0.2736182604889381,1.0647001772353382,1.7591626183120979,41.92250461031742,33.72038549007088,4.7653768739598785,0.00027623631012101976,B0027,25,24,1.7853375192239571,0.9791750709737811
6265.969,2.491582666091738,4.20589200120434,3.4230599701504794,0.27156282745497096,1.0655901960484147,1.7595986902106298,42.14300769699952,33.812030459081335,4.827902265054676,0.00027359045905152134,B0027,26,24,1.793209210325309,0.9834923295368567
6266.641,2.394485973926669,4.205560793070628,3.4023930606429906,0.278834674539607,1.0691023162665156,1.7614749306779558,42.43039551713637,33.79680193008211,4.823915018872731,0.0002890024846076166,B0027,27,24,1.7873097711102113,0.9802567599316989
6198.75,2.4249816079125552,4.186200185347402,3.3633791712406205,0.28671474058382856,1.0701748904460906,1.7620069772320242,42.033372446715575,33.92036482801563,4.727566598293532,0.0002841247957144338,B0027,28,24,1.7700926253324452,0.9708139516350145
6515.422000000006,2.6151397684307285,4.181907184700754,3.676492835528995,0.22950448875765408,0.9972197512793336,0.9979450228814767,31.679728237853865,30.261078788805897,1.129918749019287,0.00024047059672727632,B0028,1,24,1.8046847720100736,0.9999453954159799
6516.219,2.578716047628789,4.186798367560072,3.677932362103996,0.23120424643531434,0.9971490855885723,0.9975861894215876,31.42728999177483,30.023214006195516,1.1499329151437268,0.00024678150318939294,B0028,2,24,1.804783321452588,1.0
6489.5,2.679890873914289,4.186905629206883,3.681544140844236,0.22676660152566155,0.9971852097507162,0.9978464812554799,31.694210133469813,30.21665562692593,1.1987429673987418,0.0002322235542480306,B0028,3,24,1.797618668222458,0.9960301864800238
6471.25,2.674600586599544,4.1855363847405656,3.6819955552100256,0.22676078066998084,0.9974025282037663,0.9977650681812218,31.849947051821637,30.363564779968748,1.1963212933213219,0.0002334843806283209,B0028,4,24,1.7929913687761174,0.9934662778981248
6466.672,2.655983638577288,4.186483098548598,3.6822366580622092,0.2275175269501176,0.9975916855756545,0.9983130580331715,31.89197660091397,30.383708693138953,1.1847873391439585,0.00023667497902650852,B0028,5,24,1.7919180081592216,0.9928715468829734
6410.672,2.5587601304544574,4.167593667891115,3.6730621916612125,0.22347404128086867,0.9969144044645758,0.9978477193083084,31.647839531181656,30.151543075778466,1.1234667497564585,0.00025096176148719785,B0028,6,24,1.775026135903797,0.983512045354652
6474.156,2.684075980505414,4.183182085400848,3.6821638997402064,0.2219575282113289,0.9965967441024048,0.9976125057105881,31.66717160096336,29.942877366572425,1.2109959051376114,0.00023155236063132143,B0028,7,24,1.7920487852223417,0.992944008248039
6460.75,2.692955180725203,4.1836584764239335,3.6829104616020185,0.2221508919996827,0.9976197620861772,0.99819449899091,31.543075306784417,30.159672019699293,1.0736248110846123,0.00023073223630363824,B0028,8,24,1.790475801581265,0.9920724445415379
6448.907,2.664091579679959,4.186132992895621,3.6830910997567576,0.22366693948702368,0.9973494735282147,0.9978942232215403,31.63889282611546,30.18503729745987,1.1331865198090143,0.0002360154074505434,B0028,9,24,1.7868365091987264,0.9900559740105439
6447.125,2.599501054239839,4.18607245667024,3.6823376400116725,0.2262456000716393,0.9977872031781331,0.9980961671920363,32.06283964981591,30.557366977302667,1.191161987747962,0.00024608975356153333,B0028,10,24,1.7871529619962183,0.9902313151685269
6431.219,2.5987712023407274,4.177617061522188,3.6779403019036363,0.2240136524309193,0.9972976924755459,0.9981171640828996,31.17821904490572,29.87809290999813,1.1109340203573859,0.00024549713812909503,B0028,11,24,1.7816340617009505,0.9871733855934541
6442.203,2.568337342317612,4.183570268917493,3.6809827017477756,0.22681512973309234,0.997433014694744,0.99800694473946,31.830430244172504,30.329541918405045,1.1430292190288658,0.0002507267974324747,B0028,12,24,1.7850235136604733,0.9890514237597171
6427.079,2.571655326217227,4.186886063009724,3.6821031308211283,0.22733951867519225,0.9971726109797923,0.9976252441408985,32.176676996947776,30.67805955282036,1.158316419156223,0.0002513164591243545,B0028,13,24,1.7803865429693038,0.9864821565041679
6417.156,2.5464403411304843,4.186431294608572,3.68119828344271,0.2285140973660483,0.9978583163901464,0.9981692787059966,32.101579055970326,30.61748146501738,1.1254846863352066,0.00025556351652945445,B0028,14,24,1.7789060856417256,0.9856618600674817
6398.907,2.5488905698718844,4.186605296553263,3.6808780113914024,0.22875325592299398,0.997804166070814,0.9981456711846365,31.92722580084625,30.47693232752601,1.1214669440981202,0.00025593663522244947,B0028,15,24,1.7738387518973049,0.9828541359023768
6384.75,2.592227961453642,4.186411251128915,3.6816453877057884,0.22729002061163076,0.9976996117039805,0.9981209239783361,32.17577171129977,30.59851621920085,1.1722777533349584,0.0002496860941579972,B0028,16,24,1.769682881523146,0.9805514382185274
6284.063,2.598546956085325,4.1643364768914175,3.6751321799254955,0.22079450943959683,0.9973353463194164,0.9980921617200357,32.50607956309833,31.100240402928506,1.1350903913076231,0.0002491683359645014,B0028,17,24,1.7408787283206992,0.9645915427230041
6370.937000000005,2.6924907199800523,4.183279934429277,3.6846266213857497,0.22205387217099318,0.9971360100252896,0.9981767667590601,32.36361154404582,30.938169249041685,1.122241935254507,0.00023399842353632178,B0028,18,24,1.7648189744011906,0.9778564293140565
6359.812,2.6173421756941537,4.185224082214954,3.6832544826548084,0.2252386699806568,0.9972190050586422,0.998062332458832,32.23987480909281,30.779624907003203,1.1197098722226784,0.0002465295996989848,B0028,19,24,1.7617857390844025,0.9761757647817919
6346.156,2.6240203066915697,4.185772001736481,3.6830019424524427,0.2251392448807387,0.9971068284135572,0.9980592645804686,32.1209393902127,30.70960684046627,1.1593569942043445,0.0002460941229690716,B0028,20,24,1.75770610357021,0.9739153075481174
6328.172,2.63525875804135,4.185968902546653,3.682514927726665,0.22523217093330036,0.9966890761257475,0.9976495599756073,31.876773372691297,30.47705959403915,1.0771732168197157,0.000245048671955393,B0028,21,24,1.7519375960601256,0.9707190748250437
6326.062,2.540126038881981,4.185740020171981,3.6802726203570852,0.22904080229020754,0.9969924124015691,0.9979925796513254,32.13891568195097,30.54925924889458,1.1744512814168682,0.0002601324459497868,B0028,22,24,1.7521244035832175,0.9708225817230028
6352.843,2.578459071114453,4.1838351172655095,3.67908706723787,0.2267070649966994,0.9972215014119246,0.9983003128291282,31.30995086456362,29.858081061792472,1.1355764469509313,0.0002527019865202172,B0028,23,24,1.759771413398964,0.9750596608919259
6309.172000000006,2.6156681128542663,4.185613308228973,3.680942088612725,0.2258002146200525,0.9975484567535846,0.99837550909612,31.44390039724308,29.927497513672723,1.1372282480460998,0.00024883537734820123,B0028,24,24,1.7483011320324189,0.9687041714377607
6284.297,2.6736673087239398,4.186072517005326,3.681439648314102,0.22411248036516648,0.997476564498223,0.998230745758667,31.383820135357173,29.887309173794996,1.1284890444516058,0.0002406641838031185,B0028,25,24,1.7411482627836237,0.9647408872231004
6265.969,2.6531966228276134,4.186079245979765,3.680615489022298,0.22513850200267244,0.9975446568821276,0.9981760061208926,31.360116664622662,29.974612767860144,1.1612990645458536,0.00024463616451855276,B0028,26,24,1.7363833316311177,0.9621007192340307
6266.641,2.5306280538039845,4.185739001637966,3.6776600467841285,0.23023079529174612,0.9975144292434107,0.9984074145935794,31.44534438395542,29.928807475767645,1.1557513128149561,0.00026411453086812883,B0028,27,24,1.736559066269527,0.962198090833336
6198.75,2.651385292787423,4.167590440976821,3.67453404625628,0.21985439649014396,0.9973021764239647,0.9984014554255481,31.550251048213177,30.029795182593666,1.1736066702396453,0.00024459853166999764,B0028,28,24,1.7172335652295243,0.9514901566396354
1572.359,1.999936473158621,4.122758586822445,3.3651860477851834,0.26512345669033627,3.9753962170197243,0.43629440230402433,58.72626885895911,51.631545591665024,3.865957449792991,0.001350087425113364,B0029,1,43,1.697507332205763,0.9202071998435523
1723.281,1.852059092593436,4.20134576801382,3.3905928994464873,0.29707473530241996,3.9342748479764116,0.5884518035990568,59.76796387174703,52.84944288631656,3.7129618584503143,0.0013632638411381457,B0029,2,43,1.844701206961174,1.0
1705.906,1.8857258246963948,4.20075138362936,3.3944582472061784,0.2898989009220971,3.9333280595638493,0.5929878982668461,59.844347317645614,52.905865867265994,3.72922736372366,0.0013570651366094997,B0029,3,43,1.8254376674722927,0.9895573660296919
1697.688,1.8534777499421091,4.20121939681188,3.394696317253661,0.29363903779818357,3.9321362623883203,0.5962941744781484,59.9199472840752,52.90438507577814,3.7446921892234575,0.0013829052492977337,B0029,4,43,1.815750429913437,0.9843059803189329
1686.094,1.913443763136564,4.20151734595852,3.398579443319999,0.2858241390288325,3.931626830103865,0.5994848196886241,59.89475354681757,52.87534956891003,3.746609001843914,0.0013570261105382954,B0029,5,43,1.8132993337127028,0.982977257709827
1678.563,1.9392366668780088,4.190431936024234,3.3970260675114696,0.28218377001219114,3.976502981157763,0.42876144610876676,59.58813236464061,52.762650424805656,3.6882755697573235,0.0013411443414076357,B0029,6,43,1.8151647619660576,0.9839884937009542
1677.469,1.926680416628282,4.20151685379873,3.4017447799349796,0.2848060717894082,3.953191333436391,0.5251492182694657,59.81336613073259,52.78843384352056,3.6959445845392946,0.0013561123556801633,B0029,7,43,1.8143317955190057,0.9835369482452953
1666.093,1.89070792341858,4.201511694320507,3.400790257856999,0.2883714277196788,3.9520733489027955,0.5280711270803046,59.75433532594285,52.7841972696045,3.715477512704376,0.0013869596540540816,B0029,8,43,1.801343601809866,0.976496136616763
1654.328,1.93249158993614,4.201805179645606,3.4030834056443755,0.28324498144567967,3.951643360416182,0.5312258124896041,59.7737242563152,52.75173838351513,3.718848268089019,0.001371743444896941,B0029,9,43,1.7881558802945825,0.9693471623191812
1643.812,1.9713665258317916,4.201438773335668,3.4052467951556413,0.2787028577878109,3.951520299071366,0.534274602903356,59.80010734859943,52.7506031720156,3.7072296165181147,0.0013566467743901837,B0029,10,43,1.7760714604539518,0.9627962803687445
1652.266,1.852379628685352,4.19368630303113,3.3969592538295337,0.29442639685069827,3.9741618554644975,0.43800292684011066,59.92418745751934,52.76187024768883,3.7222198076127806,0.0014170276906658968,B0029,11,43,1.7852807447597443,0.9677885708660025
1648.672,1.8385968486453488,4.20025041732416,3.3978270130572263,0.2973664181128303,3.949365645471526,0.5362721386961578,60.120904895462246,52.810328108304326,3.747838187452066,0.00143245810487399,B0029,12,43,1.7698116401111978,0.9594028742609522
1636.969,1.8332269197665616,4.200366031445772,3.3976547229925322,0.2969309502595952,3.9487761035582647,0.5396113011455664,60.15908336784943,52.803620504971605,3.755997777592863,0.0014460500545087967,B0029,13,43,1.7565231680521758,0.9521992837776388
1625.187,1.8809955356138472,4.199929373943819,3.400358560849027,0.2892352760561622,3.9482077110434055,0.5426356754512539,60.0330623550184,52.774286568476356,3.765323083994475,0.001426872008162736,B0029,14,43,1.7543413277348154,0.9510165229548417
1622.016,1.800038174333754,4.199792574461424,3.3951054015762527,0.30294580809165605,3.946665382562176,0.5447876089116872,60.155675284547456,52.80429201579515,3.75592118694243,0.0014794887350850236,B0029,15,43,1.7392875506998715,0.9428559726293272
1638.422,1.9415928705254093,4.186389353535962,3.3952154633066995,0.2830051025705335,3.97371791832226,0.44407846489341407,59.70826330240836,52.721179096315566,3.7049409365395887,0.0013700966436061975,B0029,16,43,1.7797845109331345,0.9648090998243676
1646.438,1.972461938837724,4.200779737725044,3.400939370892573,0.28040772489839744,3.9242978385355944,0.6242821455729705,59.826072535975634,52.76566676387698,3.7388432196912045,0.0013534173767170826,B0029,17,43,1.7657088508465202,0.9571787800557794
1634.765,1.9166086737918733,4.20106410059631,3.3990966930758852,0.2862004199725242,3.9225772399713974,0.6279590455625889,59.97193555147316,52.80160858510679,3.7654031989138033,0.0013974212971310472,B0029,18,43,1.7523941408724169,0.9499609661768385
1622.016,1.941628602033569,4.20039236023258,3.4005060708668395,0.28257487679626264,3.9219524666523657,0.6319191504323901,59.90509096707212,52.76338281760698,3.7612556660391983,0.0013925656455910488,B0029,19,43,1.7380191225603103,0.9421683663466541
1616.25,1.8754484122099284,4.200576454073823,3.397536794846482,0.2902056379846863,3.9205613824445287,0.6339782912830401,60.003884509148,52.793663259837146,3.779086678458053,0.0014385943027773514,B0029,20,43,1.7312214443143976,0.9384833911212567
1622.218,1.8380927294124036,4.194709553890768,3.391570729569499,0.2994707696289957,3.9453101481759445,0.5513099228555963,60.25771781052726,52.75741582344694,3.7889555827319756,0.0014527127824240419,B0029,21,43,1.7379128985265808,0.9421107830191598
1619.656,1.999771637867575,4.200658594506185,3.4006008999743154,0.2767744553275565,3.8958774782793504,0.7086704920045768,59.90492726798961,52.866554147425745,3.805878718007028,0.001358860743663229,B0029,22,43,1.7224270683625882,0.9337160196257414
1605.484,1.8317514112942035,4.200792247486221,3.3937647508109445,0.2982844086389392,3.917917791621327,0.6402744181475959,60.33243416075105,52.88238533970063,3.8168893254875207,0.0014755929278597714,B0029,23,43,1.7184213765608034,0.9315445612959756
1600.75,1.9739559216587697,4.200103293228043,3.3990916405291434,0.27878745266647315,3.8930031372670744,0.7150708814818117,59.98669670538192,52.89174684629843,3.8230723710050443,0.001390690221189613,B0029,24,43,1.7010220930648232,0.9221125278423614
1595.0,1.9069490533352145,4.200392899920808,3.396460061958035,0.2853973318793905,3.8910176432450543,0.7175003574836689,59.99528714045464,52.86276331800625,3.8186499078743936,0.0014378958285803094,B0029,25,43,1.693698739563104,0.9181425876297765
1612.422,1.9996278665665836,4.193452277045169,3.3953349055125526,0.27766372605580336,3.8931408939723386,0.7153349109464457,59.98821696841703,52.85514927949408,3.833188546677997,0.0013605770762731995,B0029,26,43,1.713072721286705,0.9286450915856969
1598.969,1.9297361391600047,4.200426069460966,3.397203474478597,0.28444468133836176,3.8906772175494067,0.7198753413787411,60.01985635641876,52.84555100149494,3.8220602110595734,0.0014200962809791569,B0029,27,43,1.6976972688567131,0.9203101632124888
1592.187,1.811689567857529,4.200350636061038,3.389787970407681,0.30145737541578344,3.8880464568366286,0.7225587001049376,60.26410091872941,52.82153486606997,3.858508107014738,0.001500239022302976,B0029,28,43,1.6899314034061208,0.9161003402767814
1577.484,1.9610731754377528,4.200274898374017,3.3967598380460484,0.2803816705292027,3.8880525284442844,0.7267842154623352,59.92046248220958,52.81580315824478,3.8321932751249332,0.0014194766621634604,B0029,29,43,1.685023551367069,0.913439827007461
1571.547,1.9482718394124845,4.200350219079989,3.3957223246260377,0.28199522472168703,3.886829090837729,0.7290461064582174,59.887692512983016,52.80521928839473,3.8370356051171064,0.0014330327884991697,B0029,30,43,1.678389965463405,0.9098438051267186
1578.484,1.867494399191276,4.195839706712194,3.3892258428534876,0.2927822221318414,3.8857343000255677,0.7292822727628957,60.158935395611046,52.80312343851032,3.878871370721302,0.0014750515732316056,B0029,31,43,1.6737947494868326,0.9073527697442774
1574.469,1.926783206032701,4.20011947590298,3.3940321153796114,0.28365768693740073,3.858450880197004,0.7985172027449704,60.04748235788095,52.85759471288148,3.8985276820833183,0.001443874899963276,B0029,32,43,1.6687898927884717,0.9046396709077424
1568.281,1.869562035017659,4.20020354565233,3.390692269396659,0.29041838774966006,3.856591474423173,0.8012862874811543,60.167863371476415,52.85638451770691,3.9122830558683885,0.0014861121894830522,B0029,33,43,1.6492566306631429,0.8940508221274532
1561.422,1.8881277069953315,4.200021865512612,3.3912179554575785,0.2877510289592826,3.855535874046126,0.8037890255800519,60.09738415148209,52.882092513244274,3.9222781905824777,0.0014806337803087704,B0029,34,43,1.6409676757039668,0.8895574359205723
1554.234,1.9264548202409049,4.200544725415334,3.3923453388185667,0.28378264684487614,3.8555747512605603,0.8065518316524679,60.02940147619038,52.87120880021078,3.917126020729298,0.0014631579962698209,B0029,35,43,1.6456360229757092,0.8920881152816124
1573.734,1.8497742851139864,4.193996290293578,3.3840832974347714,0.29557775672163406,3.8548613798163536,0.8039275328163125,60.33090148423857,52.8949932373189,3.957908229488394,0.0014895922723786811,B0029,36,43,1.654547743574037,0.8969190985133133
1566.578,1.988399313722457,4.199807562252484,3.3935243600466607,0.2778608617985344,3.8279631190232855,0.8679979780985894,59.88870262903497,52.90577737967025,3.9235795934871445,0.0014116170714321453,B0029,37,43,1.6461201520877546,0.8923505583863377
1550.047,1.8822716064606957,4.199665175987453,3.388551594762018,0.28969993485103546,3.8519088061679043,0.8121587634233517,60.13011665786984,52.85049305569667,3.93660409359445,0.0014950472918090593,B0029,38,43,1.6275119188151763,0.8822631614667942
1543.64,1.8693019781355495,4.200099273216301,3.3876827466759964,0.29125471652900436,3.8509765940744116,0.8149403464626711,60.20528139553767,52.93318563948955,3.9585425903380154,0.0015099357979067342,B0029,39,43,1.6200530533464497,0.8782197611369306
1536.781,1.8433554303146655,4.2000806322388815,3.3850191492367943,0.2950646361198624,3.849366331322892,0.8176876487421766,60.24494659507955,52.91920185424772,3.9662823936656886,0.0015335465508255347,B0029,40,43,1.612079811711934,0.8738975209798645
1572.359,2.1274170450668684,4.121228264511843,3.3464479682177357,0.25710361336973286,3.881117422296153,0.7463633996248218,61.11438949471705,52.450611378612734,4.633643184091907,0.0012680381639593595,B0030,1,43,1.6560706096175404,0.9295647486935653
1723.281,2.1401060472348874,4.191571549203586,3.3780751936361146,0.2614926765743645,3.7838858314888455,0.9560632385011015,61.9990871891876,54.113241117794225,4.501353605238937,0.0011904416644579142,B0030,2,43,1.7815548749509116,1.0
1705.906,2.1657237815883463,4.191314909952094,3.3818672028482375,0.25885652344312626,3.7800140354599048,0.9632946019219178,61.89071493502735,54.157828260748424,4.499588929403236,0.001187399029233585,B0030,3,43,1.761969227822918,0.9890064306166638
1697.688,2.095376108282347,4.191510310362352,3.3803545588103723,0.26561268344286637,3.7771963627067855,0.9685246076495349,62.214205409958005,54.212018750385205,4.565442815738244,0.0012346993099320988,B0030,4,43,1.751755031874225,0.9832731264718929
1686.094,2.12524665517798,4.191406236830394,3.383237725223628,0.2621836260907194,3.774394142505079,0.9737152557613719,62.31179793095802,54.19837692352459,4.56520330356843,0.0012254118582074392,B0030,5,43,1.7381688070362076,0.9756470774351537
1678.563,2.0759632130565406,4.1809364775885,3.374148303155992,0.27049798093740846,3.8401506129683893,0.8424662669048505,62.29994268441351,54.14161744851121,4.536430562658965,0.0012540329225247783,B0030,6,43,1.750674529346134,0.9826666323676231
1677.469,2.0440070679316857,4.191416983179895,3.38062959842195,0.27181220512743237,3.8162308411426897,0.8931720431566161,62.48134926186261,54.21167948917778,4.566388625836673,0.001280148792763508,B0030,7,43,1.7491047649061158,0.981785511913749
1666.093,2.173948548947525,4.19167898729129,3.387081847293872,0.2583545021965035,3.790555214102307,0.9437370332472433,62.158212651524295,54.18634900836399,4.557957989122513,0.0012110551081744927,B0030,8,43,1.7252544028765475,0.9683981263412302
1654.328,2.1712631392036204,4.191660740391253,3.3879461849049983,0.25854517128885474,3.7878863152954003,0.9490780097180473,62.11029841216025,54.15360140656882,4.566791671114435,0.0012212799403671054,B0030,9,43,1.7112621367644252,0.9605441633177741
1643.812,2.1722790601698723,4.190518218566902,3.3883925705991067,0.25863717514500895,3.7852137197697893,0.9547017014987638,62.21537292970592,54.168189231806274,4.568261798089209,0.0012277797937945642,B0030,10,43,1.6990418392711273,0.9536848194574653
1652.266,2.1399140868464497,4.18494757447594,3.3829900242224884,0.26246795464010336,3.808758701764203,0.9083436247981698,62.42078136779365,54.22057063412252,4.600742208483525,0.0012377144404287748,B0030,11,43,1.7185770039532977,0.9646500526685438
1648.672,2.112329336316492,4.19138696373963,3.3872270612733906,0.26435598818741357,3.7838496795424073,0.9573552356531468,62.42541404009337,54.24400266886001,4.6045740504565735,0.001261049879796065,B0030,12,43,1.70324722921867,0.9560453361087745
1636.969,2.1141726056716275,4.1916098999207785,3.387969833955272,0.26370808300320636,3.7810084173912366,0.9628490466305387,62.43136471336018,54.24150010859244,4.6206506678568005,0.0012690755257119414,B0030,13,43,1.689458044662304,0.9483053642727984
1625.187,2.1697054636702,4.191138031319589,3.3908449439184096,0.2587042440304795,3.7778492260022567,0.9684482909259124,62.27459158639179,54.183697227073836,4.607878043250977,0.0012438153687233465,B0030,14,43,1.6756136292719177,0.9405343909589577
1622.016,2.0502203248956845,4.191251588829171,3.3859058007878593,0.27043921342076505,3.7765035959555266,0.9708602218691225,62.57843700986901,54.22886640157327,4.627957783153596,0.001319981593235508,B0030,15,43,1.6718407140871654,0.9384166256081395
1638.422,2.056845844411806,4.17866916142942,3.375492904033759,0.2740781351906209,3.8520195080205637,0.8178082853259133,62.47198799326229,54.15865206479903,4.581077035063407,0.0012950407874269354,B0030,16,43,1.7233056681204446,0.9673042870306917
1646.438,2.002654873353824,4.19028213835832,3.381550645715128,0.27606645157445014,3.802644458063078,0.9216917250023886,62.67828739920007,54.242750421230845,4.609742799279923,0.0013287030941975925,B0030,17,43,1.709207290507283,0.9593907628325947
1634.765,2.098247338071892,4.18930659174196,3.3864480900407194,0.2646347495295978,3.7748028772571725,0.974141094516487,62.48426799373123,54.26601179807604,4.612635563435156,0.0012791191722786256,B0030,18,43,1.684001734344571,0.9452426967151216
1622.016,2.095250035916422,4.189336480826855,3.387180494037813,0.26470208755053204,3.7717262545339874,0.9797396017006168,62.520660259063135,54.24164371768822,4.627077765312,0.0012910393269304574,B0030,19,43,1.66898698813004,0.9368148080064201
1616.25,1.965222517702767,4.187961671001895,3.3813445010797873,0.27801234930568525,3.770184987452454,0.9826904229536291,62.83792318174592,54.32282816477177,4.676125653331935,0.001375244642412454,B0030,20,43,1.6620689362837142,0.9329316540583743
1622.218,2.1649300939348857,4.183473493335224,3.385606758982866,0.2591232004643784,3.770295649387221,0.982713634393637,62.47596510401283,54.27566161448939,4.665505962305682,0.001244310813589997,B0030,21,43,1.6687049625248174,0.9366565049369003
1619.656,2.1107101939003567,4.189021310957518,3.3887947335699495,0.2629617014722009,3.742928552423713,1.0301238986117194,62.54340291733675,54.34652062246305,4.662532321340748,0.001283180574799316,B0030,22,43,1.652762183550463,0.9277077045387123
1605.484,2.154272422860638,4.188208290959306,3.390949417762555,0.25902495887451304,3.739436274608294,1.036580873764284,62.54253781933885,54.369563893787316,4.671920866594605,0.0012668677284224995,B0030,23,43,1.648481366235244,0.9253048499450042
1600.75,2.056878607135279,4.188944596283129,3.3873404080498895,0.26781018316099753,3.73762706709051,1.039512982302454,62.63316972633199,54.38101073340462,4.705881781168946,0.0013319169071671715,B0030,24,43,1.6307406443132095,0.915346850799722
1595.0,2.0619330487714467,4.189721988537926,3.3880651957973615,0.2674021551137549,3.735664268811622,1.042612500124029,62.63885708285674,54.366222070376075,4.696358741846335,0.0013340369528316483,B0030,25,43,1.62323023017929,0.9111311994944955
1612.422,2.182829076635093,4.182121595717829,3.3873336724752856,0.2568917388023524,3.7373948475028564,1.0396209824903204,62.50972828784737,54.36082826974155,4.679644257078567,0.0012399313077362728,B0030,26,43,1.654190654039439,0.9285095156471216
1598.969,2.152270345667462,4.18953881832451,3.391596603751742,0.25978624251272475,3.7337753752604947,1.0458855965708709,62.41430430344205,54.329082038301124,4.657444144563548,0.001274113802492136,B0030,27,43,1.638514396616985,0.9197103157780263
1592.187,1.98536642488698,4.18877344296717,3.3844695827460796,0.2757082475336678,3.7318768204814625,1.049181104490427,62.71706660837061,54.350797312061744,4.7183111654994025,0.0013838870798971417,B0030,28,43,1.618847673357618,0.9086712377592204
1577.484,2.085108474542319,4.187364248433742,3.3883015570002266,0.2651130763785539,3.7279290932845597,1.0554887682214387,62.554566036297686,54.30570319180818,4.71516510543022,0.0013326637695795472,B0030,29,43,1.6134212267751404,0.9056253329382269
1571.547,2.1156809695843,4.188843927084549,3.389973588057286,0.26292827053221257,3.7258830849652926,1.0590406484570714,62.48691429447336,54.311769035681074,4.69115043062479,0.001319186099747732,B0030,30,43,1.6066443601761986,0.9018214273194742
1578.484,2.08588060415804,4.184536605382707,3.386403894086122,0.2654656645758566,3.7258372859193476,1.0587695215947304,62.59235284434121,54.31694947968931,4.744975343266228,0.0013295389761471558,B0030,31,43,1.6138387876938998,0.9058597129871551
1574.469,1.9452863886536,4.188530465383751,3.382990062267617,0.2797958446176236,3.7235367337610152,1.0621745357223435,62.84622214879507,54.37602664745592,4.779896873523594,0.0014247623019126771,B0030,32,43,1.596329501327274,0.8960316203402148
1568.281,1.916660490161616,4.188200529397757,3.3809665909442286,0.28377900617915386,3.7209938578082973,1.0654599544561572,63.0242156686281,54.40922760509474,4.807645556844635,0.0014484266781502428,B0030,33,43,1.589078586740699,0.8919616280607039
1561.422,1.927250989755404,4.187743893425592,3.3813241868366974,0.2815770051645939,3.7188859281152307,1.0688092480106006,63.00027240816272,54.43118438830086,4.817214377170695,0.0014477142653748882,B0030,34,43,1.5805481432309574,0.8871734266812901
1554.234,2.051939170845275,4.1898269490660445,3.3870672693934285,0.2689452856555208,3.7178481811964144,1.072425169364828,62.80130766887856,54.42543761419732,4.800700696431808,0.0013755250356257613,B0030,35,43,1.584613105427081,0.8894551201914243
1573.734,2.0447593292567268,4.183231697201542,3.382718302752806,0.26967733345935513,3.7197261716255903,1.0689447923397515,62.737405296482684,54.40878572720797,4.80840453353331,0.0013588524921904308,B0030,36,43,1.5936651221220737,0.8945360844784447
1566.578,2.1123670299751245,4.187178870202528,3.3896129797375174,0.26270816849075795,3.689621298817718,1.1157826988266455,62.57852749153667,54.42284720424547,4.768027025027219,0.0013244229398264265,B0030,37,43,1.5849874126960888,0.8896652216450874
1550.047,2.029028311417829,4.188109008087897,3.38569510149779,0.2707344068910146,3.7133781671299664,1.0795096173561398,62.84908045214772,54.38754363122996,4.803918975598033,0.001392913051455903,B0030,38,43,1.5787064969416462,0.8861396969235346
1543.64,2.0574175231777425,4.188695408653485,3.387023398111767,0.2682601319524214,3.7113343053731827,1.0829649325524893,62.7284644620379,54.45246463683033,4.809227680682129,0.0013806832457540247,B0030,39,43,1.570705516096967,0.8816486868754159
1536.781,2.068863283525511,4.18874384592953,3.3870565445350174,0.26754500740745585,3.7091888178040837,1.0862128721342184,62.69299470731855,54.41109814733754,4.8127665341440835,0.0013794291850328828,B0030,40,43,1.562780404428482,0.877200262760103
1572.359,2.4944372580491163,4.116561748956975,3.3729664490249562,0.21814499108134813,3.83344585380367,0.7374513556572941,60.84632469517393,52.655011353024406,4.757267340045041,0.001031650208958551,B0031,1,43,1.6666751942525773,0.9093311452425187
1723.281,2.470379105199965,4.206499027366964,3.410655663961355,0.2382056617311355,3.845126100552608,0.7076739511990473,61.81769411336386,53.97231092767106,4.487092171950785,0.0010074502777939285,B0031,2,43,1.8328583629543171,1.0
1705.906,2.432998201540817,4.206542652746716,3.411724207737072,0.24215470609216638,3.8650614375047296,0.6530055962214454,61.82805706187581,53.99108510894419,4.502066573580557,0.0010396495769438054,B0031,3,43,1.8139835002945135,0.9897019524032507
1697.688,2.455290559392926,4.206636701109276,3.414079984476593,0.24027252901849466,3.863759217538865,0.656604624841182,61.95644236061217,53.996608338848425,4.508778411925813,0.0010316065977472597,B0031,4,43,1.8044387333514835,0.9844943667349041
1686.094,2.379788594335936,4.206755471453542,3.412679097550016,0.2474269554357471,3.884964691502783,0.5921598358063572,62.099570509363424,53.954262670522155,4.488648758029096,0.0010835498359626488,B0031,5,43,1.802147684291295,0.983244379771102
1678.563,2.3704531055353044,4.172458299789621,3.3963237722822415,0.24302208552283242,3.838075734996099,0.7251184629813153,62.03750729435005,53.973288387308486,4.572189840527231,0.0010735403998862819,B0031,6,43,1.7715647509798835,0.9665584568817218
1677.469,2.479852487101495,4.2067410088524975,3.4200798093339357,0.2384629958128421,3.906047424985772,0.5186758516314363,61.84294867967338,53.88993125496473,4.447917758638389,0.0010294607660415796,B0031,7,43,1.8139928165779544,0.9897070353292581
1666.093,2.4765516954388933,4.2068100656143335,3.4200087266691894,0.23919384198973365,3.905403295949085,0.5216860456477608,61.8379476525885,53.87262295937195,4.454291313523257,0.0010385124781002262,B0031,8,43,1.8013261041198854,0.9827961290016943
1654.328,2.359674470455269,4.206952621072369,3.417702003194436,0.24847454217574322,3.9279761474648427,0.4297483973296987,61.84646585876763,53.81893583109196,4.433830425843585,0.0011166335518815495,B0031,9,43,1.7883722583933568,0.9757285639413757
1643.812,2.4195090802038206,4.206832562039922,3.420480701190782,0.2430540029527198,3.9274541286439484,0.4322802555256514,61.76013798618494,53.82033376097016,4.443724027964271,0.0010873040723854682,B0031,10,43,1.776540165737316,0.9692730227521652
1652.266,2.3489668209281325,4.193946956737359,3.4123332615490005,0.24768518817853868,3.927239655425038,0.4322328729508203,61.91960614794014,53.821133604090825,4.470807359293455,0.001116636265473735,B0031,11,43,1.7856209131823229,0.9742274412869231
1648.672,2.399709439291441,4.206655556995042,3.420910074120947,0.24463499581828557,3.9268971976071376,0.43349639565996695,61.86471031425517,53.81794815350033,4.439184289165557,0.0010960009739375695,B0031,12,43,1.781363403668594,0.9719045615708568
1636.969,2.4168059304515817,4.207198543313955,3.4216539858581876,0.24340623853705215,3.926457770086078,0.436201018748852,61.77393480386064,53.80194299620242,4.4447083488291526,0.0010937242017792475,B0031,13,43,1.768489838397124,0.9648807971973132
1625.187,2.471072287476068,4.206978754188053,3.423749066677016,0.23924865327997885,3.925817080441477,0.4386899172142137,61.64539051089847,53.75880729814269,4.444048344228213,0.001068127216567684,B0031,14,43,1.766505238291406,0.9637980075252738
1622.016,2.404447263605832,4.20675228195214,3.4209893105313918,0.2448759986087863,3.9255513820662964,0.43997312866652716,61.88870329111738,53.78850848662172,4.459139846276763,0.0011111511960093536,B0031,15,43,1.751740527921767,0.9557424421482306
1638.422,2.405938768821008,4.168980783747018,3.40095456627701,0.24000554640389038,3.852591436358121,0.6872641581345722,61.98674236534618,53.8368863785077,4.545385724035797,0.0010760609995019658,B0031,16,43,1.7352349314055016,0.9467370564349228
1646.438,2.386904670931757,4.207227268504839,3.421591713831319,0.24616126267560323,3.9257543646961945,0.4386167373146693,61.73655452780071,53.773379186088945,4.426387855299738,0.0011056125997900206,B0031,17,43,1.7782778274549178,0.9702210838531882
1634.765,2.365034266156857,4.207303258469689,3.420573981542695,0.24814413047405534,3.9249912249362797,0.44140895256864837,61.82230520583519,53.77386924606414,4.438876292096749,0.0011269320008153046,B0031,18,43,1.7649894859707391,0.9629710192804082
1622.016,2.4186775515647607,4.207353806036226,3.422624599533156,0.24384126915560794,3.924459180223728,0.4442353263607846,61.70265737807168,53.754659591825344,4.442207885636986,0.0011027488350740466,B0031,19,43,1.762591283533551,0.9616625698739181
1616.25,2.360775838409723,4.206667054740019,3.4201177255120836,0.2484967435425615,3.924121963609662,0.4455890794815404,61.83339482415222,53.766677549195336,4.464284570437061,0.0011420827324549398,B0031,20,43,1.744314576121582,0.9516908733253044
1622.218,2.4505597087782616,4.198651200144167,3.4199667649637617,0.240227653218108,3.924417903030087,0.44569725776051333,61.71886225058171,53.731744909320135,4.4697190556643545,0.0010775934500578254,B0031,21,43,1.7628373753518478,0.9617968365599155
1619.656,2.3428829070219703,4.207348617133544,3.4203305433739613,0.2501349576070621,3.9240126202473213,0.44712422209771274,61.9456150656118,53.77927288646249,4.45693134177006,0.0011511492008868388,B0031,22,43,1.747857930947971,0.9536241131751516
1605.484,2.411955819284382,4.2072481474909695,3.422863512888695,0.2442756635069247,3.923299226302166,0.44997694337953487,61.68681561807962,53.77940592279519,4.47368064182295,0.0011182249889793905,B0031,23,43,1.7441167338864991,0.9515829314138717
1600.75,2.3413222526109294,4.207149488755062,3.4198002859215846,0.2503352034951689,3.922934168280939,0.45116482491139764,61.72142337926525,53.7498055148608,4.460428713741414,0.0011655956496293188,B0031,24,43,1.7268422932817389,0.9421580675215433
1595.0,2.328244465576847,4.2072173595407625,3.4194705619732524,0.2510352392163917,3.922693131662711,0.4527003465680931,61.922368397426354,53.75572683773813,4.480450973648563,0.001178039431952298,B0031,25,43,1.7203093493042263,0.9385937201013845
1612.422,2.318164845471509,4.196145238330935,3.4145994489347067,0.25077770432686364,3.9229572377699213,0.4511789814174588,61.87504931919781,53.754287656200816,4.475935391257148,0.0011646953420751055,B0031,26,43,1.7394245516699778,0.949022896055243
1598.969,2.4548236850102603,4.2069462617112805,3.4248774653161553,0.24085434647021864,3.922700094183036,0.45437887216279693,61.49120341342234,53.711431807207,4.442725993565387,0.001095782705418942,B0031,27,43,1.7367384416372014,0.9475573654462948
1592.187,2.3584309858697914,4.207372373768093,3.420974185160828,0.24876034746779477,3.9220779649294735,0.4557211044372918,61.70751319442212,53.69342764953342,4.467661084363989,0.0011612589399978156,B0031,28,43,1.716963468448543,0.9367682212394376
1577.484,2.4660401403368404,4.206841499612997,3.4245085053170605,0.24023251593931505,3.9214023410679175,0.45873419896275935,61.49432037699378,53.61958378565316,4.43949000171733,0.001103530279404518,B0031,29,43,1.7127773558366357,0.934484295379962
1571.547,2.442554361335084,4.207073830058116,3.423217374797564,0.24227022640630272,3.9210732675731483,0.46033124295920735,61.505904797603456,53.633628437869824,4.449895894208783,0.0011227914079076425,B0031,30,43,1.7061083466554066,0.9308457113431248
1578.484,2.455972935605985,4.202288246181564,3.4217612690112014,0.24061289464997782,3.9208535381626746,0.46040293288406314,61.58650298757853,53.64298219337473,4.474723539519321,0.0011063243660218154,B0031,31,43,1.713732696207521,0.9350055251651951
1574.469,2.3451886335989784,4.2068098855652165,3.420095731247544,0.25011918120292986,3.9207501433470915,0.4619726838153298,61.66803036509911,53.640194623026446,4.457160762760047,0.0011823803783791475,B0031,32,43,1.7093475797926974,0.9326130236476444
1568.281,2.3048157078228537,4.207132897125494,3.418207639268387,0.25339914280032527,3.9202672088226542,0.4632460891161584,61.83745125268187,53.65373339276206,4.482305775162638,0.0012129951133136477,B0031,33,43,1.690100045411559,0.9221116478893375
1561.422,2.327904771892418,4.207018144824621,3.4190055604969225,0.2509542037978094,3.919741625648533,0.4649885758438988,61.7791359328034,53.65355338521763,4.484189540010294,0.0012034628517673012,B0031,34,43,1.6946883343387664,0.9246149994957387
1554.234,2.3672431402232186,4.206967994384534,3.4200180230564365,0.24794846811603263,3.9196997597664827,0.466474164198033,61.63755727730526,53.647830742878845,4.487186201086499,0.001183685889101201,B0031,35,43,1.687010991299212,0.9204262726444289
1573.734,2.32931910043758,4.198742074510769,3.41552953622903,0.2501201546469379,3.919678832661814,0.46505954947263495,61.76541153453152,53.654715008055895,4.511078924618437,0.001187890058976415,B0031,36,43,1.6957069027070075,0.9251707262168146
1566.578,2.313616978242905,4.206906802432806,3.4189014427486333,0.2522365024634315,3.9194186938518363,0.46674073137359395,61.71412204720752,53.66098543950281,4.493238343874051,0.0012085512653630401,B0031,37,43,1.687696889615565,0.9208004959506136
1550.047,2.464103908062826,4.20664698001037,3.423353784322714,0.24085886536911671,3.9186586473722,0.4698856152783637,61.46370523914892,53.59867010741405,4.48611765242064,0.0011241872484818486,B0031,38,43,1.6819617127259294,0.9176714069792262
1543.64,2.450218643464606,4.206935457661614,3.4227287920309317,0.2420449926090257,3.918535764220774,0.47151232224013295,61.45868723262231,53.628910349751585,4.478562376224728,0.0011380353024001762,B0031,39,43,1.6750033888978846,0.9138749740585563
1536.781,2.4650879684691613,4.207096999865798,3.422760457985402,0.2411902174617894,3.9181599954738218,0.4732324316069875,61.44540062417477,53.61379694880726,4.472853143829722,0.0011335440973025024,B0031,40,43,1.6672987794846676,0.909671370785689
1572.359,2.62709691854036,4.087016142066692,3.31356881404843,0.20513547879830787,3.895034492956119,0.608051199531419,59.47600707924567,52.14812251926887,4.162142570970094,0.0009284897555369556,B0032,1,43,1.704864107351214,0.9001242586881959
1723.281,2.6672646952717707,4.187844886919987,3.360932103985418,0.2223001167112325,3.9466662705801663,0.41471931092153,60.121290886265,53.49862731805315,3.9664224204441623,0.0008823750692128659,B0032,2,43,1.8940319526948568,1.0
1705.906,2.653980741191812,4.187701456265651,3.362818742242725,0.2250827429052549,3.94596457797571,0.4180507738168675,60.28987126771494,53.56355547229223,4.009418003018808,0.0008990651976567516,B0032,3,43,1.8747686491853093,0.9898294727910268
1697.688,2.614778884516638,4.187956631748198,3.3620666570592657,0.22846748616219287,3.9453935322885063,0.42032379711759854,60.57061862772471,53.636497641934646,4.069435124094006,0.0009266589309882383,B0032,4,43,1.8654947184112376,0.9849330766342057
1686.094,2.611753951946988,4.187837270519941,3.362352506750974,0.22894922429608536,3.945106683275763,0.4229219927629289,60.44487262242978,53.66821955000141,4.082094546524634,0.0009347541231823093,B0032,5,43,1.8527398169018068,0.9781988177473464
1678.563,2.6899647104301128,4.176580463554566,3.3539141264171213,0.22442279388805614,3.944152466562166,0.4252024547899459,60.80514996345169,53.78514931831166,4.153189143323837,0.0008856478744762353,B0032,6,43,1.844174397003866,0.9736764970516718
1677.469,2.6352220172441965,4.187717629562103,3.359881578137895,0.22919466784870857,3.9440841948043595,0.42633370608838184,60.79131486140098,53.80370465565283,4.135442695378179,0.0009254988392142606,B0032,7,43,1.8430238477512757,0.9730690367335113
1666.093,2.616116680441599,4.18755828453692,3.358862190732693,0.23040014570204292,3.943436845988864,0.42881047415986384,60.82453443905106,53.860865202701575,4.185013575157338,0.0009431896083203767,B0032,8,43,1.8302818174911863,0.966341573534192
1654.328,2.637757551280405,4.1878149871796655,3.3601097902247443,0.2288885440412835,3.9431707154426756,0.43114018230513773,60.93844327722512,53.86937461780675,4.192005823115736,0.0009369710455842254,B0032,9,43,1.8173838456081812,0.9595317771816787
1643.812,2.6425811435343314,4.187881479812432,3.3601434422461938,0.22882427624683382,3.9428069328012985,0.43377717958143663,61.056928797496845,53.919241142689074,4.215202063386342,0.000940071210258899,B0032,10,43,1.805799298110468,0.9534154350147842
1652.266,2.6868552360676885,4.180429711622443,3.355149818972587,0.22587357356852447,3.942681377393959,0.43386373531111266,61.26264235870029,54.04736439027928,4.289014057514145,0.0009039552200158778,B0032,11,43,1.8149829605049184,0.9582641717963277
1648.672,2.6740516269543457,4.187435297570574,3.3593418283288132,0.22689711932772313,3.9185039850079213,0.5312813367854248,61.30909593373104,54.07432799473692,4.296161972242952,0.0009179410280615116,B0032,12,43,1.7995150369321795,0.9500975072631709
1636.969,2.6712280977184064,4.187467933100937,3.3586297517355432,0.22695809812768247,3.9178116157352694,0.5344733949991761,61.35860964032413,54.13198237630402,4.321894992484149,0.0009262483500802583,B0032,13,43,1.7866516942518147,0.9433059942361268
1625.187,2.6834486699239664,4.187491241001438,3.3590704748251823,0.22658712662179603,3.9170366694671146,0.5376804047921773,61.48218876912336,54.1706485784692,4.357184947470345,0.0009254581602470804,B0032,14,43,1.7735550719416031,0.9363913155837538
1622.016,2.670098200587867,4.1874322769983605,3.3579238322389635,0.22764514080620046,3.9165548910259784,0.5394695441122371,61.55806089309812,54.230275057026425,4.381747987960367,0.0009354618427996354,B0032,15,43,1.769995333364443,0.934511865465663
1638.422,2.6512994484308834,4.174276691190384,3.346388148340216,0.22916630533283316,3.9411635813615224,0.4404849491571351,61.75555924618304,54.344649105313806,4.432646873667538,0.0009295390581666387,B0032,16,43,1.799526080374287,0.9501033379156537
1646.438,2.625703438629486,4.186860433427951,3.3534652549262995,0.2317932813769744,3.9169215524540313,0.5378071016788764,61.788148736083365,54.34024033975075,4.413134925522897,0.0009482027229682894,B0032,17,43,1.7968530684449833,0.9486920565877435
1634.765,2.6363985091733704,4.187242083144707,3.3539379658636705,0.23045346609812178,3.9161294134967335,0.5411165533064998,62.026796878552666,54.383818324015124,4.4512444136474665,0.0009486645321935178,B0032,18,43,1.7838265504081745,0.9418143911828518
1622.016,2.6091385279000474,4.187348698823322,3.352033498067153,0.23340630626060593,3.915098269867953,0.5444228188739897,62.05922080379437,54.44223460892958,4.487306711035157,0.0009729929735115279,B0032,19,43,1.7696444491040102,0.9343266076298944
1616.25,2.6928273258727597,4.187458308694366,3.356088193037498,0.22626898260772743,3.8893821380894766,0.6284705088888377,61.81678431928173,54.47793957059441,4.503731219037114,0.0009247523482268255,B0032,20,43,1.7512940457049684,0.9246380681240363
1622.218,2.6580053475407666,4.18032452902128,3.3485978246821815,0.22962863927757368,3.914579219475179,0.5461639481689681,62.13034562682843,54.52288431969187,4.543689119355342,0.0009384183762481449,B0032,21,43,1.7697554297961993,0.9343852025717755
1619.656,2.622656733898926,4.187278944270903,3.350888760453381,0.23223892521775213,3.8887331627286224,0.6304436004787765,62.20855323363066,54.63737439274004,4.568073724553923,0.0009660213096929083,B0032,22,43,1.7547726933914918,0.9264747043442298
1605.484,2.6579673401898325,4.186871482774904,3.351949039148667,0.22979770319538667,3.887437874711392,0.6344083243543543,62.27936068413306,54.626766126568995,4.5735692883862695,0.0009523010771736568,B0032,23,43,1.7389166355812984,0.9181031149485847
1600.75,2.62449780009349,4.187368946542894,3.349297591300232,0.23239740200156653,3.8867994146602536,0.636254128119382,62.40536913200032,54.64310926864166,4.586456316453839,0.000976336808651822,B0032,24,43,1.7337200518764075,0.915359452837976
1595.0,2.6693549937573904,4.187171328295389,3.351231111091802,0.2291317651845515,3.8601106075150997,0.7114565212522095,62.21600779378832,54.70581681215588,4.637857776447684,0.0009516089871711592,B0032,25,43,1.7150972597500092,0.9055270991124217
1612.422,2.6245992054256915,4.179483481777926,3.3435018088780115,0.23263665660952876,3.8867244327008197,0.6363687970510332,62.6157960112704,54.73634803491553,4.648433884272989,0.0009643159646495985,B0032,26,43,1.7462926148815636,0.9219974416993929
1598.969,2.682984874071112,4.187057003834118,3.3521161040604457,0.22894987289006177,3.8593522369905764,0.71370132806471,62.26360588854172,54.729006905014316,4.644808410786286,0.0009406512132274021,B0032,27,43,1.719149261914565,0.9076664517029577
1592.187,2.6671246169170018,4.186996418231206,3.3500497479561155,0.22982761440769361,3.8584719146423083,0.7161090681337,62.42580063958537,54.73589338579687,4.653777037967191,0.0009545812152179387,B0032,28,43,1.711582246191498,0.903671262650154
1577.484,2.6334454972272856,4.187162136817356,3.346822633241171,0.2339444499633487,3.856743445953191,0.7206013250938983,62.5594040849182,54.73540508711326,4.685154711078054,0.0009849333746586785,B0032,29,43,1.69510511952259,0.8949717649223231
1571.547,2.6133538721871226,4.187124475593186,3.3445668126766406,0.23511341027424876,3.8827695760741974,0.6489136023031377,62.582629376324434,54.74865999209295,4.704386198769392,0.0010014149137162703,B0032,30,43,1.7005124371100973,0.8978266890854628
1578.484,2.647938106735209,4.181856074494181,3.3426166901503263,0.23177794499918844,3.8826341322519617,0.6488761640766482,62.57090441669303,54.78747299373422,4.723322878585247,0.0009717665606740216,B0032,31,43,1.7080989351250158,0.9018321642856696
1574.469,2.6715941703662405,4.18690867607217,3.34732439121854,0.23045765190362508,3.854953502661152,0.7255351081039758,62.42898686923908,54.781382520592445,4.700360176790799,0.0009624289241045262,B0032,32,43,1.691435430587127,0.8930342638520579
1568.281,2.646261496806368,4.186886051758731,3.3453547357724522,0.23277759052823593,3.8540579985423062,0.7278734198372145,62.43152363917722,54.78435229628446,4.720098411154315,0.0009823651213987563,B0032,33,43,1.6844494328889932,0.8893458373246204
1561.422,2.6718636231921065,4.186961283097403,3.346646262078225,0.23176930582150265,3.8255270985951286,0.7971511309131966,62.5729328576623,54.845012944023324,4.761390958467834,0.0009703319537609283,B0032,34,43,1.664037581688075,0.8785689065701651
1554.234,2.6372752376377897,4.186797536056034,3.3430379418002483,0.23435175114681864,3.852189765714101,0.7325591579343493,62.57967644827836,54.84412055277582,4.759395362529615,0.0009969684734848446,B0032,35,43,1.6686372014231974,0.8809973871079818
1573.734,2.6027515790201994,4.180871809929545,3.3373798184076695,0.23659653214249257,3.8529024760904163,0.7303279575810525,62.96996562520999,54.916794359881244,4.8142431626381805,0.001002787148850661,B0032,36,43,1.6899344075625968,0.8922417624254613
1566.578,2.634449644633184,4.186876840985748,3.343534769020288,0.23487780880203493,3.8244421764261594,0.7998769246505634,62.75574288944966,54.90429470994109,4.796344421143602,0.0009909670609140203,B0032,37,43,1.669431712846442,0.8814168686389634
1550.047,2.612265282912701,4.186631058593124,3.3406975425250534,0.2370009785146789,3.850082677405248,0.7377247983901917,62.70443033939053,54.85304065526831,4.794161149279581,0.0010156890569643522,B0032,38,43,1.6634226761839213,0.8782442523301567
1543.64,2.6874948249577777,4.1868719484291095,3.3456376475453258,0.23208981113649735,3.8209617829043796,0.8081766679305123,62.46020747529598,54.870101858468004,4.793509053652861,0.0009713256481247776,B0032,39,43,1.643615219594737,0.867786426335721
1536.781,2.6076358711453813,4.186758471539941,3.33983349960651,0.239028609171694,3.8197223601535972,0.8108298273859925,62.78975435716677,54.91521152058179,4.8246865059417035,0.0010275521368331333,B0032,40,43,1.6358000873538243,0.8636602381635556
3260.531,1.9816234331870684,4.191105953862248,3.7179953044661613,0.351519187146712,0.8109896089354056,1.6144283082691733,47.876225604831575,32.82332257180906,5.204269058644825,0.0006776449972949743,B0033,2,24,0.6895699007862814,0.3657923754266503
3265.75,1.287217552704193,4.19762922160552,3.5247388250090337,0.38532641019993646,1.3467412084687513,1.8976501777673669,53.521374145800095,35.79329539654299,7.0776062450939,0.0008911924271304683,B0033,3,24,1.1610848192311252,0.615914316466096
3264.109,1.92499373482904,4.199816411135521,3.489168398195939,0.3818428582104298,1.4665895188350688,1.9381698289733746,53.59969491765948,36.38266836733648,7.494791779796171,0.0006969199485392435,B0033,4,24,1.2529393053824995,0.6646398635710284
3253.531,1.948018740022197,4.2005663942344365,3.4703882503796533,0.38439019183495776,1.52849569128654,1.954888848998327,53.81770081109488,36.45901475182769,7.748111314515477,0.0006923393857972275,B0033,5,24,1.302918002447558,0.6911517897721442
3242.578,1.891347070952385,4.200743805234223,3.453967625388434,0.3907985854055647,1.5665897465455083,1.9636635188664113,53.57104302015468,36.279780573622936,7.7885961076734915,0.0007122100792276511,B0033,6,24,1.3218773211472523,0.7012090359131435
3234.625,1.1932458808760276,4.197576934147749,3.4578247593455274,0.4090336253835544,1.5273274440312103,1.952174987496702,54.60856796915766,36.16552578493363,7.9691402129659465,0.0009288035099189927,B0033,7,24,1.2884694418301417,0.6834873408109668
3235.36,1.91705151743623,4.20050246544483,3.209334990541558,0.3346473052763693,2.0813949666832583,2.0133458787923093,54.19146373008866,39.93652051985124,8.469941728264851,0.000705779557146222,B0033,8,24,1.713169326386719,0.9087755667591043
3236.125,1.9084502918482384,4.199260915072752,3.2871463464425337,0.3420253749196088,2.031978773251064,2.0142986971387966,52.93433121063188,38.25328053802186,7.66368687503999,0.0007078869398507515,B0033,9,24,1.6560966776720512,0.8785005508086917
3230.25,1.9529802665635712,4.200453230054564,3.3197461384202485,0.3471792806668897,2.007363901844162,2.014661620390746,52.5032036116964,37.62899446299115,7.441223273952375,0.0006957582117455283,B0033,10,24,1.6197297341990775,0.859209177120807
3226.078,1.9889951350881316,4.200671023041403,3.3333097880411087,0.34835447982855144,1.994854164601242,2.0148574603605196,52.17652816361563,37.32713409422701,7.392175349197429,0.000685561814671955,B0033,11,24,1.604655812282729,0.8512129961702033
3224.5,1.9634548720089504,4.19613941105053,3.335992217657965,0.34314906991892163,1.9948680130218486,2.0146600127921706,52.04937847239831,37.40237649452651,7.264338406953887,0.0006924126342197487,B0033,12,24,1.6255699769029337,0.8623072187396129
3222.188,1.9596564991730565,4.200736119460894,3.3499333575510475,0.3483540819704434,1.9821703774895276,2.014565265056972,51.73549267436528,36.99574275414158,7.137379703375149,0.0006955148552126185,B0033,13,24,1.5900967306245992,0.8434899197167715
3216.546000000002,1.9224375381620544,4.199983318886737,3.352100511151755,0.3522602383325015,1.9816428246019884,2.0143626776014707,51.66117418178819,36.85780455256667,7.091083624256702,0.0007080718823000452,B0033,14,24,1.5739402299623984,0.8349194691372581
3211.859,1.9701535031712945,4.198997952942716,3.364435103530164,0.34750421966199346,1.9691356497382415,2.0143999358230835,51.20270858784091,36.6450177655176,6.964645705002185,0.0006939421841903464,B0033,15,24,1.5711303351557309,0.8334289196007167
3215.859,1.9056198246248632,4.200390681379551,3.3619403221625435,0.34371856613760393,1.9749371532375288,2.0141660926124385,51.54633126076106,37.06472736671567,6.915211120084364,0.0007135794376416029,B0033,16,24,1.5897706153457416,0.8433169271276514
3225.125,1.9194841380159544,4.19244756297013,3.3654741602580085,0.3290407092260201,1.968238775843454,2.0142172457766416,51.68734548388082,37.66051476409482,6.714300360146024,0.0007047675438794389,B0033,17,24,1.6257378771074,0.8623962838431742
3234.343,1.8976584375642789,4.2017771251555125,3.3663272801721305,0.3199436035889107,1.9814866225262617,2.014600049812357,51.806645557310055,38.32310986221148,6.6074382137431975,0.000712391569969924,B0033,18,24,1.6523506333962537,0.8765134071811422
3218.25,1.9491950772703672,4.201164004146235,3.377217174172977,0.3314869981371732,1.9616007058561897,2.0144005103548,51.0135246257672,37.01126182016035,6.7005119729575515,0.0006997495306069658,B0033,19,24,1.6143816761595386,0.8563722220101332
3203.5,1.984512151427813,4.201517882926393,3.380792043459977,0.3365751854561237,1.9543721914924799,2.0142383516107243,50.612625791907234,36.45751890099188,6.77010902739881,0.0006920573533630655,B0033,20,24,1.58697453394504,0.8418337051130556
3194.39,1.9563552671465751,4.20178668140198,3.379892729676732,0.3396532312865974,1.9543735971035472,2.0139819946593014,50.4762319652216,36.24583239287416,6.783913826045894,0.0007029296404807819,B0033,21,24,1.5818355572787333,0.839107660255403
3225.219,1.9541530671990093,4.1779630595627175,3.3335163148815434,0.29027121418456664,2.008024980015611,2.014805953110965,52.80944186421341,38.88044910257506,6.921948662134618,0.0006895066636912744,B0033,22,24,1.6919769406371152,0.8975337577482032
3252.985,1.9044972660711088,4.196973763278454,3.35231211831231,0.30831032051658647,1.9876856279987871,2.0142497783820454,52.001298745862094,37.68662439550755,7.120830785260102,0.0007047301162493356,B0033,23,24,1.6879483800354476,0.8953967492297716
3245.25,1.874834635726596,4.200398891523595,3.359089419531549,0.32107641770513845,1.9737183465320645,2.014081547998494,51.65598739515965,37.02885798715912,7.2112031054818795,0.000716605579168631,B0033,24,24,1.6586223007531458,0.8798403042770675
3235.031,1.897981208291145,4.200117032191553,3.3667293867076395,0.32414208658893173,1.9604650538111639,2.0136669632101247,51.50939532095622,36.84829116229335,7.225118156431514,0.0007116271293537553,B0033,25,24,1.6420179032789863,0.8710322603243436
3228.141,1.991339490634848,4.199696801054791,3.376711639438572,0.3218890305113085,1.946851923160699,2.0140010906012407,51.25839715822789,36.78338270641005,7.181065521239737,0.0006840956793460827,B0033,26,24,1.6381810791118745,0.8689969611841376
3217.875,1.8710207024150525,4.199468615978848,3.367781888938211,0.3269708600953183,1.9592125184825684,2.013518227552852,51.77188968997154,37.1454352740502,7.194258335751193,0.0007235979997867523,B0033,27,24,1.6422892507912386,0.8711762005557251
3220.219,1.9449657495126544,4.1967559287812986,3.3728392448665945,0.31888987401811475,1.9526430387730103,2.0139337986730634,51.73759469619592,37.43950673452506,7.127511167795702,0.0006992661614842481,B0033,28,24,1.651270876264092,0.8759406343182216
3210.234,1.907571146047148,4.199575185389948,3.374002354868022,0.3241178895292552,1.9520147906110725,2.0136393653962266,51.61243426951156,37.21232307005263,7.135860513901185,0.000713967903692628,B0033,29,24,1.6326559297917211,0.8660660654299852
3210.546,1.853794752061886,4.199545032445997,3.372312698394194,0.33349777206855014,1.9443849777751434,2.012930339685486,51.546238399221565,36.823942592131566,7.237613468547004,0.00073063905029989,B0033,30,24,1.6260888111680731,0.8625824419158009
3200.969,1.973807027309784,4.199505571389485,3.3827767161652114,0.33012971984914957,1.9307231048502151,2.01324257522385,51.03143629880169,36.46405070511895,7.199094033729196,0.000695320243363713,B0033,31,24,1.6079292963823688,0.8529494633845688
3188.625,1.8729343749213587,4.199241343123339,3.375532247108578,0.3348079651755557,1.9434559105685831,2.0130001069323553,51.41437811978397,36.76266900330653,7.21438361673181,0.0007295643006631324,B0033,32,24,1.6125361114907395,0.8553932154098831
3191.735,1.973162822681108,4.196166399561636,3.3809635204151607,0.3256671740792387,1.9370016811131343,2.0135524123521185,51.44638168113912,37.105629207043215,7.142792470237392,0.0006964875144335378,B0033,33,24,1.6218384168987892,0.8603277585044624
3190.313,1.9801558945564504,4.199389890561037,3.3849609857132434,0.3276255481394452,1.9295248820440578,2.01319486979547,51.30248392082844,36.92446822577901,7.142537062788352,0.0006956163849768305,B0033,34,24,1.6145443029101134,0.8564584897334384
3182.156,1.8983018980313588,4.199342510279409,3.3815674619499325,0.3366213934986797,1.9282728841663244,2.0125505832939536,51.29496206472584,36.60695698382364,7.237987602271239,0.0007231074190731221,B0033,35,24,1.5953958917107596,0.8463009367279037
3180.156,1.943860439855496,4.199371542863236,3.385185787754866,0.3353039637243563,1.921129813486492,2.01270581363095,51.186634675664926,36.55039143131212,7.223188109715338,0.0007092454278996818,B0033,36,24,1.5877243027113055,0.8422314308515488
3171.953,1.9632916036547936,4.198739953896501,3.386460424025938,0.33543862277761805,1.9205826599101805,2.0128452395622625,51.18261676158976,36.58233147774771,7.213525166531199,0.0007047545629590689,B0033,37,24,1.5811840578305605,0.8387620629048449
3192.172,1.966790843925578,4.196658469661701,3.38478424054856,0.32324415766624987,1.9281771378607613,2.0131083257090028,52.16803502599322,38.03675863150647,7.034034854770694,0.0006985424424924857,B0033,38,24,1.6128422608267754,0.8555556167744672
3194.735,1.9197120509411163,4.199179844744276,3.382889233805488,0.32076683677375734,1.9349757313526765,2.0131674545691496,52.74767841756611,38.760697217070216,6.976550849480067,0.0007135076285836415,B0033,39,24,1.61998606328022,0.8593451506071428
3178.75,1.90479520665137,4.199367783528825,3.3844125991586744,0.32688255763204077,1.9342299527737168,2.0131223368601017,52.43795613968632,38.235160610115415,7.047619112732367,0.0007218474484868123,B0033,40,24,1.6099381853611876,0.8540151077386693
3165.359,1.9002006601986487,4.199251268298133,3.385796894558174,0.33786485239244524,1.918884836825397,2.0124395787341456,51.81197793605918,37.20770413073148,7.198655237744151,0.0007263159117494997,B0033,41,24,1.577097753956516,0.8365944236283953
3155.25,1.851172103937757,4.199383120313636,3.3829095031701564,0.3453175190459955,1.9177547456039692,2.0120459433306133,51.73653410504897,36.9160184906247,7.2723660950439815,0.0007442234423186367,B0033,42,24,1.5708599066554392,0.8332854668725859
3173.766,1.9532771236637267,4.1862894653699865,3.3669463001908237,0.3196883807887573,1.9555816941670883,2.0141142887452,52.54160752520686,38.272310782775065,7.081485498717101,0.0007035844298874774,B0033,43,24,1.6261581345348248,0.8626192155031744
3199.485,1.8536215036991408,4.19649142433425,3.3716190861386144,0.32269824723413887,1.9478422681046381,2.0134342605717075,53.32326193954195,39.1034201890991,7.051112943145005,0.0007322646990484749,B0033,44,24,1.6348129972245726,0.8672103131985124
3196.015,1.8889976705304932,4.1993042516227,3.383250579221141,0.32823362903924014,1.9259198669127366,2.012742875598377,52.66626648084271,38.33805950325132,7.0898795885091515,0.000722871006892085,B0033,45,24,1.611705363734261,0.8549525331891595
3595.281,1.9693514891283213,4.297261420299437,3.3541040884435995,0.2874121371439623,2.0032895520905885,2.0150299581964783,55.391416850220025,40.78203629126505,7.335422972494131,0.0006474903995462707,B0033,46,24,1.8851401699720665,1.0
3198.0,1.9935504677327176,4.196439332501794,3.363721350351351,0.30937653146286825,1.9793358017872142,2.014852978806291,52.73529025292928,38.52395699562303,7.046190422933962,0.0006888332910472409,B0033,47,24,1.6584957887780232,0.8797731941612588
3183.516,1.9102322543360104,4.198801406927717,3.366918878823245,0.3277958024394289,1.9635759174250933,2.0141755043149434,52.530629852108135,37.84185542205372,7.186109175148517,0.000718880995915116,B0033,48,24,1.62418934644937,0.8615748432507472
3183.797,1.9518631378335147,4.199283799066005,3.3760336978502696,0.3308361947421618,1.9412628883822685,2.0138730270670457,52.2186933985822,37.464100471383695,7.2284661663699685,0.0007058932027489473,B0033,49,24,1.604172098856364,0.850956403353356
3191.516,1.8963514295309496,4.198824744163288,3.3722882262741316,0.3293365663015828,1.9409635566220336,2.013384537314612,52.72731536294026,38.110532137074216,7.1770418700656435,0.0007214356170021829,B0033,50,24,1.6080016740907346,0.8529878571918403
3189.985,1.8979233738345112,4.1991786619721845,3.371464716917886,0.3206818886340704,1.9482885137170949,2.0139019254143533,53.20573413452146,39.04860411133125,7.032986502220834,0.0007214000342125976,B0033,51,24,1.6256752138435595,0.8623630432041817
3189.734,1.9266531976002357,4.196322805258936,3.3745591325939,0.32276010570397495,1.940750614389643,2.013632227394321,53.164414772235126,38.882226863166906,7.093989055122789,0.000711554508199963,B0033,52,24,1.617632765910718,0.8580968098168995
3176.016,1.939997570224548,4.199012202779581,3.3793714907223658,0.331238286831147,1.9251256018615566,2.012956533210448,52.600411784093296,38.10273900805949,7.18728084125882,0.0007112730642903038,B0033,53,24,1.5973191489094265,0.8473211564597317
3171.36,1.9585672641473333,4.198460705965928,3.3812950636091506,0.33319810150493845,1.917220591703864,2.012854736563061,52.46865748904612,37.915376799712824,7.218814400894002,0.0007062879779711527,B0033,54,24,1.5875852250170606,0.8421576550674134
3170.843,1.9572832344435456,4.198803103697235,3.382171233915879,0.33559926699529397,1.9091378265076395,2.012296459369827,52.40979732740365,37.92480929373238,7.141620043805964,0.0007069160690875231,B0033,55,24,1.5802530015403684,0.838268170564624
3164.672,1.916168037790613,4.198672374221831,3.3795623822599756,0.3347222039655111,1.9160969808869277,2.0125409830030323,52.83404254463567,38.34698157796738,7.201587751636388,0.0007212451516085134,B0033,56,24,1.583036530487776,0.8397447339479446
3177.453,1.9463675093023411,4.195265814954276,3.37961009118628,0.3274557045473725,1.9162536759445385,2.012739580338999,53.60145197534956,39.30988108210959,7.113387961276327,0.0007077676068385385,B0033,57,24,1.6027138832797037,0.8501828717083951
3172.375,1.978054954648292,4.198697754700443,3.3842875440340876,0.3289433786988098,1.9085281127715084,2.0128033157242164,53.25152711755672,38.964980792259276,7.146450786459381,0.0006999937901578945,B0033,58,24,1.5930709154513834,0.845067619282119
3158.406,1.905966283713238,4.198102779366344,3.3822784871834886,0.3451538867291114,1.8916136445674485,2.0110757170430724,52.64070518740206,37.72135386687406,7.355633799536029,0.0007257257286280188,B0033,59,24,1.5448888685020246,0.8195087522456839
3141.578,1.90750106961619,4.19847889707735,3.3814602813053565,0.3493256655073447,1.8905533567609434,2.0109144454713883,52.51312011499367,37.45856152891539,7.409024023522474,0.0007292442929830677,B0033,60,24,1.5352188565640517,0.814379153878409
3138.187,1.9292976600569,4.198444396938235,3.382560441964418,0.3512191730964069,1.8823147825791264,2.0105861558300124,52.3982280962388,37.2659552140469,7.452588149191789,0.0007230756920735873,B0033,61,24,1.5252677314227332,0.809100434926987
3157.969,1.8981581536679577,4.195342051626477,3.3801788533503028,0.34344396051988346,1.8905502332831872,2.01088712164932,53.455944890050766,38.74887799470947,7.3204224334477805,0.000727424461088288,B0033,62,24,1.5559492005453626,0.8253758661184427
3159.281,1.888436111770808,4.198552819065784,3.3800922874688264,0.33742773324266107,1.898085696931241,2.011293305057216,54.15574298880717,39.69321386954275,7.203807384781626,0.0007312159656880715,B0033,63,24,1.564802943842715,0.8300724629224265
3150.375,1.8935389971250935,4.19849232388628,3.382133740383054,0.34325178695689645,1.8896314109891985,2.010981818926622,53.69393683990001,38.99544744527789,7.317955123433269,0.000731644114355017,B0033,64,24,1.5518620461881203,0.8232077756908206
3134.078,1.904031637069275,4.198232140934075,3.3814913105388644,0.3540574577667707,1.872743521398214,2.009922637389066,52.91956948214362,37.746988287643894,7.48909399990726,0.0007320176791594849,B0033,65,24,1.5144550545105004,0.8033646933177077
3129.797,1.9196175823544368,4.197903885845773,3.3819655060503893,0.35641616771640805,1.8643008386750435,2.0094427926280254,52.77330169161603,37.50735630364932,7.539649147005037,0.0007279342089890609,B0033,66,24,1.5051936202146428,0.7984518308985725
3161.89,1.852348915398631,4.181130210987576,3.329913840594753,0.3265687816307457,1.959426158058799,2.0136489745238317,53.75237854927132,38.883555668352116,7.446926371380111,0.0007365155952891927,B0033,67,24,1.605823969917045,0.8518326623642207
3196.859,1.8154710749647816,4.195489950082467,3.3467196974403497,0.3277930018072778,1.9438219079215997,2.012912521998486,54.49882525049124,39.70651744278487,7.378671580865715,0.0007444866586601679,B0033,68,24,1.6249005195877049,0.8619520953774924
3171.906,1.9709912361310515,4.197775741628386,3.366597142576843,0.3336446305154146,1.920785081406269,2.01338618049406,53.48032268666943,38.69688917568081,7.434074092998055,0.0007020335739764467,B0033,69,24,1.589785130036615,0.843324626656368
3160.842999999993,1.8937050882323647,4.197620289512095,3.3665010841717966,0.34902864502261927,1.9034302269573002,2.01175303370506,53.19212326974819,37.93115370815919,7.596134394853635,0.0007288926407542973,B0033,70,24,1.5552386152299904,0.8249989258109308
3147.141,1.936708367530743,4.197694092086119,3.3683893640779714,0.35157699589745434,1.8953183205112976,2.0117512339727015,52.91631108720558,37.670702628979534,7.642720988000807,0.0007184253023793266,B0033,71,24,1.539756404636803,0.8167861621980178
3141.203,1.898472277042985,4.1974767325796405,3.3686183095745217,0.35740884846863263,1.88628180979792,2.0110334258099285,52.95164787724483,37.48833504505954,7.674905262110871,0.0007318866229074197,B0033,72,24,1.5293174002138357,0.8112486405912706
3151.047,1.8471266740226868,4.196099622186929,3.3619229093944987,0.35105170589877865,1.9022031487355253,2.0111886766881235,54.15703950174405,39.01194436489727,7.58189594446308,0.000745457921815905,B0033,73,24,1.547680553576876,0.8209896421653405
3159.172,1.8671703949444944,4.196552042597536,3.362373596039391,0.34344427803515304,1.9025763083335718,2.0117462119822873,54.90254753232506,39.95408175672587,7.503285037793541,0.0007373392925909198,B0033,74,24,1.5659920939439786,0.830703264875621
3141.047,1.937874589200696,4.197202431807518,3.368466070250841,0.351963456425703,1.88583292092965,2.0111294137877205,53.80008363828377,38.629206981182826,7.6358336467124515,0.0007192913199346656,B0033,75,24,1.5416252851780503,0.8177775370416587
3135.0310000000027,1.8429746742692776,4.197066813581793,3.36347185491077,0.3646773409848846,1.8764397542454812,2.0096683219288547,53.54505652293522,37.93003488357471,7.792683235119292,0.0007508991583536216,B0033,76,24,1.517590655990168,0.8050280186924537
3117.984,1.8767034375876257,4.196924945892409,3.3632359535533887,0.3664722862105914,1.8755123549256025,2.010022710115876,53.29577183051126,37.62158369702063,7.838662552552632,0.0007441415697786722,B0033,77,24,1.5075202042593092,0.7996860012174306
3125.328,1.823408615215652,4.196262893825219,3.3583847581016526,0.3726169162054085,1.8746307341185118,2.0094861140111413,53.69065218748237,37.78621151878811,7.9361600071656975,0.00075923367998801,B0033,78,24,1.49549282626034,0.793305903763379
3120.172,1.914352330463475,4.196791007353091,3.3645795285682984,0.36574600753622427,1.866968412651517,2.0097240147793425,53.4617189956508,37.780545613375104,7.84890311356346,0.0007315105311148281,B0033,79,24,1.4997618811573148,0.795570485975872
3116.641,1.9242052922699,4.196494518150467,3.3647328172276567,0.36867412049046844,1.8579631543457258,2.0090394963596667,53.31089209854774,37.48831223397221,7.896903904500693,0.0007290827611780012,B0033,80,24,1.4906966807803954,0.7907617186909153
3110.844,1.846946703906843,4.196813869211146,3.360281651978189,0.3721749458886071,1.8652023718774091,2.0089367758388783,53.6277468644108,37.84650784146758,7.925640721775097,0.0007553793006992004,B0033,81,24,1.4800999425051866,0.7851405248698925
3101.406,1.912127707319289,4.196812382131576,3.3661837656093314,0.3700076183054515,1.856568813720333,2.0090972775450853,53.311289666668536,37.50067380952265,7.869734445371235,0.0007366609450076148,B0033,82,24,1.4676091496100632,0.7785146022493435
3099.563,1.9981993087869525,4.194034862013672,3.369029139242048,0.3681418108786442,1.848275433975868,2.0087412003389646,53.24781973161767,37.467710565988114,7.887263831015893,0.0007084339157573889,B0033,83,24,1.4729818491920503,0.7813646288243259
3104.64,1.9676969517091,4.196764423571106,3.3652385724141607,0.37045313434070654,1.847975231148244,2.008547933323009,53.32567282742489,37.598185411610906,7.927252524294558,0.000717979370188494,B0033,84,24,1.4742872137206404,0.7820570784094458
3099.875,1.8011165493797343,4.196547768827336,3.3618926452165643,0.37819789474324744,1.8544013778989676,2.0079863021321276,53.67135316275077,37.701434924362204,7.915242422521909,0.0007727509075196909,B0033,85,24,1.4635162808346138,0.7763434805255356
3093.25,1.935722285136851,4.196047705028354,3.363675541904795,0.37378157223478964,1.8463666206768123,2.0082900823218357,53.425915759836265,37.53461374251148,7.946792884034717,0.0007307283342411712,B0033,86,24,1.4527095680488362,0.7706109026738113
3086.688,1.8530896744385117,4.196278080515848,3.3590605059993033,0.3780467998915988,1.8534163332456284,2.008300766804273,53.80241246385534,37.84394106488913,8.01575711316138,0.0007591270663174689,B0033,87,24,1.4557303847230247,0.7722133387803175
3094.281,1.9965159983729224,4.195876729666962,3.3651551542737717,0.37375893344130273,1.837688288769038,2.007886365222825,53.538703332548565,37.62240216799661,7.997581992051941,0.0007107824826814498,B0033,88,24,1.459740099618568,0.7743403503200498
3088.328,1.817348554391127,4.195934498287595,3.358584830353844,0.3818420758391329,1.8440973546249275,2.007041223956013,53.85443523479271,37.85402355267617,7.99635050151016,0.0007701856615930911,B0033,89,24,1.448711504158192,0.7684900715789524
3095.687,1.840119681149193,4.196120687135332,3.35905242705326,0.3778421829364757,1.8441223646043912,2.0075062075701253,54.31271092311757,38.470904652851125,7.960650858232574,0.0007610591787820084,B0033,90,24,1.4666759762884336,0.7780195868990296
3102.062,1.8717606752777656,4.195965348408379,3.362682403709533,0.37230408249649405,1.8445071611776023,2.007675088881881,54.71724968436856,39.05355467673962,7.861260576542563,0.0007492450741250863,B0033,91,24,1.4689502109504418,0.7792259877270603
3107.141,1.9004154638642283,4.196021550334557,3.3650098815184712,0.36812944134459674,1.8447179134276697,2.0080459049265107,55.03279239327084,39.44221992740732,7.8885542883017985,0.00073881619355875,B0033,92,24,1.471116588522042,0.7803751741939915
3090.719,1.795323655635375,4.19600538145272,3.355774785877264,0.38602587913421765,1.842164817595224,2.0068960205429374,54.39303449657184,38.22999069332894,8.116006276094867,0.0007767389160313003,B0033,93,24,1.4473012364654927,0.7677419745858678
3069.812,1.7802670666869505,4.195641283102845,3.3539193468726696,0.3903065785676562,1.840569866954094,2.0067289847475,54.05963088053671,37.758104647901995,8.158417286972153,0.0007868150285476423,B0033,94,24,1.4205315547561643,0.7535416078780038
3064.437,1.921681538108464,4.200886512488945,3.3605316490849235,0.3839164515662626,1.8323017442255853,2.007140111342809,53.59788130809244,37.428049618035296,8.131072373049763,0.0007437597752476168,B0033,95,24,1.4241466094817417,0.7554592661949612
3083.25,1.77881535602872,4.201002724229119,3.3547493929832592,0.38646067958201,1.8406157622829122,2.006553747624584,54.608136974659445,38.5029228575476,8.078460856677752,0.0007855955138896941,B0033,96,24,1.4412820083364295,0.7645489875470566
3076.484,1.9534408897799111,4.195465495994929,3.3635996156389574,0.37468754147133343,1.8326988121959051,2.007391643429821,54.5574027155619,38.83348222581879,7.907881099064697,0.0007287619913560474,B0033,97,24,1.4448965388921615,0.7664663678105017
3081.297,1.8222744588584343,4.193707044291354,3.3569917985687048,0.38203985939346397,1.8393007090179736,2.0070440694468923,54.99418815591436,39.052180409304285,8.051855879322893,0.000769621553986169,B0033,98,24,1.4540256354795746,0.7713090297689217
3065.953,1.8129227899512983,4.195380315548316,3.356737655890982,0.3876447620906253,1.8297056790119524,2.006001007353025,54.16320225337546,38.021927947894824,8.099244853096376,0.0007770691610722725,B0033,99,24,1.4226030447542912,0.7546404598525801
3055.828,1.9001242255219517,4.195068887696935,3.359540268494682,0.3860444487006301,1.8209352725825312,2.005930253875984,53.87733726225828,37.73309166360951,8.100697819577034,0.0007510058361187157,B0033,100,24,1.410196954589097,0.7480594690261112
3051.468,1.861826807558021,4.200794831783912,3.3577795891012125,0.3874348653673718,1.8285914763057718,2.006256780528785,54.00540892482746,37.88253804875795,8.120043020859445,0.0007665058339874091,B0033,101,24,1.4144881298999457,0.7503357853336207
3069.0,1.7571531937270366,4.201229193181646,3.3555412354678467,0.3867063969037584,1.8371692618255622,2.006103417137415,55.01715436055076,39.09683297382756,7.980902514779935,0.0007963753663912055,B0033,102,24,1.431360032946153,0.7592857315047096
3079.235,1.8292747932433169,4.195456528334941,3.3594857050424136,0.37799614401138343,1.837816023009627,2.0070320333785823,55.56824997306065,39.853212783951,7.9215086072721395,0.0007684316835485515,B0033,103,24,1.4515133236517528,0.7699763374482975
3070.344,1.7807877780971682,4.195112832732734,3.358051208135682,0.3850185187074851,1.8280436931767001,2.005627672893069,54.92871435196593,39.04623892631281,7.997522600302031,0.0007863369885053812,B0033,104,24,1.4230376757726733,0.7548710161927956
3051.4839999999967,1.93715684685712,4.194675647244639,3.3644871236228617,0.3836011615397454,1.8096113968384206,2.0052136560457168,53.80101502575858,37.820538353520355,8.045040564188167,0.0007398101384072541,B0033,105,24,1.396298696255913,0.7406869359091759
3054.812,1.8780478013995328,4.200892254113164,3.361244790495099,0.38889525097271266,1.8091575935883184,2.0047113189253376,53.90914216170243,37.73310595477053,8.124660391859203,0.0007603886761979562,B0033,106,24,1.3979060730399124,0.7415395922843373
3046.532,1.8094020919691347,4.200853825806664,3.35671886762914,0.39283518119929,1.8167118076018112,2.004875412514523,54.23260277977909,38.006666099531806,8.147400346829205,0.000784975090968199,B0033,107,24,1.4011347560096767,0.7432522940882632
3071.782,1.8197773356081155,4.194606941815903,3.359022917654344,0.38207568952710325,1.8264479842957797,2.0057941778339283,55.63045478699343,39.784628994566496,7.996104129114405,0.0007731113751587147,B0033,108,24,1.436782528945267,0.7621621733128507
3074.532,1.836381881007388,4.194748069677628,3.360671828990881,0.37897926378114877,1.8267902000568097,2.006045783228387,56.16713312985831,40.35944876635067,7.938286958003245,0.0007670650976051768,B0033,109,24,1.4370006879546382,0.7622778989298877
3053.656,1.75385880069876,4.195093766485416,3.3583948833503303,0.3897192897729782,1.8243917057977057,2.005224773426744,55.53601912262827,39.40096297699252,8.044437256569507,0.0007994466193266879,B0033,110,24,1.410355528453481,0.7481435868370357
3031.953,1.977912246538546,4.19415713586591,3.3625185980231946,0.3863962385633532,1.8064608327119611,2.005194610010211,54.42859597766174,38.23202468655914,8.11445300710048,0.0007309628115367765,B0033,111,24,1.382633397996189,0.7334379798488281
3023.5,1.8406238091435183,4.194421518890087,3.352730063565273,0.39681328068397004,1.8133450646172389,2.0049642255099593,54.60293074972065,38.186119358463095,8.24708725378494,0.0007785009789140296,B0033,112,24,1.3699403583067564,0.726704772476975
3042.703,1.793591568720353,4.193864909249693,3.348905668243179,0.3999917318914672,1.8127387092209186,2.0043694952453803,55.29175004355109,38.7565059715467,8.29841801261052,0.0007888621861973844,B0033,113,24,1.3786129327882322,0.7313052656496414
4424.203,1.880422567759453,4.4683580435456935,3.457384162912773,0.3549350883861854,1.5628707519379117,1.9626336533016613,57.637403832441095,39.21824541685028,9.136858383949479,0.0005849495323307362,B0033,114,24,1.8035959863147195,0.9567437026931768
3066.766,1.92608696846512,4.192884657368934,3.376673863925851,0.3718380950216684,1.7979343834169685,2.0040733070525705,54.65393012817871,39.05310062274121,7.778028299266639,0.0007391492174178968,B0033,115,24,1.4234424290662009,0.7550857234596476
3046.125,1.9774094380313447,4.19449660552562,3.373391130621014,0.3754793008323757,1.7963463690245949,2.0041413327831425,54.152949724280695,38.41375319607374,7.865124134164577,0.0007278385383049858,B0033,116,24,1.3946003892958665,0.7397860443006375
3033.625,1.8428005555738187,4.194231055547011,3.364186626496377,0.38586361316358575,1.8032996206609153,2.003853078939271,54.53515875704883,38.46902673499884,7.997313079212941,0.0007751223371290757,B0033,117,24,1.3961613987822286,0.7406141044689089
3028.562,1.7746653306163975,4.200536096823805,3.358003989298615,0.39391040607556416,1.8108049336910572,2.004280527169298,54.77734925210607,38.5100324254832,8.116051572733323,0.0008009975579854093,B0033,118,24,1.384968608315797,0.7346767261005951
3020.984,1.8460476497404992,4.193861125565952,3.36155800725267,0.3900769741504128,1.8013083911049832,2.0036596013347667,54.64702813763124,38.40063671961678,8.08962153959665,0.0007771684576368009,B0033,119,24,1.3715114742475478,0.7275381937608759
3017.391,1.95995016678396,4.1912968364535725,3.3646263159375533,0.3864793347809497,1.7919918693222388,2.003688479820966,54.505104228610136,38.39044541549165,8.076832801224727,0.0007394953685715946,B0033,120,24,1.3616865084879255,0.7223263978869553
3022.14,1.9111619475065968,4.193746611615085,3.360892538206702,0.39005257400731086,1.7916272053833764,2.0032127144306835,54.4213321925581,38.413629652125955,8.166020401987566,0.0007552875327114191,B0033,121,24,1.3796301360966086,0.7318448559276373
3009.016,1.7914848144741025,4.1937859295628215,3.3571675251434945,0.39673921369973575,1.798733884420521,2.003101533109231,54.599932749715,38.44024987650422,8.176464968361984,0.0007983676773698508,B0033,122,24,1.364231776003204,0.7236765720309376
3014.672,1.8461845656811997,4.200650322742635,3.3650892446963074,0.3938861065843763,1.7887872050368798,2.002212341129397,54.621715057959925,38.18714693456589,8.126576838209052,0.0007810022971193666,B0033,123,24,1.3418414512081456,0.7117992988436657
3010.703,1.8424801617142232,4.2006243085499655,3.363027417163423,0.3946075123688204,1.7888403713952685,2.002471948707454,54.55731341596549,38.18649962226669,8.128242245617116,0.000783253660967469,B0033,124,24,1.355221569579225,0.718896977087548
3011.75,1.8293764049247,4.193697387023266,3.3583632498611675,0.3981253405245282,1.7886164084551721,2.002099062098337,55.041315475822266,38.536213089297746,8.209246716104786,0.000785032284252865,B0033,125,24,1.3403860264029774,0.7110272476040013
3005.734,1.7818288008009142,4.200544185864463,3.3574236498195953,0.39856201280713954,1.7964130441048565,2.002759529991668,54.87421915377841,38.552272664006516,8.187120414171899,0.0008047004109690175,B0033,126,24,1.3594078914195438,0.7211176723477741
2993.75,1.8799745135000576,4.193351413646578,3.360766302094452,0.3940463929645425,1.787019212781781,2.00242647225107,54.605029117345865,38.455511167512036,8.129236409137452,0.0007727354990051009,B0033,127,24,1.3457100861355502,0.7138514724639763
2998.125,1.8632410129416257,4.200351692306739,3.3594711162840047,0.39667266306633037,1.7868477486398855,2.0021635349126767,54.77196645266215,38.45383838785278,8.19220777695073,0.0007795240956815054,B0033,128,24,1.3477611420854358,0.7149394849006939
2990.859,1.7604885282268967,4.20027821207153,3.352476127724087,0.40464237024152844,1.794291130556876,2.002215384804945,55.081324460303485,38.59571101696619,8.263322447038789,0.0008157488145862556,B0033,129,24,1.335482103134067,0.7084258902370404
3024.453,1.8980864731881968,4.192818631069228,3.3599659156305464,0.39313703350271795,1.7787288593777348,2.0015455746235475,56.28817834549751,39.84838963202565,8.14711534845924,0.0007587263408890901,B0033,130,24,1.353154941842234,0.7178007043700547
3030.765,1.765463647928582,4.193616398463828,3.3529340862280046,0.39664490110318346,1.7964190748540645,2.0026649553099616,57.27354368026744,40.8588418858713,8.1841641472938,0.0008011682695739346,B0033,131,24,1.3709677706044292,0.7272497782617109
3020.813,1.7789329307031558,4.2001549210390445,3.343287590707508,0.4035042259618209,1.8052197287597738,2.003817422730963,57.2291922074886,40.645674557350794,8.446606518303426,0.000801513364228732,B0033,132,24,1.357426672491866,0.7200667059744316
2998.156,1.9751406850610131,4.199721786449104,3.3304566806630636,0.4132443198083716,1.8050862401983077,2.0052958676948127,57.19704022437858,40.22816795562337,8.956473119174259,0.0007419831060785668,B0033,133,24,1.3443678821106904,0.7131394808326698
2986.766,1.7718580087129037,4.198848421060828,3.320924665615561,0.4223886176786754,1.8114911161465173,2.0042066362513364,57.01987269382395,40.06014962782639,8.91163634907685,0.0008125813714057025,B0033,134,24,1.33005823859453,0.7055487224667429
3032.328,1.9154948072138345,4.177372245766921,3.340032080385694,0.3955126794930838,1.8025490371702977,2.0046002018775866,55.93330356332492,40.062941403566036,8.357608870443025,0.0007459211004063829,B0033,135,24,1.4033641858066626,0.7444349275244914
3047.703,1.9395710043147305,4.191445596329994,3.365998712772332,0.3828574251787434,1.7877554107698523,2.0028961886805656,56.299084505467846,40.262388264621016,8.076339084658306,0.0007388759967802845,B0033,136,24,1.3865570950229378,0.7355193619599563
3034.968,1.9213252989145688,4.193389880737777,3.3457011047959266,0.4007741145727262,1.7957587291291346,2.003828997747081,56.50951504855041,39.997401224885536,8.649211557886023,0.0007486288428158742,B0033,137,24,1.3704138176872631,0.7269559258861741
3011.7339999999967,1.99784512954192,4.200380611368274,3.346323103330572,0.40547340864896264,1.794492335579572,2.004376392685186,56.69165778744567,39.574089613864224,8.75011460904859,0.0007313180652163692,B0033,138,24,1.325319393635713,0.7030349332884628
3001.235,1.8345225826317897,4.190743825523512,3.2312787223699537,0.4349768122258911,1.9259470996842372,2.0132768139860198,61.13715999731606,45.33521672468352,9.809244596194823,0.0007850838880966409,B0033,148,24,1.461469789426299,0.7752578894162309
2976.234,1.9860807469381487,4.1981379242882495,3.337618232944289,0.39045395902117425,1.8473131233384892,2.009767434437271,56.348749401178914,40.620147730266055,8.348808415795563,0.0007432403424428659,B0033,149,24,1.4150999545382532,0.7506603366046897
2950.39,1.8841219743920603,4.199581881706975,3.3407978157952662,0.39628003065543577,1.844518264194251,2.0084543578294505,55.51777727453801,39.68399574640648,8.294901458492372,0.0007847979105524744,B0033,150,24,1.383632373873956,0.7339679011213571
2941.719,1.8129527074235323,4.192675713672651,3.345126055228355,0.4004516569725652,1.8328231495736935,2.0067156385931497,54.98845662264607,39.047236578784684,8.240128898993905,0.0008089566019898973,B0033,151,24,1.3705402893609833,0.7270230146235181
2946.969,1.964418985321,4.200041578787561,3.3571373711093697,0.39195006730621257,1.814347722959519,2.0066149005847986,54.53862414235327,38.66855198329813,8.165874902673842,0.0007586176147311222,B0033,152,24,1.3557042566115398,0.7191530254387547
2936.171,1.854641378834996,4.199761584906472,3.351453240465127,0.39774266318982954,1.8222035217148784,2.0060653733907605,54.72686731387149,38.84148471879362,8.182886527617432,0.0007987001458945941,B0033,153,24,1.3578385793919765,0.7202852079758593
2927.281,1.7877573640818558,4.19986267410377,3.346026215342865,0.4026565107431423,1.8306905769975232,2.0062527711138114,55.0046224518596,39.052551352201455,8.230387569185433,0.0008240088020323003,B0033,154,24,1.3609083979571397,0.72191363784758
2924.422,1.9183209167927544,4.199784078520709,3.350979420027859,0.3968536144679253,1.8209502621473443,2.006549367288378,54.71731449617404,38.79448240276511,8.23039463848534,0.0007801415670269049,B0033,155,24,1.3495626547684758,0.7158951234848883
3023.859,1.8528656809384136,4.044618024605659,3.342644131880222,0.37120982374781697,1.5682141898556474,1.9648048041379185,54.428778601713,38.509868638012954,7.565005152111946,0.0007248196240853972,B0033,156,24,1.1888877132486642,0.6306627656585774
3056.172,1.948475871638004,4.19403031740486,3.3518592869527803,0.34761908473482844,1.887804655777705,2.0122055836930928,54.890003781719805,40.15830993087354,7.620030455296645,0.000734760493115851,B0033,157,24,1.5041493934608643,0.7978979056412301
3045.078,1.8283531317172368,4.19296029632327,3.3468424673944153,0.3618789238487843,1.876137336259163,2.010553479583794,54.47368119654309,39.45022733421382,7.769642363586987,0.0007765341855302338,B0033,158,24,1.4899088638712767,0.79034380976209
3034.25,1.888528315752074,4.199907627033468,3.3508471294894773,0.3653222926389154,1.8659348672273262,2.010151608300193,54.12307476528604,38.94097771129498,7.835466212682353,0.0007617629764460391,B0033,159,24,1.475330178643193,0.7826103343100763
3022.609,1.924025874710363,4.199827998046917,3.355670268634572,0.36673337190379635,1.855665165318928,2.009705730682281,53.77302966651148,38.66654129149028,7.813391485287354,0.0007529264034271565,B0033,160,24,1.459830765413703,0.7743884453087297
3028.828,1.800492506386291,4.200007095257734,3.353308872329983,0.372492501732007,1.8545876842709506,2.008383914358268,54.609405212648525,39.33636206194418,7.786429862938941,0.0007922254379817683,B0033,161,24,1.4474169057725728,0.7678033330508364
3037.875,1.793120582655924,4.193196345687703,3.355576427429911,0.3682319320007585,1.8545835473262615,2.0083510624715495,55.29324534393817,40.21246241286748,7.710063171233223,0.0007900508622085434,B0033,162,24,1.4676323674647154,0.77852691849777
3023.187,1.8969132609228212,4.191982585507099,3.3638323924431814,0.3678969790924827,1.8336175958984313,2.007818709615018,54.26200652741747,39.15441493084491,7.772255525417427,0.0007591555946040645,B0033,163,24,1.441552493165527,0.7646924701556211
2996.922,1.8056023837774515,4.2001706293322,3.3571376570885594,0.3818733437261329,1.8420776445598062,2.007781704703841,54.01880189925328,38.472340837695874,7.914324159963034,0.000799009198622703,B0033,164,24,1.418392873584403,0.7524071133688803
2986.469,1.862859289057269,4.200074212399141,3.361111422960934,0.38100559506403114,1.8314804480842135,2.007232816266068,53.57147874982123,38.10278800382275,7.9002026513294625,0.0007826014344504737,B0033,165,24,1.4031824838852518,0.7443385410995957
2979.219,1.9520601805312336,4.200092034422385,3.3674136761881366,0.3757777517620156,1.8211984659153593,2.0072011494173188,53.4828168564585,38.13961733869117,7.827329326293313,0.0007545708636696902,B0033,166,24,1.3911104661211642,0.7379347638333851
2995.047,1.9878541604164133,4.192967636550445,3.3717064606024185,0.37044560783013547,1.81241066299999,2.006230710517158,53.87014040301519,38.75498314355583,7.745619425617592,0.0007362533797079083,B0033,167,24,1.4086019958134537,0.7472133999639539
2989.828,1.9566455890224008,4.2005612724264685,3.3721296388578876,0.36888721608231495,1.8216175674206458,2.0071306465250385,54.16164128030712,39.165872874745595,7.675765269533182,0.000750516646243218,B0033,168,24,1.413770890394895,0.7499553152144882
2989.391,1.8936715311451315,4.200390037061694,3.370281011025519,0.3735673874079416,1.8208743638517628,2.006493313508878,54.16534435153781,39.025069457187186,7.755638518043525,0.0007716349269521992,B0033,169,24,1.412472234540845,0.7492664243432755
2967.2810000000027,1.828763483963188,4.200616069155656,3.364268931307196,0.38514892522385974,1.817964724512839,2.005580049352795,53.79228026466776,38.3251245457817,7.876557939856502,0.0007993353461274703,B0033,170,24,1.3831900026575588,0.7337332388806157
2962.609,1.9584399411299585,4.200037449743801,3.3720392126554684,0.3798416921058721,1.798635457145711,2.004902524079411,53.22509160340434,37.878182669376734,7.835039078482657,0.0007566295480145518,B0033,171,24,1.3646098107432565,0.7238771060527965
2957.016,1.8220675972367208,4.192500996043775,3.362230190450641,0.39077860615561255,1.8064452052591595,2.0044828002708717,53.57857958784029,37.905840036253096,7.9440208645777615,0.0008016302241202125,B0033,172,24,1.369751365782437,0.7266045186458117
2973.281,1.7715995765672343,4.200097022210454,3.3636193969648573,0.38521535736714446,1.8174284963018599,2.005203469197691,54.49825501084428,39.1223902532353,7.80713224996292,0.0008167736065455032,B0033,173,24,1.3867946911071662,0.7356453982558312
2968.016,1.8584436263684132,4.191446103300025,3.3703866336965356,0.37660736564141034,1.8069035214035398,2.00491627572794,54.46813289210952,39.39196447810482,7.674836867443726,0.0007860478100291952,B0033,174,24,1.3918615875742792,0.7383332071242763
2959.281,1.9792800716788903,4.19205219049645,3.3756959922995033,0.3739598680841107,1.7968118920638934,2.0049852205593224,53.89419947351141,38.80564596554866,7.7206057412586055,0.0007477397782831572,B0033,175,24,1.377162352180965,0.7305357840851545
2942.797000000006,1.846857607499265,4.20026251718639,3.366639210990064,0.38787113598892925,1.8043699219153886,2.004454272176165,53.782251370205934,38.29516028833109,7.899629242024919,0.0007997170411982615,B0033,176,24,1.3599525359390852,0.7214065869485115
2978.89,1.9297681149166703,4.170526417555859,3.370719403191649,0.37436801864803965,1.786760951683061,2.0032096316444727,54.80009542618075,39.48206657960875,7.745780175169068,0.000752212502858175,B0033,177,24,1.379779043170725,0.7319238458491765
2948.891,1.9404476337602208,4.193298745157419,3.368376555569585,0.38242644978581314,1.8055442845093443,2.005429113917547,53.59426450012642,38.22420789035359,7.882055409696279,0.0007639655420960619,B0033,178,24,1.3631373661966442,0.7230960264439343
2938.547,1.8078076221500168,4.200151767615752,3.3605555096355064,0.39298690647400536,1.813761282828491,2.0051180183925523,53.860038336831,38.212225319933545,7.977217004930599,0.0008141248533597508,B0033,179,24,1.3652295228794809,0.7242058413617649
2925.484,1.901348395168944,4.199734233391325,3.3664344500865964,0.3877076837821436,1.8029442633329373,2.004891733247231,53.50394440240513,38.03726842877258,7.91780994031608,0.0007856429357406778,B0033,180,24,1.3498620694059131,0.7160539523307251
2917.297,1.820065501803385,4.199873842512875,3.360999914466085,0.3935792927469244,1.8116711409912878,2.0052385876375247,53.71091736477066,38.08745383569629,7.966447871491904,0.0008157579912876508,B0033,181,24,1.3529504172332432,0.717692211318849
2918.938,1.781542687267246,4.199220802674783,3.3597145615560104,0.39515169224629826,1.8111731864316711,2.004735333001605,53.96609282803159,38.371162533264,7.945067624731999,0.0008282731991592618,B0033,182,24,1.3535740542605128,0.7180230286433129
2918.25,1.8027051007685868,4.189411926667855,3.360790017915931,0.3955017400074061,1.799607080950245,2.003571909299349,53.89601837110568,38.21500087152169,7.953253591931185,0.0008178555044630406,B0033,183,24,1.3432225183905024,0.7125319060016667
2915.4839999999967,1.845120981293168,4.199234827601777,3.364551990412796,0.39193357288074343,1.8000478038107868,2.004023640799167,53.58335886886063,38.068361542357145,7.899000259134786,0.000807452157620694,B0033,184,24,1.3412081769053426,0.711463369286336
2906.015,1.9386542857041755,4.199099264533491,3.370459024271422,0.3868636767088719,1.7893303733112242,2.0039333292967507,53.35830232724686,37.98761504071771,7.861717759906919,0.0007778504167491617,B0033,185,24,1.3277389969987805,0.704318447056621
2894.14,1.8652024206914877,4.197710813920559,3.3647395351261364,0.3895395991897166,1.7980277728829637,2.0041220168990495,53.56872781314004,38.3556643629041,7.764967004267776,0.0008059417972969765,B0033,186,24,1.329778900445409,0.7054005434859061
2892.031,1.9741597310368288,4.194824465751656,3.3724762289358954,0.3807895353045176,1.7871202282133007,2.004045849042115,54.028944257752215,38.587739723836165,7.97283253885672,0.0007678564768893649,B0033,187,24,1.3356045028702497,0.7084908189559402
2888.719,1.9140482800494216,4.190646284256201,3.3682526298407938,0.3913291297121819,1.786405828905418,2.003253275410994,53.32084823607714,37.84946765760722,7.904779348061961,0.0007880995016153455,B0033,188,24,1.3177489685711123,0.6990190912915714
2875.641,1.9249905185886904,4.199787523647983,3.368834125820871,0.3899685404585822,1.796295261061998,2.0045614108661707,53.15804525272694,37.81892879614016,7.839666663844115,0.0007910573694905911,B0033,189,24,1.317605472474197,0.6989429717015265
2860.7810000000027,1.848326319700026,4.198644370031491,3.3643721242108837,0.39463332352380237,1.8053146501565176,2.004886310674361,53.44440984728841,37.98975162560657,7.8702988517442725,0.0008215651775971187,B0033,190,24,1.3185279522072382,0.6994323144823633
2852.844,1.7964863123561203,4.199051265280784,3.3599563575039135,0.3987522487975202,1.8145360631140475,2.005285920445224,53.71116793928585,38.110497566784815,7.915927779552194,0.0008421648547641104,B0033,191,24,1.3215397269813982,0.701029954181593
2854.64,1.9550178000855185,4.198244533751371,3.369660207276821,0.386774362826525,1.794111926207188,2.0047644439844645,53.18757385880901,38.158711514227996,7.556009104348265,0.0007858177331172591,B0033,192,24,1.3046615372928705,0.6920766731697212
2897.844,1.9991954704388997,4.159889361487179,3.3817276755972934,0.35657563983893126,1.7532558725802958,2.000116219070547,56.49572691828426,41.901714617344744,7.677142871817616,0.000745621189770146,B0033,193,24,1.3280324770208678,0.7044741277994974
2896.063,1.982805388419431,4.195184914935837,3.379780519797374,0.3663466599092984,1.7969598622906684,2.005458482039856,55.32081069602003,40.72593783748325,7.549914857865956,0.0007639265881012968,B0033,194,24,1.3634549770713926,0.7232645077482996
2866.234,1.80889512605386,4.199591464734624,3.3656667993678133,0.3898210699275141,1.8148755349981136,2.0053156816469717,54.57622829352292,39.388005009279006,7.743927355502283,0.0008340897284313716,B0033,195,24,1.3291316747402466,0.7050572132044385
2836.609,1.865543717364217,4.199771526762111,3.3648038854052915,0.39245647225938396,1.8130851501746217,2.0060037086525746,54.008789265404765,38.64570917130626,7.814000755160165,0.0008228937472164455,B0033,196,24,1.3124201086917682,0.6961923201239807
2829.516,1.994367058308584,4.199637020490028,3.371817482414552,0.38631626333188396,1.8021184116514508,2.0061526131129983,53.47500454222108,38.3036813037848,7.738820479320681,0.0007793806298255406,B0033,197,24,1.3152825503676355,0.6977107439109554
1819.406,2.170439265213917,3.854275360971105,3.1178767585161347,0.3541401512782044,1.9933552708919002,2.0166002829364027,51.86748080848415,38.9583698209689,7.017032741734222,0.0009254867224562235,B0034,1,24,0.7459302957645664,0.40978291197167177
3260.531,2.184438966859873,4.185182030297302,3.3022762078952894,0.29138406641030906,1.9787750682870877,2.01454861353163,53.72590623785784,39.10734156415766,7.613383399394623,0.0006136249167505013,B0034,2,24,1.6623217152845853,0.9132100371722426
3265.75,2.1716683590197,4.191235610410253,3.3294991412960915,0.3037582154060591,1.9609699675983692,2.014035111981642,54.1404555915866,39.20920805238827,7.7385523748873135,0.0006184084058456871,B0034,3,24,1.645087369694532,0.9037422083926389
3264.109,2.182463026326082,4.190305001839791,3.3493830070987887,0.31800877716552517,1.9366801187559786,2.013429503334784,54.22868210799842,38.936075977838854,7.821203470560032,0.0006151271221376826,B0034,4,24,1.620729289277574,0.8903608975919154
3253.531,2.0979416663773915,4.190367874669205,3.3541317530780055,0.3300326535330116,1.9297094547622624,2.013467412929826,54.17641516112459,38.60445981652459,7.960937516844259,0.0006431247184341607,B0034,5,24,1.5967402025126003,0.8771822964734072
3242.578,2.177479814637099,4.18989933406868,3.369692035482086,0.3579940159267992,1.8861362687797627,2.0109860655736536,54.09745559724325,37.79484872719341,7.896704260129636,0.0006206233186777869,B0034,6,24,1.4856500618812698,0.8161540186601446
3234.625,2.164719422934807,4.18599771136978,3.3729072074215107,0.3597574872741259,1.878804757365194,2.0106011354005218,54.03810589370243,37.65277428767197,7.946511311820064,0.000624887981894338,B0034,7,24,1.4866702197497013,0.8167144507331818
3235.36,2.1685179095920546,4.191866541196004,3.376976361461993,0.3624910676172738,1.872394664693293,2.0101347439573436,54.56296443841966,37.91666092404816,7.937741986814176,0.0006253859328185887,B0034,8,24,1.4701330958405268,0.8076296463893766
3236.125,2.159913301643853,4.18853091556387,3.3791099564139215,0.36557773781994046,1.8590611481699029,2.0091672820627373,54.47381276284677,37.78228277348195,7.911385130245769,0.0006268662718281948,B0034,9,24,1.4565041801019636,0.8001424900021427
3230.25,2.188985459937614,4.188375692870302,3.3845619896694177,0.3652099515688095,1.8455810936527006,2.008041626106435,54.157190141377896,37.58309361555109,7.851208191086357,0.0006189583570722664,B0034,10,24,1.4418961035576472,0.7921174236137353
3226.078,2.161327607707136,4.187976084521654,3.383128626739751,0.36915538867115955,1.8444852020549727,2.00796309957257,54.45256615419595,37.550522561172464,7.892775614183397,0.0006282081452508332,B0034,11,24,1.4370949588970292,0.7894798755063632
3224.5,2.140456418044363,4.185168395505227,3.386094893398142,0.36416816397607965,1.8435455623357722,2.007736631659078,54.20147817586685,37.681954258546924,7.821947771165135,0.000634117530612766,B0034,12,24,1.4458703624967404,0.794300715283531
3222.188,2.170940246075281,4.187927929507927,3.3916477322319585,0.363431073384591,1.8296943355588813,2.006560425547759,53.81393710497776,37.440274736517715,7.7527786021324925,0.0006259683430739131,B0034,13,24,1.432104054561837,0.7867380813689488
3216.546000000002,2.153155635587653,4.187886599518975,3.3914152987340267,0.3654988500118248,1.8286913393639905,2.0065122873738668,53.84994246144553,37.402773880575964,7.756535343574448,0.0006325825789313507,B0034,14,24,1.426720633302465,0.783780654847246
3211.859,2.182519668385055,4.186569652343309,3.3964131813944722,0.36319182772056696,1.8146842425634808,2.0051045207647116,53.61278420241196,37.26498054251946,7.697809338217122,0.0006239532880983424,B0034,15,24,1.4230846885129826,0.7817832188239845
3215.859,2.188496149834977,4.186557905906351,3.403051791482094,0.35343550094652315,1.8075203268976408,2.004460181435159,53.35590902048553,37.570569601089254,7.55333383913414,0.0006213150999690516,B0034,16,24,1.4409479522418909,0.791596548929644
3225.125,2.100542699118501,4.184379902708746,3.4002648970649156,0.3468685778622041,1.8262934110095792,2.006353217055609,53.83102716771526,38.400250729227935,7.507123959701595,0.0006461260272362295,B0034,17,24,1.486901544051865,0.8168415306315164
3234.343,2.112961645498256,4.187835929449723,3.402154252869035,0.33657028371271586,1.8395318663142037,2.007637650446708,53.994059646351175,39.102942991019354,7.342223075839949,0.0006415133719433799,B0034,18,24,1.5245313226850703,0.8375137574504566
3218.25,2.1659225933828385,4.187676357576053,3.407206655670774,0.3474756334571859,1.8047483945772262,2.004323801504106,53.39429065914855,37.80351021576893,7.496272647724591,0.0006282152611491383,B0034,19,24,1.4629049605190707,0.8036588111022596
3203.5,2.148786443036186,4.186173516948595,3.404574250610661,0.35745211898802604,1.7960015932329965,2.0033028114765914,53.38470633939791,37.356060000664904,7.6034560813037455,0.0006359878488879068,B0034,20,24,1.423079450854989,0.7817803414737057
3194.39,2.176304604588501,4.183451670510337,3.4067467727915552,0.3595867124925846,1.781271140675487,2.0016368951382453,53.12872869294344,37.06076524279572,7.574288392515855,0.0006283350079113182,B0034,21,24,1.4051040863603437,0.7719054278950609
3225.219,2.11932965334224,4.171109136894672,3.327594909243545,0.29405325398719645,1.9422337538733419,2.0138025695165678,55.80847324293826,39.94613025797719,7.729987731986768,0.0006361674923632883,B0034,22,24,1.6329463925070862,0.8970724632243536
3252.985,2.1509974200024624,4.183529138373987,3.387012528508769,0.3333319536080998,1.8689333525333718,2.0099544258418423,55.579127556921776,38.718351533776065,8.106408225202975,0.0006248205012846738,B0034,23,24,1.5687138208259117,0.8617857743522228
3245.25,2.1142806141482584,4.188330656095053,3.3938481398345894,0.34727619200253435,1.8406484597706716,2.0077545614506147,55.5590605953301,38.131331549186825,8.246977591710868,0.0006391033177557335,B0034,24,24,1.5149520966053402,0.8322513312161618
3235.031,2.1801548663736754,4.186643866753638,3.4020764335853744,0.34792207461273206,1.8130113115404307,2.004509792236524,55.43438713431678,37.90482918212311,8.265786530763553,0.000620237951469387,B0034,25,24,1.4855182940634626,0.816081630931168
3228.141,2.109657199964041,4.187573632919629,3.400466282848084,0.3524680611892458,1.8111012727322247,2.004901767078798,55.91432751133226,38.06681078125698,8.348002100258784,0.000643688250592396,B0034,26,24,1.480771929049074,0.8134741764707173
3217.875,2.1306422513355594,4.187294591248425,3.4030809584663944,0.3494578276725217,1.809813107933455,2.004780770903856,55.78439633575717,38.24251669378549,8.268922329812217,0.0006391336953464213,B0034,27,24,1.484026357317059,0.8152620232709211
3220.219,2.1787867991793117,4.183701675158018,3.4070525055582563,0.3427800974277658,1.802132327160996,2.004049807339469,55.819046085150106,38.56098530062726,8.209526023563452,0.0006226020267499527,B0034,28,24,1.4922153055506522,0.8197606889937118
3210.234,2.1208148015326507,4.187348905123759,3.4060276994838254,0.3485541977871996,1.800825501537,2.003915821995487,55.81813101636483,38.38922286871294,8.252268826262707,0.0006437331682335644,B0034,29,24,1.473312924099279,0.8093765110640521
3210.546,2.1326343880232206,4.186484904879302,3.408174888188947,0.3537418019137349,1.7789295191019112,2.0014930697770885,55.50852980614408,37.90831705954933,8.31294005993107,0.0006397200092620015,B0034,30,24,1.441593178980006,0.7919510095181577
3200.969,2.080806437045425,4.1865382627627215,3.405126191511401,0.3606991975404458,1.7776809738462258,2.001168585020276,55.810474269938815,37.78900459955153,8.389370868783098,0.000657841992758223,B0034,31,24,1.4225873198015788,0.7815099852523761
3188.625,2.153621018125857,4.187164525329423,3.409764436063523,0.3542145497843636,1.775874175678015,2.001002162535348,55.5580463265768,37.868460669545925,8.277109742284553,0.0006377493456281518,B0034,32,24,1.4266489379486664,0.7837412684179493
3191.735,2.16386574936286,4.185560165483177,3.410480218060336,0.34842657905000085,1.7820113215152447,2.001856706044124,55.7456104997617,38.32719437027863,8.245568283117045,0.0006334154985048311,B0034,33,24,1.4596775560238575,0.801885810032765
3190.313,2.110862355108561,4.187111715287616,3.4102489283524573,0.3529484912906563,1.7740993914343244,2.000974315162335,55.88273287086187,38.222749634083,8.315058505555372,0.0006507980126649187,B0034,34,24,1.4396159938545154,0.7908648266900421
3182.156,2.188936134619456,4.187953553733828,3.414435733868323,0.35394019682357425,1.758238315042278,1.9989493076867484,55.52091947034592,37.708662488006475,8.320337792304201,0.0006281959209775925,B0034,35,24,1.4195512657848512,0.7798421041340704
3180.156,2.076995222056859,4.186573417418747,3.408669177651725,0.36079626905131507,1.7644936008571876,1.9997412026470431,56.03798112972515,37.8703638417689,8.428461484824838,0.0006633568275776057,B0034,36,24,1.4118101714470452,0.7755894706137464
3171.953,2.138330613016186,4.187350410759027,3.4118322352896917,0.35697515905164995,1.7625385344166264,1.9995698725959798,55.7872631992585,37.83489284744581,8.381426950963391,0.0006459805040436731,B0034,37,24,1.4044196701845313,0.7715294382682588
3192.172,2.163289759388807,4.18502843595743,3.412313772481234,0.34137758271628615,1.7852478572717474,2.0023300492847356,56.29505678813318,39.269306296372,8.138244239258373,0.000633342650887428,B0034,38,24,1.4735059098606866,0.8094825293712956
3194.735,2.011759892668098,4.186257969039418,3.4055246588869954,0.34418749570784896,1.8061297342260072,2.00473508628767,57.203641711448896,40.1506450904851,8.159149845345684,0.0006806505316939651,B0034,39,24,1.492658600645149,0.8200042167813846
3178.75,2.162343975515107,4.186398813067427,3.412772999015033,0.3408103727673851,1.7899851853281945,2.0030626373087648,56.48442346523092,39.44313364004617,8.176182921821011,0.0006367455249869667,B0034,40,24,1.4820260149945934,0.8141631188471508
3165.359,2.1921995805381784,4.185933256660042,3.4159307513752806,0.3495334428573781,1.7589356071725388,1.999157242986475,55.71155596776208,38.29706396735563,8.27853394680047,0.0006298602073641137,B0034,41,24,1.423575357658995,0.782052771934522
3155.25,2.16034888083278,4.187334986366342,3.414462463305671,0.35464416514348485,1.7569782611764002,1.9989677910102988,55.725184853786985,38.00009263186772,8.311598120940724,0.000642416957620969,B0034,42,24,1.403825219724535,0.7712028720436351
3173.766,2.165521364045302,4.176473851854755,3.3922002422487143,0.3356470285708725,1.8535747834116671,2.00893560836477,56.68734909187956,39.66453202372922,8.21774373402727,0.0006336171248319672,B0034,43,24,1.5363173478836123,0.8439885068390436
3199.485,2.0714906018792005,4.186547012412841,3.3972119520639095,0.33598025344499033,1.8470027030693916,2.0082726354714477,57.523569542125074,40.503647950320534,8.221461302356575,0.0006610615178797966,B0034,44,24,1.5440367168176732,0.8482292053310398
3196.015,2.160000438530016,4.186836439169428,3.4077342186972084,0.33791758824672014,1.809738643568896,2.0050533127741628,56.64647124225468,39.602225792574906,8.207657344307089,0.000634175997496699,B0034,45,24,1.507892155360249,0.8283728947212382
3595.281,2.07023691471502,4.267804722238553,3.305027554247319,0.283178840580479,1.951674467634044,2.0140845771239104,61.22071154968515,43.00893271743553,9.038260538684744,0.0006112367315721729,B0034,46,24,1.8203060058691087,1.0
3198.0,2.051324967440629,4.183147061073988,3.3502911943233946,0.3273088379760373,1.920877053556143,2.013257357300348,58.28488787096781,40.64495633031262,8.577047160622417,0.0006666110361580233,B0034,47,24,1.5936575758226643,0.8754888302759675
3183.516,2.126099692893142,4.186094144264648,3.378826251452736,0.34641924044154077,1.8756334454613608,2.0105805444777762,57.592019665372526,39.63966215341089,8.5945672080473,0.0006470815448615637,B0034,48,24,1.533070464968097,0.842204805139963
3183.797,2.1895562891910765,4.1869069503681295,3.3905180732853615,0.35096779925706834,1.8375586042336385,2.0076313238850068,57.28443182001311,39.16680148065847,8.622872623284735,0.0006273486221568313,B0034,49,24,1.4862143093107285,0.8164639926027891
3191.516,2.074340759266504,4.185562043793452,3.387526907959532,0.35191505251917193,1.8377216600929431,2.0077487902757607,57.87208806126728,39.82254974386062,8.56770587548335,0.0006615104810776284,B0034,50,24,1.5029318848267783,0.8256479295134779
3189.985,2.1265733975652816,4.186540363518264,3.3911818711119515,0.34181699007641697,1.8447646924855277,2.008352418553232,58.01475740778219,40.67552783597674,8.366577709251589,0.0006457607060700858,B0034,51,24,1.5202185406928062,0.8351444953712466
3189.734,2.062739747604538,4.182887718757515,3.390835631837091,0.3466408129862655,1.8363998169086415,2.0077995401626265,58.312052179468594,40.582538417129676,8.497702393085767,0.0006646786130608311,B0034,52,24,1.5118194735004464,0.8305303990790412
3176.016,2.1030377322448675,4.183577669537621,3.396934021472626,0.35380759965598235,1.8048569444391065,2.004548998014529,57.74556007237976,39.684346755235566,8.556296768464088,0.0006550785440919546,B0034,53,24,1.464601301820905,0.8045907100776872
3171.36,2.1244761059896846,4.186336344550888,3.3994906529891593,0.3550201360082226,1.7965459276527906,2.0036295459281135,57.59063118746153,39.47995207463314,8.56669371340057,0.0006501501685589789,B0034,54,24,1.4546140961511749,0.7991041569171039
3170.843,2.0601307559265187,4.184762302875813,3.3981483429417363,0.36006141669570507,1.788026401638822,2.002714838217649,57.76023731619168,39.48992781243277,8.533798730124383,0.0006700525844229105,B0034,55,24,1.4333400490204142,0.7874170850389867
3164.672,2.066307670696809,4.185022396532557,3.3988819411159534,0.3556598767524084,1.7945055340922251,2.0036152354667465,57.84385498440773,39.852310270589804,8.524862133958106,0.0006694895160812078,B0034,56,24,1.449326234639616,0.7961992269248337
3177.453,2.063118102136468,4.183906394520297,3.3979295593430394,0.3482016505439051,1.8100461507144519,2.0051862864681538,58.50818415025991,40.873690307547484,8.434988455091915,0.0006674491463394828,B0034,57,24,1.495199821798908,0.8214002574171708
3172.375,2.015578277968309,4.18478065365082,3.3987236708202504,0.35231564460810844,1.8015755609908257,2.0044006889530923,58.39804679399696,40.55984735939729,8.5106429005782,0.0006837786754978559,B0034,58,24,1.4720590241846008,0.8086876708851836
3158.406,2.1825208655708157,4.184572904357356,3.4080267118315732,0.35751889261869363,1.7534624908973888,1.998563862684758,57.19671566450291,38.988662122088876,8.582185621435393,0.0006338805203594917,B0034,59,24,1.4097383014648728,0.7744512718848007
3141.578,2.177635067318021,4.186221928288161,3.407631378055527,0.3617463159027306,1.7513348268515343,1.9982802919985332,57.09358220904711,38.71511147644418,8.625861006451853,0.0006393560373067738,B0034,60,24,1.3861944181384176,0.7615172469183699
3138.187,2.167549772117144,4.185645972879193,3.407885887358127,0.365101378589832,1.7425277851045473,1.9968801220000283,57.056434523826645,38.511498511820214,8.669716466894233,0.0006430771017667364,B0034,61,24,1.3624125407550536,0.7484524779692561
3157.969,2.0235981843621835,4.184966155089575,3.4003875411941866,0.3575647441360872,1.782680833777068,2.002255410497885,57.99096942950453,40.112479285456395,8.489896217161125,0.0006844170955216443,B0034,62,24,1.4471377445077278,0.7949969619623317
3159.281,2.184010507272112,4.181330176160959,3.4076622967245975,0.34425343388744384,1.7740918104733483,2.0013196851959045,58.16328313862759,40.84012758949483,8.300394510888376,0.0006322070334638947,B0034,63,24,1.4554483390450048,0.7995624550774901
3150.375,2.0392577121107047,4.186951481965634,3.4032529056881784,0.35507465637973745,1.7809841749397886,2.0022104384617547,58.29542391419101,40.348969230016365,8.53638237990003,0.0006817263880823487,B0034,64,24,1.4423952167302958,0.7923916155194035
3134.078,2.0999808615526177,4.1857251578423,3.406174357529073,0.36486444543179575,1.7471880211297464,1.9978160472317654,57.375182540416354,38.95729074496056,8.660668569295073,0.0006655049096703024,B0034,65,24,1.377541945989605,0.7567639405397087
3129.797,2.063136946201327,4.18361645238679,3.4049736944362246,0.3697643818088682,1.7381475651358784,1.9965797084505261,57.42041259082052,38.73711200799833,8.725318456890603,0.0006775134317610576,B0034,66,24,1.3539935892900532,0.7438274580891614
3161.89,2.120762756881349,4.17325067272426,3.3580774287935817,0.33409637440471635,1.8824246476342092,2.0113496097196055,57.71520595046742,40.231060876384255,8.575978781096959,0.0006491332449398652,B0034,67,24,1.5509038861664448,0.8520017410072559
3196.859,2.19170788700899,4.184028931910909,3.38250056099739,0.33308574575214545,1.8524024614367005,2.0092822792763814,58.17136403259683,40.929553501935686,8.432805269513834,0.0006232120481078205,B0034,68,24,1.5562932697752867,0.8549624429944301
3171.906,2.1203887966971293,4.185455613390746,3.390086865994553,0.34685000193734206,1.82653591475856,2.0071112898718546,57.753084428922655,39.993709319022244,8.601190935418309,0.0006510491851566903,B0034,69,24,1.5067526605064707,0.8277469038987588
3160.842999999993,2.0630039985317543,4.183582231077479,3.392978809154906,0.3599395825673459,1.793004404774759,2.003672794716492,57.5103657978898,39.1022619385273,8.72438127557316,0.0006708900861402258,B0034,70,24,1.444138733302766,0.7933494306157931
3147.141,2.1811524820912926,4.1831604654402685,3.400527096110287,0.35912609070513846,1.7679811801475078,2.0007113275755546,56.86348453612092,38.637036104045876,8.6814745993037,0.0006361354586111572,B0034,71,24,1.4144103811292437,0.7770179170803376
3141.203,2.155432405052415,4.184589576893444,3.4009920061492966,0.36363096900257585,1.7592553782469809,1.9992703787852446,56.97607576818629,38.457946337552535,8.731194553530898,0.0006459809098109956,B0034,72,24,1.3897574212362729,0.7634746118264497
3151.047,2.0671609840346776,4.1839152437949645,3.395963139634734,0.3559391723260501,1.791362432884086,2.003498216742575,57.956995411354825,39.988534225003114,8.584867757864135,0.0006717621983297256,B0034,73,24,1.449968311475299,0.7965519570886702
3159.172,2.1233368877812127,4.184717109573573,3.399629787670528,0.34757164660384293,1.7913361269828607,2.0036283308688874,58.3663921180059,40.84025138634754,8.436540185259998,0.0006525064864440305,B0034,74,24,1.4678653068012166,0.8063838179231746
3141.047,2.032509026773449,4.184251380689682,3.3983167205445777,0.3611318712468133,1.7734094053339462,2.0013994512866855,57.883249801186295,39.64173378499159,8.685711491168416,0.0006850398462411525,B0034,75,24,1.4290644310445066,0.7850682393162774
3135.0310000000027,2.010095847748964,4.182749347441237,3.398539512076107,0.3710619878165209,1.747723781773115,1.9981442555594884,57.62604602919208,38.82196729294636,8.817941138688719,0.000693024566485075,B0034,76,24,1.376744834668327,0.7563260409125538
3117.984,2.1845053475658918,4.182152014334447,3.4065465230061798,0.3666661959660648,1.7290932853839172,1.995710042182126,56.803768142247485,38.27601981086532,8.745456914946834,0.000640685348856362,B0034,77,24,1.3515813262521057,0.7425022616495683
3125.328,2.1991319506434475,4.183323525954108,3.4067781130872956,0.366329464909029,1.7291042035547068,1.9955360419315236,56.88027382398077,38.30615482092432,8.765956558062882,0.0006348746676542945,B0034,78,24,1.353993472828928,0.7438273941102892
3120.172,2.1256164107912863,4.18535045289718,3.4044214192090116,0.36815742532365514,1.736102566926026,1.9966532651049556,57.11228470728586,38.50347850214561,8.783731417459412,0.0006601347752963277,B0034,79,24,1.3577165116893766,0.7458726759741322
3116.641,2.059592858883293,4.182766239696235,3.4020136665550305,0.3747697911581136,1.7267121342258214,1.9952897103035294,57.23777746505438,38.25735173096823,8.870928018497757,0.0006812377109885105,B0034,80,24,1.334169315351027,0.7329368309775065
3110.844,2.196715966153447,4.181823483700895,3.408929572366065,0.36673764656574676,1.7171808120951697,1.993643234345213,56.79550408983589,38.29433048905591,8.737825093454077,0.0006381250610919248,B0034,81,24,1.3372147888783987,0.7346098867810651
3101.406,2.179169443366329,4.1857303262234575,3.407512024075691,0.36920574664774874,1.7243536634662822,1.9948884840400352,56.74357378980126,38.19006452807094,8.770364628985135,0.0006469842654773766,B0034,82,24,1.339045224276927,0.7356154514458119
3099.563,2.0729178734316847,4.180937577273335,3.4012246723873063,0.37427823003175015,1.7314101258115537,1.9958427335606452,57.1850535860252,38.32673773585545,8.859380536587665,0.0006801022285533962,B0034,83,24,1.3439244604756322,0.73829589977866
3104.64,2.058553622170445,4.185670680684665,3.4019343263921806,0.37481145374050406,1.7315588125572303,1.9960499250192558,57.13163600499266,38.326112920062165,8.856808409444055,0.0006851412912654029,B0034,84,24,1.3454786192090245,0.7391496895966253
3099.875,2.1859283824053053,4.184780807786567,3.4080993396118826,0.36825043767469806,1.7218693596318888,1.9946646864912507,56.68621589748299,38.2504483640825,8.742439203791417,0.0006448171056514415,B0034,85,24,1.3482263029682544,0.7406591521542232
3093.25,2.047929270109934,4.184776951807234,3.4012585484878985,0.3766580429795005,1.7290075860455774,1.9956525216606102,57.14457415944487,38.25522153140731,8.876721439742893,0.0006908098865908997,B0034,86,24,1.3373192299576058,0.7346672623425752
3086.688,2.0282334120244614,4.184920385211051,3.400118948427692,0.37593601212950395,1.7363791085179334,1.9966320060781153,57.28985408720813,38.4827926779255,8.877668644103913,0.0006987058533893251,B0034,87,24,1.3402523341553034,0.7362785871353521
3094.281,2.128944717359417,4.181326694340018,3.4044380735101045,0.37315902558622077,1.719228099598437,1.9942815472395665,56.90074118043176,38.208311929566015,8.840194321432355,0.0006632823512087625,B0034,88,24,1.329096568237912,0.7301500758403157
3088.328,2.080780257241255,4.184466822637345,3.4027761465827293,0.374521508259097,1.7265727401462612,1.9954346644672654,57.126183132620525,38.37963443029051,8.819397298661038,0.000681173296811767,B0034,89,24,1.3323485655766352,0.7319365871896372
3095.687,2.18178697368346,4.185698992912854,3.407661438923026,0.36520921170027865,1.726654599534716,1.9953662351170818,57.09006956503022,38.847888287026734,8.66935579813357,0.0006473238474139646,B0034,90,24,1.3501541310555516,0.7417182202895155
3102.062,2.1600430451609207,4.188177492671976,3.406219322901771,0.36090923946582715,1.7439880801204648,1.9978938452226198,57.56129571557157,39.55793696996327,8.598440175622368,0.0006538020347469054,B0034,91,24,1.381523441054128,0.7589512074342231
3107.141,2.0578741386350488,4.181899265811891,3.403483836522725,0.3619668249274923,1.7439039797874396,1.9977250194927203,58.12885115554352,39.995989656775905,8.683327027748728,0.0006835947023893806,B0034,92,24,1.3835971952817807,0.7600904412888423
3090.719,2.0545776989805837,4.180083219210065,3.401643655881062,0.37419521077138923,1.7240232458512306,1.9950602398290567,57.35750604508094,38.637111363644244,8.857869610994037,0.0006877058445719204,B0034,93,24,1.33011618620809,0.7307102113158295
3069.812,2.0610721424538947,4.1821779958572005,3.401100143150002,0.37875619418271567,1.721576289861668,1.9945423675957656,57.07647448385972,38.17458507378806,8.903069468199579,0.0006909562713948951,B0034,94,24,1.3176982121703231,0.7238882956611383
3064.437,2.1769630360366774,4.1841115419161925,3.406245698013471,0.37598386759347885,1.7115354875979534,1.9933466095131303,56.56265009891403,37.84309122903104,8.863541836735617,0.0006549811615900458,B0034,95,24,1.3063657719651272,0.7176627269003599
3083.25,2.123117073996824,4.182953933920961,3.404609654515602,0.3701904747083956,1.7218364755496434,1.9946447509020433,57.16856231635899,38.7849806497393,8.750868469313113,0.0006680732538471215,B0034,96,24,1.3381567383793782,0.7351273544474587
3076.484,1.992728560786441,4.185231964742196,3.3978374456616303,0.3728432468936498,1.746424610116049,1.9979563201273018,57.902838661735686,39.47058624854092,8.734129543035214,0.0007126653036244478,B0034,97,24,1.3563258092165067,0.7451086821904574
3081.297,1.9677573642714887,4.183603781291225,3.3958647763622594,0.37289371039063396,1.7536351163253248,1.99884343613147,58.11517890209301,39.61654428235802,8.800971941406312,0.0007191278273466454,B0034,98,24,1.3648997529550058,0.7498188483443099
3065.953,2.12435243753564,4.1847480185320505,3.4029256137765205,0.3739159665679015,1.7265318546475839,1.9955457401902525,56.98035659049231,38.42381623938057,8.835133456477147,0.000672024516030223,B0034,99,24,1.3337639975535058,0.7327141663286979
3055.828,2.1817137827751827,4.18481289618272,3.4052852363977686,0.3746163296024134,1.716350035591278,1.9940739075343494,56.67208442551173,38.11461669687029,8.826906163237824,0.0006555012629662197,B0034,100,24,1.3060123668658763,0.7174685809171508
3051.468,2.087539695609617,4.182816385597531,3.4007629589889867,0.3776587946222213,1.7241037426046357,1.9950964726362783,57.04472631715234,38.33391837467718,8.878119907411937,0.0006866454735844891,B0034,101,24,1.3101868361375808,0.7197618597715001
3069.0,2.068960188840925,4.182086976575588,3.4011297944340977,0.36958503808959037,1.7342683107975017,1.9968676451069118,57.64730160708694,39.42514383600653,8.684622557321541,0.0006885391944394472,B0034,102,24,1.3567668941696105,0.7453509958188702
3079.235,2.059628573127648,4.181559459677035,3.3993314164333626,0.36412993845781577,1.7519686144906164,1.9990831825847728,58.29336025761747,40.315066740163225,8.637795448842216,0.0006891097582839202,B0034,103,24,1.3916857433587717,0.7645339513640228
3070.344,1.9953872570984856,4.182529313505233,3.3981521617785853,0.37229461644284406,1.741676575046759,1.997350459150212,57.95445943311949,39.53448316157278,8.778460833723413,0.0007123443029206979,B0034,104,24,1.3629935079344777,0.7487716370433628
3051.4839999999967,2.1529421051579973,4.184076900714323,3.4035091903916523,0.374494610907818,1.7213583653193913,1.994803155577488,56.91514213395795,38.37203224972586,8.839516681400235,0.0006656219713281563,B0034,105,24,1.3211711973900628,0.7257962085112536
3054.812,2.0405401202035574,4.184435637134828,3.3990218794534157,0.3812468444656807,1.7213431863858566,1.994895973624201,57.19634917626827,38.3101923015924,8.940716088748239,0.0007018093149206141,B0034,106,24,1.3074869015593356,0.7182786286172106
3046.532,2.197033181830859,4.182198079486951,3.4057934055092884,0.3737023442287748,1.711234103073369,1.9932449304938435,56.74944920850043,38.27774779605142,8.809595451296325,0.0006516146548456054,B0034,107,24,1.3105881895483489,0.7199823465520051
3071.782,1.9756647286286777,4.18257252176705,3.3956244120578263,0.3692120522102304,1.756916276698593,1.9992864933412013,58.60834889757344,40.334191485925615,8.739495852091784,0.0007184454473456687,B0034,108,24,1.376312668196664,0.756088626724901
3074.532,2.083403258487322,4.184144535847567,3.400151892919731,0.3609593984432282,1.7574723585820047,1.9999556944520067,58.69313490028398,40.79229920392578,8.602691381084028,0.0006832718857244761,B0034,109,24,1.391764929132287,0.7645774527166855
3053.656,1.9776004444482065,4.183745596310435,3.395401002342427,0.37214056285496877,1.7545789749302803,1.999281573767985,58.287617732907975,39.99900717802978,8.76335225783567,0.0007224602744586255,B0034,110,24,1.3649746353453525,0.7498599855982141
3031.953,2.064842829300876,4.182564922322223,3.3978188140801495,0.3775177446279733,1.7346140728561315,1.9966601698107518,57.38456939785952,38.793911542282345,8.86939112238298,0.0006984679818655986,B0034,111,24,1.3219093937291897,0.7262017427108589
3023.5,1.966575784508242,4.184886457411625,3.392562018908607,0.3849778775123176,1.7419815147499944,1.9972064078166893,57.58115209169171,38.67005005769116,8.968329865392109,0.0007336896553343418,B0034,112,24,1.3090033888073913,0.7191117232964384
3042.703,2.1711822809863026,4.182256888930097,3.4017204105726306,0.3732509656497098,1.7240372988847368,1.9952314930942083,57.13289738293001,38.826649526191886,8.773748438715884,0.0006609500197501349,B0034,113,24,1.3327005721973733,0.7321299649072315
4424.203,2.069253006874651,4.444767752853825,3.483606791060758,0.34395434292487526,1.513912006764154,1.9511984409474887,61.43732341776916,40.05350414099234,9.972682851096414,0.0005369361998034842,B0034,114,24,1.7423975189669398,0.957200335190362
3066.766,2.1429326564674485,4.182008963324631,3.4027541068274787,0.3613250977679768,1.7448643036753848,1.998086505092949,57.73883179659806,39.89751111071057,8.62473287045661,0.0006648946502136723,B0034,115,24,1.37734756281946,0.7566571545545402
3046.125,2.066165629002469,4.183084128990252,3.399518032588874,0.3695778618370275,1.7422904387538094,1.997878655919979,57.386080612263264,39.197243061406944,8.70719699666145,0.00069495457342945,B0034,116,24,1.34875988767775,0.740952281280741
3033.625,2.1996082620797504,4.183718969246597,3.4048948132853294,0.36613308641441833,1.7317655890635542,1.9962977842381133,56.89633685865634,38.90698912730004,8.666596301235286,0.0006540395425165754,B0034,117,24,1.3501504559881146,0.7417162013611456
3028.562,2.0698222657269465,4.184086373500983,3.3989458032986057,0.37297505761796523,1.7394712458278938,1.9975400027594974,57.238769179765264,38.91493347992841,8.758275016738637,0.000698108246677478,B0034,118,24,1.3387814875085953,0.7354705654939546
3020.984,2.1637591808058576,4.180084668986179,3.402552549263599,0.36958468921004256,1.7291852801439969,1.9959322381269242,56.92287178370967,38.753372299612906,8.690077322966433,0.0006674399759086184,B0034,119,24,1.3253371210402685,0.728084792758503
3017.391,1.96657603413028,4.182272685375916,3.3917372089469744,0.3787642571958432,1.7552053099717762,1.9991116957331807,57.63060311370659,39.091854428154555,8.842338813616909,0.0007343087625188901,B0034,120,24,1.3308160596334049,0.7310946925091334
3022.14,2.0993400599564533,4.183571382297645,3.399163910018903,0.3728463956737153,1.737149313452521,1.9971626251365564,57.01462861282404,38.79791433490267,8.759489963889736,0.0006896541266589872,B0034,121,24,1.333083376618503,0.7323402616484912
3009.016,2.051523215347617,4.183893272585923,3.396151910618556,0.37578458968010653,1.7450526641182944,1.9983135553001588,57.17373710163345,38.873425446921566,8.782866136570103,0.00070866025878171,B0034,122,24,1.3333226534895923,0.7324717103556414
3014.672,2.127535513157563,4.184006388641318,3.3999185413871995,0.37311992397187926,1.734205392161211,1.9968657947800599,56.96912010183172,38.72429474171124,8.745029138284977,0.0006821541034924381,B0034,123,24,1.3264281097516477,0.7286841363347268
3010.703,2.0823277676119383,4.181910454160974,3.397850235603045,0.3756170851043337,1.7344236592760864,1.9967917208642962,57.10359458618797,38.693927613601694,8.788013394571422,0.0006973729014615642,B0034,124,24,1.323971040986857,0.7273343255024445
3011.75,2.1365617064803337,4.181304092373182,3.399278705498605,0.3730976776162239,1.73446757181658,1.996750499935616,57.068326741336485,38.83689474258564,8.757401238091063,0.0006789216853632765,B0034,125,24,1.3249364225071156,0.7278646657403749
3005.734,1.9941210557405096,4.181467747221002,3.393991029909915,0.3787842671237286,1.7422959477100837,1.9979393595069368,57.42601185667435,38.98262569198278,8.818709155146522,0.0007277246394659315,B0034,126,24,1.3283067675570923,0.72971619237332
2993.75,1.9772527709370784,4.184933925854431,3.3920728040875394,0.3810216610259313,1.750607068915268,1.9989012822508125,57.61101162387096,39.051031869034375,8.859849877416824,0.0007374300308700969,B0034,127,24,1.314584348909226,0.7221776693977203
2998.125,2.126873333723975,4.183605741258281,3.3991110461098466,0.375451761957285,1.7318011089547243,1.9965545360374177,57.13778358983724,38.79001119015603,8.789398038538224,0.0006860062230675194,B0034,128,24,1.3166841798543305,0.7233312287104591
2990.859,2.039511489521072,4.18498220766507,3.395190942431077,0.3797193868780284,1.7399925580186633,1.997728660578535,57.23603082155364,38.89401391225135,8.83808791505059,0.0007173426490998063,B0034,129,24,1.3041727649654071,0.7164579805595528
3024.453,2.0358214749013905,4.181710702444723,3.3964846031258618,0.37136680351963663,1.7427011000827153,1.9979873322882928,58.39093066235441,40.171574663158054,8.701117779887012,0.0007095131673540082,B0034,130,24,1.3534450073572306,0.7435260901152856
3030.765,1.973042506261499,4.184181072689387,3.394474869519725,0.3680772391618669,1.761185018309163,2.000240920178444,58.90073826779548,41.03606365974405,8.606987102578815,0.0007295645048124444,B0034,131,24,1.371294082513786,0.7533316256126172
3020.813,2.0280193684749017,4.18330455406694,3.396433031795198,0.36917045325411524,1.7510127934789865,1.9993658612865546,58.27129279916865,40.43961489235273,8.6354821777754,0.0007134785190582925,B0034,132,24,1.357699321922511,0.7458632326350397
2998.156,1.9435482703621487,4.183090426902681,3.391155270712207,0.38096358575592437,1.7476808993643003,1.998233499866836,58.03064804249352,39.651877682602084,8.817611959049158,0.0007469731917020104,B0034,133,24,1.3286903090919502,0.7299268940540381
2986.766,2.0636905936063763,4.184001846460157,3.395487164367482,0.37875183161198767,1.737132841849628,1.9975439648500632,57.376456720947886,39.179107326892364,8.795000301709518,0.0007099020321155997,B0034,134,24,1.3143943268181724,0.7220732792070376
3032.328,1.9437968709766944,4.173319870139646,3.3795305779550775,0.3753056097490974,1.7833514969895126,2.0026101806851315,58.48728985101988,40.11810121003218,8.852527472787376,0.0007352512654181711,B0034,135,24,1.3866783030110723,0.7617830730328223
3047.703,2.071041778175654,4.181768359109135,3.392303218262864,0.3630565095376203,1.7702350019120185,2.001376918967168,58.63748276638773,40.80596825835928,8.631783318597357,0.0006925630814201651,B0034,136,24,1.3868330458429208,0.7618680822737683
3034.968,2.185338383273266,4.182301042571854,3.4001334063326003,0.3648851280008112,1.7401783923806775,1.9977494476062894,57.63608525053667,39.68459882372222,8.686678403334135,0.0006579847495257244,B0034,137,24,1.3548037379291014,0.7442725198735185
3011.7339999999967,2.0310061849780774,4.178121720093713,3.393642423268678,0.3762844895774801,1.7373454408025162,1.997406001102049,57.60594379182819,39.35391690299883,8.78812508797114,0.0007129167234276459,B0034,138,24,1.3255787669951669,0.7282175429412302
3002.922,2.1906611266270994,4.181856458554027,3.4010015677885197,0.37182930787422236,1.726421739308256,1.9958899349807593,56.80159282025973,38.774974385595264,8.762861859054128,0.0006630859316115863,B0034,139,24,1.3119728676377551,0.7207430307913263
2986.718,2.142279706628003,4.183618050676316,3.400303147037451,0.3770901615783518,1.7242103804366378,1.9953517028729453,56.21047251769452,38.265844006523615,8.694343567348396,0.0006834720733756293,B0034,140,24,1.3064487948795198,0.7177083362177631
3006.203,2.160163197204225,4.180694864027114,3.4014259376568985,0.3666560276102828,1.7352631240732406,1.997109769923509,57.153953136576106,39.68448087231524,8.486927822708788,0.0006721208337636843,B0034,141,24,1.3418431880549024,0.737152535743152
3011.609,1.955449063066795,4.184699791551839,3.3937688197583187,0.37243993650485785,1.7542912065406973,1.9992007363116018,58.22840707938393,40.52184920089412,8.565611024326193,0.0007402191746953354,B0034,142,24,1.3609210170759327,0.7476330972309012
2985.953,2.186393196562525,4.184264442346774,3.40281516420186,0.3689190235363038,1.7326335898363263,1.9967900819474247,56.896536733279625,39.34384441360489,8.560689669957855,0.0006690899842644037,B0034,143,24,1.329960367739497,0.7306246111650359
2976.312999999994,2.1725626411969494,4.1832269410899645,3.402086089777065,0.3749883885307952,1.7211553304454028,1.9949678653099312,56.43024249534344,38.612144786286876,8.649924306617065,0.0006755553934996148,B0034,144,24,1.299069387625936,0.7136543984568643
2964.75,2.107521375414201,4.18242247093296,3.3974407926386454,0.37887788618762525,1.7293251908726686,1.9963504200118096,56.60428484008346,38.61589548680076,8.733519732442458,0.0006998570184733145,B0034,145,24,1.2984544371955695,0.7133165704057653
2969.953,1.972495650379372,4.181677931125044,3.3900153291758635,0.381880256411887,1.748688834226016,1.9984392252111407,57.47493245382511,39.405725006770766,8.776385445774286,0.0007438441890311639,B0034,146,24,1.317648609161009,0.723861045842067
2988.453,2.15288424756184,4.184377456853175,3.4000590460263824,0.36776076843114175,1.7409400126466616,1.9981528211272062,57.43585109945852,39.93466601122023,8.557397639182266,0.0006797808797030889,B0034,147,24,1.3360648564106594,0.7339781619699445
3001.235,2.175170885643991,4.182088306746119,3.3987353103697178,0.36108184404119803,1.7514878598438763,1.9995210119761957,59.12207312090748,41.55493252456659,8.599467489405518,0.0006686971933561112,B0034,148,24,1.3635797361860138,0.7490936863304859
2976.234,2.0442124222047857,4.181101635503988,3.3928187346829195,0.37451526718924294,1.7489965075817655,1.9991782606222528,58.23289082409849,40.30936955838523,8.69715530435553,0.0007179842758664817,B0034,149,24,1.3333112541544827,0.7324654480376175
2950.39,2.030057772957424,4.179766813903975,3.3901374196096965,0.381302730860192,1.746342778912585,1.9988809358292743,57.69877961341635,39.63376472877464,8.778823610510717,0.0007286186032851763,B0034,150,24,1.3023273463118925,0.7154441847210704
2941.719,1.960005305735824,4.180263086800403,3.3844914074498393,0.388559769484855,1.7543721585445997,1.999408488637601,57.777112656377554,39.39726410153058,8.898004055781557,0.0007547484246675428,B0034,151,24,1.2888728444455877,0.708052844021801
2946.969,2.097517979952191,4.1809918219864,3.3921220546792745,0.38309225999523394,1.734722489944609,1.997257448103295,57.23966158430743,39.0556543100656,8.809936036147338,0.0007069887202865757,B0034,152,24,1.2902746194203034,0.7088229205749718
2936.171,2.063176636612858,4.181979956691477,3.389816955641987,0.3845416886275648,1.7433596394548498,1.9985203792427813,57.39229514777536,39.19214857830457,8.828744821913027,0.0007216212271283312,B0034,153,24,1.292407565676824,0.7099946720550215
2927.281,2.050195394002453,4.1832960690677,3.3881964986011384,0.38481908732908277,1.7522539962144894,1.9997863865260959,57.49397345620112,39.3246784315448,8.82904370930047,0.0007286969290154405,B0034,154,24,1.295409150510234,0.7116436172454084
2924.422,2.142448068324373,4.182349252301679,3.392372693620385,0.3823794025630358,1.740660404263611,1.9982453589948208,57.117778050999135,39.02095895366564,8.791160086550144,0.0006975399528444617,B0034,155,24,1.283229881592695,0.704952836201853
3023.859,2.132265781269793,4.166622490761778,3.3581270184036267,0.35163955826894916,1.8482512574133536,2.0100992648381273,59.0081622348613,41.16886509114223,8.727874887840104,0.0006727683762675393,B0034,156,24,1.4557454024367815,0.7997256492826507
3056.172,1.984934774787036,4.183046790056729,3.3640532409111272,0.35829407438196875,1.8494655045222,2.0098895401518,59.53806687629183,41.53076127734769,8.806460867360745,0.0007192370112904945,B0034,157,24,1.454676342673242,0.7991383525533686
3045.078,2.13940846198312,4.180727864826346,3.38037517618057,0.36089687051997665,1.7995371699014029,2.005564182933698,58.40787633507069,40.35674808373947,8.795124280610665,0.0006703668683834127,B0034,158,24,1.423427718198495,0.7819716649887536
3034.25,2.04587233974925,4.182665046607197,3.379746726032651,0.3714537890622084,1.7883518694322504,2.00440368832228,58.34388806897325,39.90529016402678,8.919936408819007,0.0007042243410588933,B0034,159,24,1.392551210363313,0.7650094027451372
3022.609,2.0970875648564333,4.183546703480425,3.383744830197482,0.37221535099649616,1.7775400800465013,2.0029844258657556,58.00881689774913,39.6263343523975,8.906406057462496,0.0006902841679568847,B0034,160,24,1.3765732493746907,0.7562317791274018
3028.828,2.0432611124631137,4.184556412259601,3.382914022586479,0.3722657342375585,1.77740370496807,2.003186150550402,58.52325787492752,40.251117050644716,8.84764360777333,0.0007069715744164038,B0034,161,24,1.3810190828982352,0.7586741341540896
3037.875,1.961939116178396,4.183306721542989,3.378266732241365,0.37066407638902116,1.7969769444615782,2.0044172099883424,59.50837827191452,41.28365494023095,8.796895381875258,0.0007312241633920399,B0034,162,24,1.4007568321672863,0.7695172282302569
3023.187,2.0966495970812926,4.186122527731293,3.386601516930242,0.3701796466376843,1.7752061939046586,2.002874692820889,58.58184665309335,40.27720417425089,8.89134171599296,0.0006911490856007254,B0034,163,24,1.374645303479972,0.7551726462736383
2996.922,2.126944667717326,4.187372242173173,3.3873478555743035,0.3770147232298689,1.7638618290732972,2.0013326628641384,57.97580640887124,39.458737885900284,8.960951317548345,0.0006875145814458458,B0034,164,24,1.3345924114397838,0.7331692622760864
2986.469,2.0654092965524384,4.194441292072135,3.3839254722198504,0.3826586605863432,1.7726002537700687,2.0025086038270494,58.05700140061033,39.29135666075848,9.04838818750899,0.0007128927156182422,B0034,165,24,1.336396621564738,0.7341604198721922
2979.219,2.148229610932935,4.178978876708447,3.389334235413473,0.37916201579443254,1.7406273194455324,1.998276942379412,57.78193242469556,39.19247737595363,8.93628420515862,0.0006816381292464609,B0034,166,24,1.3069152971756248,0.7179646130715454
2995.047,2.1586251956084066,4.180760079138194,3.3898762516669514,0.37339879780049423,1.752369528791636,1.999989395455129,58.20713739139197,39.892115077092285,8.87151759188532,0.0006751596497583468,B0034,167,24,1.341539456674081,0.7369856784236453
2989.828,2.095346963555327,4.1815749331430805,3.387534636174606,0.3733937000121724,1.7614729733820915,2.00109538463993,58.6134064492062,40.35117578100876,8.82542606123867,0.0006977752464649317,B0034,168,24,1.346388970161922,0.7396497983420574
2989.391,2.062626550286472,4.182056202732491,3.3867620663269333,0.37571409289264307,1.7613022715477178,2.0010756006048784,58.64476637032693,40.23284401135697,8.90550262352972,0.0007089837536963277,B0034,169,24,1.344989807277774,0.7388811567622148
2967.2810000000027,2.076505393409293,4.185552990507065,3.3856540718379167,0.38219830202116517,1.7587841210720874,2.0007666896328127,58.05107392892897,39.47675997912519,8.994281306395488,0.0007107677355456966,B0034,170,24,1.3158760805047784,0.722887292720056
2962.609,1.9787021969242389,4.185152280694706,3.380989577809656,0.38956874985965145,1.7582560608451738,2.0004258370681747,58.291445432401005,39.32483875925542,9.104898105764125,0.0007447658748658589,B0034,171,24,1.2972766889740088,0.712669564782665
2957.016,2.0077745341235347,4.178887193827684,3.381603206447632,0.39040209425868366,1.7466327134137827,1.9990547283137359,58.02893221948005,39.06556270503843,9.101692456127461,0.0007342241840098767,B0034,172,24,1.2851255211005648,0.7059942212776357
2973.281,1.984631695912844,4.18021178705338,3.3826507314858842,0.38175250313202824,1.758399711843396,2.000429576943233,58.80693345869639,40.25366972386004,8.937373589254006,0.0007384367946186505,B0034,173,24,1.3190209156530253,0.7246149336431246
2968.016,2.120505374633019,4.185160711724249,3.3872757037197703,0.37328494698337833,1.7678047326355646,2.002016687223387,58.770145898372334,40.60644361981523,8.806841128363207,0.000695634840611112,B0034,174,24,1.3410097849290994,0.7366946989162032
2959.281,2.082697161198142,4.179746730828125,3.386339157278954,0.3781144675679345,1.75604455190909,2.0005618275404227,58.49257429310864,40.11087407785343,8.902481917627076,0.0007086348236716902,B0034,175,24,1.326126983882746,0.7285187103745142
2942.797000000006,1.9993127386412168,4.185599509953072,3.3808981042387045,0.38764646215318477,1.76490236118719,2.0016417977265877,58.33204656703581,39.61213844688629,9.048032930705588,0.0007429281636864011,B0034,176,24,1.3091442679990724,0.7191891164332114
2978.89,2.016671623451248,4.169799130983922,3.3749959210790252,0.3741597972887667,1.7884175858149567,2.0042695716801013,59.3603280691461,40.95422192099372,8.92276785072857,0.0007227952383379963,B0034,177,24,1.363001289617145,0.7487759119744141
2948.891,2.1864172793825265,4.180217693900072,3.385047602248052,0.3775987518059167,1.7651175661948963,2.0015271198619,57.712318998766975,39.368332915328914,8.94323536088552,0.0006761187220950336,B0034,178,24,1.329285701687194,0.7302539778483694
2938.547,2.166880233541012,4.179741845595007,3.3857894711790375,0.3809121230018714,1.7533361843271522,2.000184304179068,57.633102922228126,39.15337098937444,8.963018618390276,0.0006849853386908548,B0034,179,24,1.2969085930621855,0.7124673482813534
2925.484,2.073777619248528,4.181172769902619,3.380809465968222,0.38647928206835724,1.7623544327636462,2.0014051320753774,57.87686984231968,39.243985033148604,9.022077528793458,0.0007203577769196792,B0034,180,24,1.2986285924941396,0.7134122440441583
2917.297,2.1762844479074928,4.179417995861986,3.385818012946154,0.3831808515241938,1.750192491651476,1.999733071582404,57.47417762924851,39.03574242025546,8.96517013682883,0.0006866402522453123,B0034,181,24,1.2840657611821942,0.7054120334943983
2918.938,2.178495224886361,4.192681708507562,3.3852891991053005,0.38116242815277634,1.7716415609189622,2.002648082886556,57.69186868894567,39.362600417809674,8.953907405873663,0.0006900408585660953,B0034,182,24,1.3021015914136362,0.7153201644203472
2918.25,2.003802772888259,4.1874346087886645,3.375861800258899,0.39104486216350587,1.7808467524862919,2.003363118290785,58.2351265327566,39.45158799429391,9.102402356090348,0.0007482675699136145,B0034,183,24,1.3089076351731337,0.719059120253901
2915.4839999999967,1.978757159009704,4.179967885403278,3.3766457982542852,0.39371403163001356,1.7593469071219419,2.000425369356054,58.159040648414255,39.280231448753895,9.099470168504546,0.0007550069650162981,B0034,184,24,1.2722519696513912,0.6989220304439703
2906.015,2.137223761530643,4.180528142405268,3.383954937211064,0.3873920608810003,1.7475161646907458,1.9994182358977808,57.66508009332591,39.093994194844335,9.012010420797957,0.0007031293303285169,B0034,185,24,1.276011534360331,0.7009873780815753
2894.14,2.026812719380422,4.179166028461803,3.3780729656424993,0.3929867768544127,1.7569362618147328,2.000781321166954,57.950977227160536,39.19231540051726,9.066471140912673,0.0007436935701387567,B0034,186,24,1.2605053003103004,0.6924689015177257
2892.031,2.1955750105431733,4.18010360467577,3.386411304876093,0.3858390230726731,1.744631720395958,1.9991974046858998,57.50629199129354,39.05035096355298,8.981198316409515,0.000686205851227942,B0034,187,24,1.2660681251347117,0.6955248848559531
2888.719,2.198015566541252,4.177719373483749,3.3853753800263027,0.38655577242589645,1.7446100069469985,1.9990710847395083,57.45114086897508,38.99238106302636,8.993682505759047,0.0006853223892467552,B0034,188,24,1.265829016865281,0.6953935287715037
2875.641,2.1741564738787478,4.180691683259775,3.3831949117830207,0.38831770802035837,1.7538811483261647,2.0003188588852914,57.51486337636169,39.013996139611024,9.005547008013428,0.0006977697179102077,B0034,189,24,1.2655873898206993,0.6952607889773138
2860.7810000000027,1.959703796663527,4.184107730812699,3.370377688846256,0.3986793770569706,1.7848158750715826,2.0037422953956883,58.24937682662199,39.39352264576831,9.13608796732701,0.0007775512820272402,B0034,190,24,1.2663598323027554,0.6956851365757756
2852.844,2.0588486889378887,4.19339113872627,3.37385872825505,0.3932799910732357,1.795227519811869,2.0054599724085254,57.97580626211991,39.40321172109691,9.078562373642095,0.0007482156226517752,B0034,191,24,1.2868479432728903,0.7069404479926891
2854.64,2.147269943612274,4.184650326377129,3.3788676910292508,0.3903492327141091,1.7733004083919222,2.0029239911765404,57.6936935982226,39.209002406361016,9.011243383667733,0.000713708342475708,B0034,192,24,1.270026164613209,0.6976992662323456
2897.844,2.046243465893371,4.179142866728917,3.3775187954558987,0.37625564781463516,1.7981891817251408,2.0057050874436606,59.714275603056464,41.7029996329405,8.812575919829825,0.0007360297520624112,B0034,193,24,1.34598253292492,0.7394265187200093
2896.063,2.0152140329169157,4.183823497630528,3.3764102425962137,0.3797295484996648,1.7979822250919189,2.0057906390571443,59.59622829096066,41.54042703429465,8.817536759795612,0.0007488129452686673,B0034,194,24,1.3286875315413778,0.7299253681839023
2866.234,2.022057967188541,4.183386852109095,3.374457339617825,0.3862040290856252,1.795586068723611,2.005611167720046,58.94389183765572,40.70765268927143,8.937252527152095,0.0007540657479188907,B0034,195,24,1.31203071983408,0.7207748123687854
2836.609,1.9943823501630709,4.193391153250369,3.369493571122545,0.3927708991049984,1.815444212082474,2.007341437175509,58.684673836382025,40.21142863220933,9.040572087320543,0.0007752245033021112,B0034,196,24,1.295125492961198,0.7114877876496583
2829.516,1.961659201159055,4.182734512107648,3.3671763894263442,0.3970094202787979,1.8021623313447368,2.005876981000152,58.63989407541342,40.0046687891377,9.08001107942885,0.0007849665140428939,B0034,197,24,1.2802601605963335,0.7033213956710925
1819.406,2.692363558999662,3.848136609578083,3.3100621558905616,0.15161363955524115,1.9773749348609408,0.20422373332793076,25.25510878948548,24.89207373300309,0.38444292584404155,0.0006352474656994761,B0036,1,24,1.001982588175331,0.5046517977882049
3260.531,2.685636595881031,4.176656530010924,3.4631992414146664,0.20489338571664245,1.9856445663953957,0.1533146836956671,26.547068220384585,25.959062630105592,0.35195624151672733,0.00045729359240255453,B0036,2,24,1.8011007566288924,0.9071302690854928
3265.75,2.662489466857697,4.183288040976774,3.4699576163352273,0.2088655361198991,1.9861832158636734,0.15333780486451706,26.495839445842005,25.802571879383937,0.4333517959903913,0.0004656812597777164,B0036,3,24,1.8044229856020628,0.9088035205409175
3264.109,2.6573808763123017,4.184161485400415,3.4705857000702847,0.2083650794954975,1.987062297874344,0.15417755788234191,26.383869073507284,25.60229945293067,0.5018425343098618,0.0004677480467374447,B0036,4,24,1.804388833772829,0.908786319860762
3253.531,2.663543957344219,4.18413822475754,3.4698672359538234,0.2091767354926821,1.98745848474138,0.15491689394169808,26.038513721787695,25.340807182068417,0.47001671734310935,0.00046736738251866073,B0036,5,24,1.7989248871784247,0.9060343853417139
3242.578,2.6678994227263173,4.184490871998835,3.463667726287472,0.20838139231782002,1.9875372326723815,0.15507399168518854,25.52893924273116,25.066700521969093,0.42641551837000097,0.00046771163231000703,B0036,6,24,1.792996521672392,0.9030485447234521
3234.625,2.6568692251182435,4.18002707662199,3.4626756481952135,0.20919415628000163,1.987391854073237,0.1556268216269309,25.434898613415253,24.87901399238054,0.35590965211963005,0.00047089163396181813,B0036,7,24,1.7885507985621891,0.9008094417824338
3235.36,2.682881821919537,4.184814968147981,3.466538555244564,0.20761841334047054,1.9874986659392755,0.15573757182674203,25.49992828339642,24.962178834594535,0.3888850092516098,0.0004642244282640707,B0036,8,24,1.7890856930727703,0.9010788431468661
3236.125,2.643495320901669,4.184936056128164,3.465990459572376,0.2111419829517084,1.9873121102019284,0.15626772082361828,25.538807420659257,24.97176766201835,0.379132383331224,0.0004763229897567291,B0036,9,24,1.7893137312833287,0.9011936953351983
3230.25,2.6529146015025358,4.185159966585472,3.466849428071611,0.21082101498317188,1.9871920484366135,0.15680245089993183,25.42021899627584,24.904899107239256,0.35758979990022777,0.0004743426561668403,B0036,10,24,1.7860759459480868,0.8995629741933693
3226.078,2.664007043795248,4.185259470361049,3.467879751690846,0.21023961368516483,1.986994298783672,0.15743825890378688,25.3761734466722,24.82894570331574,0.3727947491203855,0.00047154855727784666,B0036,11,24,1.7836324249650817,0.8983322868824726
3224.5,2.652869862545629,4.180678430986266,3.4680189335962623,0.21032370541285825,1.9872186588415872,0.15808286479594533,25.609167303887254,25.10525347823647,0.3767474371934287,0.00047381255029946864,B0036,12,24,1.782972873807272,0.8980001017911847
3222.188,2.668361985066912,4.185452668161143,3.470195201959518,0.2102223739735957,1.986822691116423,0.15839927302267143,25.488141454729305,24.951154809529978,0.3362195694633117,0.0004708262469769706,B0036,13,24,1.7813775963259668,0.8971966350858622
3216.546000000002,2.6856316852084854,4.185644073979811,3.471307979909313,0.2092174483075782,1.9870379004309504,0.15879666016873784,25.39250622395775,24.904434158959226,0.3494508527667651,0.0004663425888426045,B0036,14,24,1.7785359545932946,0.895765432961208
3211.859,2.683085255855837,4.1855690457286165,3.4716713367418284,0.2096538638331053,1.9869312681166182,0.15922984297433057,25.45190297763985,24.887170444449442,0.34881411453081745,0.0004677925742919535,B0036,15,24,1.7759043090943398,0.894439996124419
3215.859,2.682117615527785,4.185513751822039,3.474226898019182,0.20935344640579812,1.986804032971213,0.15967857097001428,26.00580839279124,25.527212929862493,0.36957088544703787,0.0004674944194674747,B0036,16,24,1.7780426649905914,0.8955169860442933
3225.125,2.659668132739057,4.18175155698921,3.4759464645675298,0.21047166534888723,1.9866252110882103,0.15997316494301497,26.845307972510515,26.409994049975936,0.3317865876328552,0.0004719455600171009,B0036,17,24,1.7830029333591657,0.8980152413825138
3234.343,2.6726649868851067,4.18601707914653,3.4817927176696424,0.21030622467513077,1.9868092429179043,0.15990257650205816,27.81505202908745,27.24956363748299,0.37916129946696325,0.00046790092833735424,B0036,18,24,1.7883000424613875,0.9006831476546023
3218.25,2.650694350880205,4.185429868468947,3.4752876993515778,0.21254194463472267,1.9866026335678093,0.16057297493725156,26.20275128566912,25.79213906476866,0.28566690281240975,0.00047688511383166054,B0036,19,24,1.779294712578026,0.8961475838943677
3203.5,2.6668651734647586,4.183946382168659,3.47360641557491,0.21092700720459387,1.9863244377080878,0.1613442604887193,25.704404765618435,25.237865068781456,0.29847244655709565,0.0004735699106302171,B0036,20,24,1.7709235500451854,0.8919314205881086
3194.39,2.699376305602087,4.184483195811819,3.474225056890293,0.20857328254680196,1.9862809909576005,0.16198841761457355,25.46083879423276,24.99097283085835,0.32862764127738164,0.0004649109502001109,B0036,21,24,1.7659050180801104,0.8894038205995253
3225.219,2.627373237504619,4.166505229896513,3.476093760887936,0.20624049920467835,1.9858147027956174,0.1620801384916292,37.62543555779899,32.80125252337081,2.930327691920988,0.00047721782377937565,B0036,22,24,1.7826929241469245,0.897859104231894
3252.985,2.6486517814110364,4.181691190398081,3.478693083596387,0.20806107024751466,1.9840774818957672,0.16151251071632206,36.14360152332376,31.56958368042232,2.778130383586325,0.0004712715887060791,B0036,23,24,1.7964662072920203,0.9047960631996902
3245.25,2.6240374089622858,4.184954917937507,3.4750535971066037,0.21058121015375675,1.9825278870850223,0.16244730134487523,35.625609247013934,30.90999308530252,2.8475860360943908,0.00048098528895315336,B0036,24,24,1.7909083533422898,0.90199683193492
3235.031,2.626618792448541,4.186460975475055,3.473958373265381,0.21090945963425872,1.982424743717115,0.16313714184324235,35.57170100720283,30.76520980990786,2.8682991120402566,0.000482172252144265,B0036,25,24,1.78518002808874,0.8991117422421102
3228.141,2.6336670386490053,4.186163586614144,3.473907031933396,0.21066344847745774,1.9820980837755804,0.16343801118882617,35.70160875626844,30.827871356237775,2.889091716372913,0.00048092587900130083,B0036,26,24,1.7811343176546524,0.8970741069897743
3217.875,2.663548100827095,4.186271381082588,3.4760652075601257,0.20867149928364034,1.9821580301612136,0.1640813129114707,35.94641088579465,31.04477819361822,2.912359636716283,0.0004732077163517828,B0036,27,24,1.7755577789223569,0.8942654650733382
3220.219,2.645759955186599,4.182325498451744,3.4762696586688855,0.20961849306436597,1.9821407736423282,0.16430131476060073,36.334410213773005,31.495558048290054,2.868261332248904,0.0004771618151638585,B0036,28,24,1.776885870616115,0.8949343627855261
3210.234,2.682232775431839,4.185344353963488,3.4773296157781552,0.20775293238524137,1.9819872402861454,0.16486037127525527,35.97981353599547,31.22858520243483,2.8352190354676945,0.0004682249264482429,B0036,29,24,1.7713083410378214,0.892125221826272
3210.546,2.636976729427503,4.186613141003604,3.4741834201518116,0.21131158263039646,1.981820086973132,0.1652139395749544,35.59540889841283,30.77808307184711,2.8541873065158465,0.0004826706770674212,B0036,30,24,1.7713348840874137,0.8921385903197504
3200.969,2.625473231549502,4.185053437368516,3.4723504122251145,0.21200748123370605,1.9817861525113654,0.16561038406910455,35.45428075393079,30.558421734854203,2.9022763398611837,0.000487221277625311,B0036,31,24,1.766084286640505,0.889494109794525
3188.625,2.6876812013759497,4.184793481944206,3.4751627339527484,0.2077481105896281,1.9817252941957082,0.16635502106290267,35.64366066127881,30.72558468538039,2.917922671415458,0.00046951657236842106,B0036,32,24,1.7592793663412327,0.886066789496388
3191.735,2.68500337747393,4.182513698980909,3.476326267904414,0.2074556610578286,1.9817660120442022,0.16666921597726514,36.101132129359335,31.23295964013785,2.900550724694762,0.0004691837892265426,B0036,33,24,1.7610368813762425,0.8869519676746561
3190.313,2.6519664988321767,4.185287638546102,3.475057563311369,0.2105088325603277,1.9816902385826145,0.16702551401882842,35.918627450147724,31.072817634800376,2.867207560490864,0.00048061777628525013,B0036,34,24,1.760242767365706,0.8865520095638112
3182.156,2.6336440877825646,4.1849685069062055,3.472743253213143,0.21190515593255968,1.981485223109768,0.16753357615873837,35.53291026153138,30.6408857593701,2.878774039105327,0.00048750734380201375,B0036,35,24,1.7555899416034395,0.8842085986967632
3180.156,2.627746605322606,4.186322425483099,3.4724597721649664,0.2125898744599631,1.9815563461101453,0.16776879682167214,35.58661163053266,30.615000516436165,2.9112952524187947,0.0004900941400863647,B0036,36,24,1.7545602176655593,0.8836899748777374
3171.953,2.635679662070204,4.184832493551693,3.4727100432360887,0.21187292996613463,1.9813008900975513,0.16839172541196779,35.60387176093939,30.62198587167864,2.9141987876325954,0.0004883908530427433,B0036,37,24,1.7499108336094895,0.8813482974372379
3192.172,2.6450931525551966,4.182846104868844,3.4792060334218475,0.21065883013063255,1.9813367014782532,0.168122910762082,37.150900989394586,32.233363947568954,2.9082532802346392,0.00048172622036458165,B0036,38,24,1.7610225525303758,0.8869447509047119
3194.735,2.6704116794436663,4.185109686462477,3.483370799287766,0.2095866194885565,1.9812253431229576,0.16839699696893765,37.80882382148786,32.95844838713035,2.8881383094434545,0.00047412320803409685,B0036,39,24,1.7624094574337117,0.8876432700816812
3178.75,2.6837393111584085,4.184971879756314,3.481411230676488,0.2096095193768832,1.9811725960467894,0.1688876869315938,36.91705917872692,32.33796562819801,2.674885939337432,0.00047227135465132693,B0036,40,24,1.7536170397120676,0.883214940225957
3165.359,2.654784886935533,4.184935582810448,3.4750001030504976,0.2113716557056753,1.981126497626356,0.16960877405054067,36.08766208839117,31.201004004004968,2.849741336415885,0.00048340510377335255,B0036,41,24,1.746204477519168,0.8794815791067028
3155.25,2.650821200008131,4.184405459993748,3.4729861560107773,0.2115608551713759,1.9810182087266737,0.17037768214935814,35.833124475553674,30.844212128034435,2.9015563205732104,0.0004860420759006788,B0036,42,24,1.7406176172769725,0.8766677387281491
3173.766,2.676194561155316,4.173893175797129,3.4793522768122993,0.2062691548338764,1.9808915610510243,0.1700554966093676,37.01706025174733,32.19294879984907,2.902919028460445,0.00047189950823148686,B0036,43,24,1.750690404425682,0.881740930820829
3199.485,2.679442027657799,4.18216296627966,3.486359894946784,0.2077380043179815,1.9811169585618567,0.16972284257124773,37.72356956982813,33.061467350604964,2.801742703410107,0.00046967588178155567,B0036,44,24,1.765112055153915,0.8890044422360622
3196.015,2.656640378340114,4.185045339068736,3.4833864674331436,0.21024714645586015,1.9811266494742925,0.16991581243408518,36.98324646085538,32.35366819628823,2.739798552287432,0.00047822208616937734,B0036,45,24,1.763188826756488,0.8880358019824564
3595.281,2.697143455219266,4.290021871695731,3.521360251690921,0.23149984664623566,1.9836817212075872,0.16026300085672615,39.35953919640877,34.70040609904863,2.8791762218878696,0.00044304698755854275,B0036,46,24,1.985492952897096,1.0
3198.0,2.661271238713629,4.182247008545814,3.481761447167762,0.20850518380790287,1.9822350506501858,0.17015323653927963,37.02707505372143,32.421923396380706,2.716210586212712,0.00047560217943470455,B0036,47,24,1.765355730813324,0.8891271702764986
3183.516,2.6908838763824483,4.184685800633224,3.4797578588851743,0.2063398026253113,1.9820268271645947,0.17080550233428288,36.34456840908186,31.609192155405946,2.795930524521451,0.0004692302235172606,B0036,48,24,1.7571880383127276,0.8850134853154521
3183.797,2.6365640724626367,4.184560765856749,3.4759650916373124,0.21057113468219787,1.9820222805220724,0.17102494299755935,36.1535770040422,31.31596403602263,2.8230895089623993,0.0004862108650124717,B0036,49,24,1.7573770661844437,0.8851086898194218
3191.516,2.6235919177171154,4.186186804679722,3.4781154314639453,0.21145405043667972,1.9821008022150315,0.1713681546424565,37.00649086775502,31.998588265349394,2.9339547623766205,0.0004896089779786806,B0036,50,24,1.7617376127979814,0.8873048933401521
3189.985,2.66145718134933,4.184681735978706,3.4830514284703322,0.20858479131384977,1.981813383736276,0.17153628796757056,37.85686718856992,32.98892411466723,2.8693892832586667,0.0004775021056930912,B0036,51,24,1.7606892547636663,0.8867768843976951
3189.734,2.640601067759597,4.182356069295079,3.4809173250237535,0.21042164823772969,1.9819214923373463,0.17173458529782729,37.45005504798,32.83558656237567,2.6699447473543834,0.00048334908225434553,B0036,52,24,1.760669562156983,0.8867669661521256
3176.016,2.6732282064652693,4.1845961576838935,3.4789400787918914,0.2078920102912764,1.9816763209778734,0.1724584054924785,36.77795934417618,31.97863874379167,2.8192520567530672,0.00047586912383899333,B0036,53,24,1.752963802649152,0.8828859352491515
3171.36,2.668754575341305,4.184643118766144,3.4777534118948465,0.20828052627196877,1.9818237973110902,0.17299294889908381,36.644215074090106,31.7958885352369,2.8474723087237583,0.00047799320904118065,B0036,54,24,1.750535708024147,0.8816630174737637
3170.843,2.658195971284472,4.184427133733743,3.4766647808370212,0.20877907395536027,1.9816263251080133,0.17290880711100823,37.138598100953445,31.804649399184477,2.9959560592765127,0.00048133293337111635,B0036,55,24,1.7500761995337284,0.8814315845242042
3164.672,2.684649370373972,4.184330747490862,3.4791247798630294,0.20711520042265172,1.98151142532868,0.17352696221595598,37.11821986816654,32.18425444090601,2.91345646653247,0.0004738820886072522,B0036,56,24,1.7465957802278385,0.8796786599918801
3177.453,2.668665957651981,4.182320523596824,3.4818392989655798,0.20817577406324886,1.9814622792671595,0.1734447604580873,38.21028860245779,33.27019350164624,2.887250456391243,0.00047637355011855194,B0036,57,24,1.753614286788707,0.8832135537071298
3172.375,2.6672344803975685,4.1847408536372885,3.4813626313858914,0.20940851091320486,1.9813436819375347,0.17366122311209356,37.5096400873081,32.91813190932092,2.666584286374541,0.0004783502496519863,B0036,58,24,1.750725029920349,0.8817583700641246
3158.406,2.627654590987336,4.184091920673459,3.473301690187071,0.2119307993784879,1.9815304164901288,0.17456792823963285,36.38797733722857,31.48100878915281,2.827684817139162,0.0004927920380363142,B0036,59,24,1.743305349081011,0.8780214236153792
3141.578,2.6888969070187216,4.184211671090554,3.47367585218267,0.20750245229363926,1.9810876831465265,0.1750714974971108,36.0550831310012,31.127100398792322,2.874778527421597,0.00047597569249333693,B0036,60,24,1.733662505277619,0.8731647738905226
3138.187,2.6648936078550007,4.184175746614407,3.4715154587275445,0.20933973058316976,1.9812349777399687,0.17548400150373322,35.91912656959304,30.925481627228724,2.8916751414002486,0.00048412734446972303,B0036,61,24,1.7319207051538927,0.8722875105785655
3157.969,2.652977190328466,4.181891771142459,3.476844269698795,0.2092794875090646,1.9812570591809957,0.1750027575791654,37.598391918046985,32.53816915596416,2.9875668360556706,0.0004841448984502358,B0036,62,24,1.7428604522751463,0.8777973498883908
3159.281,2.69728379874788,4.184541597131144,3.4828021334350594,0.2070109648379891,1.9809166553606607,0.1752694199322449,38.473409883226125,33.5082870689835,2.932638904265028,0.000470758314433969,B0036,63,24,1.743306971099712,0.8780222405503869
3150.375,2.666438804228148,4.1846109764992505,3.478717992363499,0.21022429051877592,1.981005969530254,0.17571621362082646,37.37835847467748,32.72223824057796,2.6907999643243388,0.0004819020504768806,B0036,64,24,1.738524506272696,0.8756135365456521
3134.078,2.644225504233063,4.184012676032451,3.47116141622232,0.2114859264861034,1.9809786114709511,0.17646586335876543,36.32515383321495,31.339643544788586,2.8673542914474153,0.0004913046745484281,B0036,65,24,1.7295622663746972,0.8710996751970527
3129.797,2.6270672485920983,4.184121216441852,3.469009856426531,0.21270709297056561,1.981059447271351,0.17675647407735212,36.17136327433497,31.09122546658414,2.9067404583590997,0.0004974935971405666,B0036,66,24,1.7273036765742085,0.869962129079252
3161.89,2.681073460503821,4.17154857381778,3.475700880273514,0.2031819694218908,1.98101776318219,0.17607902286246932,36.94271187003511,32.074525923461515,3.003467908704987,0.0004713874022543351,B0036,67,24,1.7449370491071912,0.8788432346541941
3196.859,2.6173518629094725,4.182622974222649,3.4820950413929173,0.21118375841937312,1.9810749842802888,0.1752889454085631,37.96104323229247,33.167208512161885,2.888475093550319,0.0004896278225949834,B0036,68,24,1.7642432071133691,0.8885668440873112
3171.906,2.6882522902609858,4.184454856344911,3.480244357608362,0.2074805883465415,1.9809975649315257,0.17641640276113865,36.73214755581345,32.14047774193924,2.726974265568949,0.000471704573238906,B0036,69,24,1.7504882032049596,0.8816390915166767
3160.842999999993,2.639398647353621,4.184476537283623,3.473582906957752,0.21097065584242242,1.9807582643680772,0.17718330571008972,36.08238955313576,31.245399132402053,2.8413444187134616,0.0004888182962361641,B0036,70,24,1.7442710815479925,0.8785078179214241
3147.141,2.6623791019309224,4.184024889589791,3.4722242034096427,0.2096092983406917,1.9805282406081717,0.17745220937945952,35.84834420893077,30.941808328244683,2.8823828889681082,0.00048350098951997024,B0036,71,24,1.7365413923373951,0.8746147347456219
3141.203,2.6561014633579925,4.184261427009467,3.4700774937906473,0.21030994668807643,1.9804746484714413,0.1778406456028568,35.70394071930231,30.729579296950984,2.9102268859409053,0.00048648876358881445,B0036,72,24,1.733223093105756,0.8729434625173336
3151.047,2.6878503046332485,4.182041097453936,3.4765508294649767,0.2073079049781909,1.98039190119071,0.17787871739525846,37.23120350609712,32.241219078736684,2.970988498646752,0.00047418867215268064,B0036,73,24,1.73860622908762,0.8756546965078694
3159.172,2.606635521236163,4.183342596486669,3.478023823464381,0.21338595949724024,1.980509113557296,0.17817401925180282,38.21827936701842,33.273484981762124,2.9204809980018758,0.0004990887090827931,B0036,74,24,1.7432134953746192,0.8779751611966393
3141.047,2.684954312438798,4.184140679167282,3.4748978056910036,0.2088302800373998,1.9805025193431718,0.17878422925080117,36.626274908995,31.82186022608825,2.8067092405547904,0.0004772887405786936,B0036,75,24,1.7332698214832971,0.8729669974170535
3135.0310000000027,2.62963250026716,4.184248094436303,3.468132135397358,0.2127756454487008,1.9804477654001489,0.17897557286929622,36.01597323994527,30.953485299150877,2.931605429611778,0.0004958852381903535,B0036,76,24,1.7298906291663272,0.8712650561877788
3117.984,2.676552998785705,4.183757537025025,3.4677152773874327,0.20987530602963458,1.9802957447258616,0.17990508514333317,35.64214686208444,30.594113322212998,2.9302001961527178,0.0004833907224152916,B0036,77,24,1.7204403348841348,0.866505384657138
3125.328,2.62514939238803,4.18290280302208,3.464870080840597,0.21331952847398022,1.980214273095734,0.17967604568777207,35.82141559167005,30.621050708667628,3.01570095463756,0.0004984287763185337,B0036,78,24,1.724420729012913,0.8685101231393221
3120.172,2.628502877540015,4.183818903348512,3.4658543618027586,0.2134341980017984,1.9800833052331595,0.18002382271039705,35.84687241575459,30.73760557478901,2.9543902510724527,0.0004984712463955503,B0036,79,24,1.7214872814061166,0.8670326826868057
3116.641,2.619866867748,4.183839437859511,3.463489697714707,0.2142485967342935,1.980268967910438,0.18036508902458945,35.6948403215532,30.475687104433288,3.0236652314384123,0.0005018135133663168,B0036,80,24,1.7197448773569262,0.8661551152058191
3110.844,2.6612878285284127,4.183940441185628,3.4657104202129614,0.21136622170888195,1.980057929657538,0.18089402312423497,35.819676472043525,30.665478038053948,2.989695407907675,0.0004894660782273928,B0036,81,24,1.7164304142145894,0.8644857750364167
3101.406,2.6699917743429817,4.184066892064025,3.4645909946616267,0.21123956813550437,1.9800230190313004,0.18107028030882044,35.629734084261784,30.48169086494209,2.982213403016527,0.0004881899105505836,B0036,82,24,1.711202925329962,0.8618529332139363
3099.563,2.6688661295694205,4.181908017913433,3.4629772764216105,0.2110324309164556,1.9800140007357074,0.18157167020169374,35.66196676336087,30.501790386236014,3.003300524081434,0.00048814684145604163,B0036,83,24,1.7102343231599222,0.8613650935725885
3104.64,2.6222751020303923,4.1838810012271175,3.4616288821771044,0.21502118034590295,1.980072672691808,0.18145548847554518,35.75183992747387,30.48295279202987,3.0212501317262244,0.0005029909745402769,B0036,84,24,1.713096882151029,0.8628068307426601
3099.875,2.643376209522438,4.183938680731157,3.4628964155593924,0.21366443355185488,1.9799210298032588,0.1818190914344646,35.77783462667514,30.592002581671938,2.9742187293050315,0.0004969756752155229,B0036,85,24,1.7103708617208135,0.8614338616640049
3093.25,2.6362266436030413,4.183997413375148,3.4611295820153054,0.21416990044708714,1.9796449702564978,0.1825464287142278,35.713721223369035,30.424569049276556,3.0481370361798965,0.0005003704096895197,B0036,86,24,1.7064617296121434,0.8594650145306186
3086.688,2.6753943315026825,4.183680554471844,3.4632231738970973,0.21147066249202878,1.9797208473969017,0.18267222372122335,35.725860691702124,30.570652220376168,2.9963233658756927,0.0004886422673652671,B0036,87,24,1.7029429979110946,0.8576927938355441
3094.281,2.626280067476453,4.182869408506432,3.4594353969848526,0.21523768896755308,1.9798193556242383,0.18271243982291147,35.768527567848494,30.460459721443804,3.058379064671519,0.0005030536467211541,B0036,88,24,1.7072612643840062,0.8598677028255814
3088.328,2.6699754309728454,4.18373987583806,3.4619323762511636,0.21193785713835872,1.9796708243361156,0.18310334813653822,35.84926876193408,30.547691944309644,3.0604330775339093,0.000490156630016376,B0036,89,24,1.7038637196766078,0.8581565183550242
3095.687,2.6485692977117936,4.183750461912779,3.4640211108291785,0.2130571487646168,1.9796986341756921,0.18288846614623128,36.56783936040424,31.189572257243857,3.10307389097972,0.0004959096847326572,B0036,90,24,1.7079617948422274,0.8602205272751465
3102.062,2.652784779103966,4.183786894340978,3.4674082899150322,0.21301765280002533,1.9795447080949824,0.18306307073811057,37.22026804863562,31.8980817857202,3.080420625794906,0.000493543364135537,B0036,91,24,1.711302283362779,0.8619029752111501
3107.141,2.61112320884266,4.183945554245884,3.467669094088933,0.21713822117705178,1.979462057529197,0.18282177218804063,37.24354714231705,32.32306890954346,2.8068122871180714,0.0005061959999250836,B0036,92,24,1.714122057472244,0.8633231636360703
3090.719,2.6171931724123265,4.182910559206333,3.4590063160949422,0.21684870541160803,1.979668515306621,0.18405174292889362,36.101954503621805,30.83436798904695,2.999321417693662,0.0005065867802262214,B0036,93,24,1.7053324925701605,0.8588962706122203
3069.812,2.6630699292303373,4.183616020558508,3.4580229191527696,0.21378025297240685,1.9792552718561547,0.18466031075263065,35.590895284221084,30.287043848864634,3.0462520854830744,0.0004953222188616666,B0036,94,24,1.6934609472531408,0.8529171281027002
3064.437,2.659720848238619,4.1835063699815285,3.4563349020618155,0.2144180680845757,1.9792443099751138,0.184923822411393,35.41708929698686,30.072000414523774,3.0584138698189935,0.0004972481149858553,B0036,95,24,1.6905244127230223,0.8514381329111869
3083.25,2.6273527452578365,4.1862295732164165,3.460450149170936,0.2162241654144971,1.9791194191351382,0.1843422626526478,36.54228598490352,31.093661069729663,3.1711564809237234,0.0005055953386713955,B0036,96,24,1.7007774858498304,0.8566021266246107
3076.484,2.679397409659904,4.183727110735532,3.463960681885895,0.2116616688193202,1.9791613878366452,0.1848954675383172,37.06815080209899,31.60762351123511,3.1921821863286888,0.0004889769298574698,B0036,97,24,1.6971104467944576,0.8547552104469319
3081.297,2.6638409912727004,4.182211079560967,3.4630674142567415,0.21374700098191468,1.979091763193608,0.1854454266554596,36.82684422999281,31.68782676208534,2.9580664022206653,0.0004927697941121116,B0036,98,24,1.6997924522951835,0.8561060112628264
3065.953,2.638750759665419,4.183505107711148,3.456673276206162,0.21671538779999774,1.9790766827277793,0.1857360218445204,35.92988720620677,30.64130472367544,3.0128304780565185,0.0005038414966066762,B0036,99,24,1.691270477395412,0.8518138908161952
3055.828,2.6521564133104056,4.183301376056718,3.455027058159508,0.21566359992390702,1.979038060944376,0.1862574229088104,35.781290058222865,30.35775664232519,3.1011776555886477,0.000501057311715945,B0036,100,24,1.6857127009469863,0.84901469858521
3051.468,2.6736629264226712,4.183248853903273,3.4563883170293215,0.21401796917366783,1.9788327303856927,0.18666387457123917,35.83938701624516,30.46760275047683,3.0949990216937326,0.000494708097047258,B0036,101,24,1.6832093771286156,0.847753891381277
3069.0,2.665966871855665,4.183494017304386,3.462072409842235,0.2138329323413432,1.9788745442826565,0.18625918691999985,37.17156479403066,31.690335464880064,3.1617803366119257,0.0004944695814430502,B0036,102,24,1.692886364169521,0.852627737459041
3079.235,2.6818321771597287,4.181646831165721,3.466006130026554,0.21227026004884755,1.978798117850308,0.18621530580793866,37.84191340591018,32.58002111430288,3.0604737974745526,0.000487073787484876,B0036,103,24,1.6984668174144633,0.8554383509325361
3070.344,2.6354438765341697,4.183467994187793,3.4601239314707923,0.21742443893538346,1.9788051627908365,0.18640905902662053,36.94021929474592,31.69291039725797,2.9773783325778567,0.0005041858885042272,B0036,104,24,1.6935813413828429,0.8529777649987045
3051.4839999999967,2.633581331346773,4.1834014802387,3.453593464720813,0.21856795731334128,1.978575532876541,0.18738033234046875,35.979852438003704,30.60840039029274,3.0459539743052266,0.0005078906357994762,B0036,105,24,1.6830951253781283,0.8476963481145933
3054.812,2.6164895194312585,4.18648088216282,3.4519795194744436,0.22027238249293654,1.9787606413982344,0.18749907268860427,35.91143435448471,30.399652022711006,3.130048991401027,0.0005139404201409322,B0036,106,24,1.6850462226942986,0.8486790246399989
3046.532,2.662037646915503,4.18650094380192,3.454434064432584,0.21671342184148518,1.9785255298300461,0.18772631726495556,36.0224357923641,30.547315574796166,3.124988593242981,0.0005003930032201916,B0036,107,24,1.6803098840017598,0.8462935522133012
3071.782,2.670589438884728,4.182814594549196,3.4638257834252806,0.21483663983019466,1.978665881852144,0.18740614291157873,37.65075812929836,32.47851626978816,2.980431865096081,0.000492295727907927,B0036,108,24,1.6944038437227715,0.8533920209842161
3074.532,2.668638829617292,4.183640043729965,3.4669219935055278,0.21484550666748692,1.978303548943712,0.1873966299265785,38.27191158762031,33.085111849545555,2.9844058126185673,0.0004927583170748176,B0036,109,24,1.6955686127180103,0.8539786606867338
3053.656,2.6931351824491827,4.1835457131046185,3.4626538753824714,0.21401984150893244,1.9783071872539106,0.1882816784756643,37.26845925037034,32.12056072268224,2.962274471841724,0.00048807414150625866,B0036,110,24,1.6841854728350405,0.84824550516666
3031.953,2.6913462011853904,4.183400261585032,3.4554390863736857,0.21482294186826753,1.978252788411394,0.18905338152220127,36.23919416621716,30.90915966232928,3.0566413319405608,0.0004921098910173216,B0036,111,24,1.6722180144870118,0.84221805574632
3023.5,2.6988025346836504,4.183219724741507,3.453636642746737,0.21455193401712624,1.9782840417249774,0.18933259009160322,35.989930424393194,30.586499493516442,3.111869890745269,0.0004909598776444044,B0036,112,24,1.6675976965747183,0.839891017563912
3042.703,2.6523436778902467,4.182242945113323,3.453072475453234,0.21729206935113943,1.978213800283229,0.18938983312690705,36.752805224654765,31.078305845971443,3.2661897972584915,0.0005028092676883272,B0036,113,24,1.6781873787039017,0.8452245454989932
3066.766,2.6565288043863395,4.181498148571605,3.466145279289297,0.21717112734402227,1.9781440584613479,0.18874232846254957,37.31224141481378,32.26010764297862,2.9090792523053586,0.0004972565054475189,B0036,115,24,1.6913403148932205,0.8518490646996918
3046.125,2.680162151919943,4.183547797387942,3.4640146950069006,0.21633056672792503,1.978460059457357,0.18955613835993293,36.59740421257035,31.42619925446257,2.9754880822331295,0.0004935403653717425,B0036,116,24,1.6802787096613283,0.8462778511550898
3033.625,2.686423419926791,4.183620162153654,3.4626259258314476,0.21613680830852294,1.9781834973907695,0.18999365693137335,36.44126696853565,31.20956154006514,2.999393102031942,0.0004935338884096957,B0036,117,24,1.673147301023026,0.8426860939403907
3028.562,2.672431142055385,4.183446864929328,3.4609363258654184,0.2173591587967091,1.9781633628014599,0.19053691574852294,36.32670051789851,31.078110221174402,3.021507209263572,0.0004989218391018389,B0036,118,24,1.6704292090032429,0.8413171180315027
3020.984,2.690675565426353,4.183128389159035,3.4616449511434926,0.21607818549062363,1.9778390299632154,0.19088541436696016,36.29811998606583,31.053614094154142,3.0194665642812146,0.000494028708438271,B0036,119,24,1.6659903350115992,0.8390814646713803
3017.391,2.697829479340451,4.180942847373935,3.46014320685645,0.21522580163698798,1.9780641124929104,0.19123467525336788,36.31566540517328,31.060532833540666,3.0534483419853724,0.0004915217709715063,B0036,120,24,1.664241575272447,0.83820069612642
3022.14,2.6506127411002423,4.182939031295494,3.4580980197093147,0.21983407908247266,1.9780348126637537,0.19135689268682599,36.31712206468977,30.97728291917627,3.0424620348545757,0.0005070335226677957,B0036,121,24,1.6668450767774965,0.839511958148907
3009.016,2.690672074169337,4.183242834674278,3.459389982444422,0.21646826887472467,1.9777931454666962,0.19167902641728612,36.228571111440864,30.93918723715448,3.0649877794654974,0.0004960328427980911,B0036,122,24,1.6594501560667536,0.8357874822196659
3014.672,2.62722492525996,4.183686841202558,3.455631406481116,0.22231179243393964,1.9775654046883246,0.192074197961044,36.35810336081934,30.926289651305336,3.059469417068561,0.0005162956089228274,B0036,123,24,1.662412523067319,0.8372794880191542
3010.703,2.6243035932050947,4.183358354217051,3.4549175745634897,0.2227603593230543,1.9777096278151205,0.19212016162033876,36.29901438256062,30.863054927475556,3.0645942258600947,0.0005178374489320125,B0036,124,24,1.66035260832257,0.8362420052410141
3011.75,2.6669662761212,4.182728484057378,3.4567232383364708,0.2191182110626776,1.977833418220376,0.1922336577809572,36.42868217427085,31.038017243387284,3.081328053975714,0.000503282878039737,B0036,125,24,1.6610231379633236,0.8365797196810353
3005.734,2.657342749492438,4.183421219857983,3.4566056806279244,0.22015856010978996,1.977513435934886,0.19250480913148416,36.39664144336581,31.04050751190746,3.061359547436696,0.0005077223967142619,B0036,126,24,1.6575187557321611,0.8348147261432597
2993.75,2.6914302974482167,4.183196106021016,3.457263997632369,0.21731364320070798,1.9773123626836613,0.19328109858183112,36.31743524658528,30.957302786226403,3.077174052278684,0.000498293380734129,B0036,127,24,1.6507877959674548,0.8314246563095264
2998.125,2.641029666264374,4.183209699462281,3.4540018182289085,0.2219355616405435,1.9773999985000372,0.19296290119175172,36.40596657880105,30.945276932009087,3.088847496983115,0.0005143814995031584,B0036,128,24,1.653257006211014,0.8326682821002683
2990.859,2.6663067674348446,4.183138406019062,3.454729708764956,0.22002183067494988,1.9775454272489617,0.19368255377033622,36.28093983069052,30.888914324823496,3.082907471159658,0.0005071558500699023,B0036,129,24,1.6494214846772686,0.8307365091729715
3024.453,2.652024511951085,4.182486390609512,3.4602322781016106,0.2198150778622886,1.977556174123632,0.19255326201605827,37.95295717388789,32.321489418619095,3.215944961254907,0.0005060293146094274,B0036,130,24,1.6678591915666705,0.8400227203692887
3030.765,2.650846498933422,4.183464386226038,3.4653467037084007,0.22016718741010546,1.9769835735935626,0.19254804747909837,38.41829396059596,33.23510488083581,2.977955316069467,0.0005056868108522487,B0036,131,24,1.670862764324967,0.8415354795830214
3020.813,2.636443131108017,4.1834582213062665,3.4612961227490118,0.22206114883321787,1.9774113966642073,0.1929702915669322,37.82488704281872,32.672384089467116,2.946099796719284,0.0005121187872927749,B0036,132,24,1.6658118164053368,0.8389915531932248
2998.156,2.6573768263158466,4.183218486473692,3.4568319834213184,0.22107800293757485,1.9773199609696597,0.19395459895412032,36.92206046060923,31.627875999689845,3.0314833004591253,0.0005089267070018522,B0036,133,24,1.6532998517617,0.8326898614015816
2986.766,2.661750337550587,4.183226539078387,3.4542748719327436,0.220921313044055,1.9771073220010116,0.19443016225095097,36.61884081007243,31.234092745007935,3.088980811773323,0.0005094058930387582,B0036,134,24,1.6468787023528522,0.8294558285638027
3032.328,2.676647507144037,4.174285560234163,3.459039144301172,0.21611363128577607,1.9761775564887945,0.19922880335444237,37.26760229905419,31.95070753872921,3.118046568694169,0.0004938905201185776,B0036,135,24,1.6718953249703756,0.8420555321190438
3047.703,2.683234032060573,4.181276067644604,3.466556169993412,0.21608136265251462,1.9775382652377456,0.19302982200067578,38.25722659181597,32.94223311807837,3.0804349729691336,0.0004915315027691449,B0036,136,24,1.6807743463585727,0.8465274801938236
3034.968,2.622356052772389,4.18302191595724,3.4591810827626084,0.22316178902200767,1.977527154273711,0.19358065439606703,37.22999793294153,31.941852555671353,2.963391067964682,0.0005142281115269917,B0036,137,24,1.6737717086703074,0.8430005788880056
3011.7339999999967,2.6656468752025866,4.183316981130492,3.4577876655294553,0.21984306642029872,1.976966455996094,0.19442342452209652,36.750095375605376,31.44720711271493,3.020686671047829,0.0005039190399709625,B0036,138,24,1.6605773762487392,0.8363552103399501
3002.922,2.6416903037262225,4.183031434193402,3.454417180570097,0.22280512461440066,1.9771854714072983,0.19485778697893694,36.46133969406453,31.12482497372082,2.978413348743887,0.0005132804416722044,B0036,139,24,1.655987781146086,0.8340436458007979
2986.718,2.6595878021770023,4.182347238057592,3.4527482715790674,0.2223904638589107,1.9768884059107226,0.19560419903771198,36.121581178683655,30.75545169222773,2.8930716154897564,0.0005098437267531083,B0036,140,24,1.646862318389844,0.8294475767274091
3006.203,2.687257575540443,4.181133837276345,3.460599249296477,0.2188614242633451,1.9767960110088922,0.1952512744183173,37.62901534109348,32.32491302674166,2.866366130970193,0.0004969312656982586,B0036,141,24,1.6574621175432849,0.834786200134747
3011.609,2.6749338603361448,4.18258237874211,3.463474146193779,0.21997510461098418,1.9766590715947012,0.19559785183251532,38.17206500603514,32.9527098749988,2.8377489612878515,0.0005006123033919626,B0036,142,24,1.6603991175216894,0.8362654297508073
2985.953,2.6883490982654625,4.182469644453435,3.458931693641407,0.2200530353488435,1.9763441035961147,0.19614978871331606,37.0744174656725,31.963338156822644,2.764268506134021,0.0005003831427313063,B0036,143,24,1.6460789092837111,0.8290530101765735
2976.312999999994,2.6341133806914536,4.182289875103196,3.4515443093644445,0.22545755813186338,1.976398819741924,0.19678756179633705,36.55596040748888,31.192560893948695,2.8582627982454096,0.0005201658879330721,B0036,144,24,1.6408366462659327,0.8264127273137564
2964.75,2.6535520046660226,4.182381246517502,3.451340191696518,0.2237589010583792,1.9763560129084317,0.19725333335331946,36.35822055804636,31.011896164180595,2.917839189982532,0.0005156688563458906,B0036,145,24,1.63444089202816,0.8231914848366977
2969.953,2.682065697865543,4.18080325573756,3.4541105051819967,0.22031097244335307,1.9764726236625383,0.19722903884028659,37.04815005782166,31.59342641124915,3.003987471379532,0.0005046334261424397,B0036,146,24,1.6374039186504212,0.824683822856804
2988.453,2.623022825320866,4.18244856617256,3.456542656900933,0.22574004376823661,1.9761971299509842,0.19678500763710924,37.78142773101782,32.451352345308976,2.878151993626464,0.000521817054125226,B0036,147,24,1.64738207540524,0.8297093540430311
3001.235,2.638877668106794,4.182854046942437,3.462836576734922,0.2223670426370147,1.9764358998879015,0.1961708093415694,38.98412239569435,33.70907658061942,3.048072062775425,0.0005144470122585014,B0036,148,24,1.6545646441622357,0.8333268782183325
2976.234,2.6345026369215763,4.182728439067422,3.455642847223531,0.22437597112956958,1.9764723723079625,0.19724620857612776,37.65911041193654,32.3628652503866,2.9759373987314586,0.0005201962621708663,B0036,149,24,1.640896560729935,0.8264429034289196
2950.39,2.6856425973144904,4.182876278594965,3.453765407751183,0.22038233953339065,1.9762622330108464,0.19803527551815192,36.92167189475025,31.558941182174713,3.05769427426673,0.0005074697518905889,B0036,150,24,1.6265229979339637,0.8192036116575746
2941.719,2.68786797873656,4.180649883777921,3.4500406564088526,0.22048226651045266,1.9761878164815234,0.19871075366298746,36.59954969750561,31.135887556686384,3.1041853930979246,0.0005074522430733054,B0036,151,24,1.6217349144630455,0.8167920778045172
2946.969,2.6302060684262494,4.182879997125387,3.447400483446299,0.22582011200156013,1.976390548245151,0.19880333156747296,36.62217023847058,31.04112225235265,3.1402598967112114,0.0005268714834459195,B0036,152,24,1.6248200059639546,0.8183458941987822
2936.171,2.6641914790243417,4.182616597040702,3.449026045033965,0.2230592263803892,1.9763256382870515,0.1992109316276674,36.59089881260896,31.054879323980543,3.1301327929733778,0.0005171446479160649,B0036,153,24,1.61880119736137,0.8153145016200263
2927.281,2.689303373660729,4.182506766966863,3.450376630404453,0.22093661764734834,1.9759798296965352,0.1999959041002503,36.59234456560626,31.10833607101402,3.111887133791562,0.0005100990965015435,B0036,154,24,1.6137350490334217,0.8127629194950149
2924.422,2.65147651386545,4.182535478785295,3.447000121773302,0.22471790023656585,1.9758094796920174,0.2002116530872668,36.48018480302178,30.944663670795183,3.11769813567353,0.0005235424179273185,B0036,155,24,1.612012823654141,0.8118955150669267
3023.859,2.6896892125914618,4.1690491680104165,3.4669760884346075,0.2107123814077917,1.9763325577592548,0.19732589402000167,38.23567263982747,32.6791979812127,3.2008537799447065,0.0004892291457435531,B0036,156,24,1.6671032556887178,0.8396419907994105
3056.172,2.6628469651561684,4.181271830692525,3.4736386683731344,0.2168989161359203,1.9764828677632524,0.1963357765479873,37.930952706812825,33.03296653786076,2.8302566115931924,0.0004968388119308589,B0036,157,24,1.6850133383886254,0.8486624623522178
3045.078,2.626900680068646,4.1830606408887965,3.467958204671299,0.22018929080048041,1.9762113672371753,0.1965507786462571,37.19257582780181,32.14080730031082,2.8939898848037453,0.000511041083617612,B0036,158,24,1.6786654987614698,0.8454653522250358
3034.25,2.6081515730092875,4.182456210343196,3.4632760700749996,0.22169666408408192,1.976450670496227,0.19739507707977821,36.76201438343683,31.54659714469647,2.9677773792776927,0.0005188447350527837,B0036,159,24,1.6729763502191373,0.8425999940105777
3022.609,2.635733198142088,4.182764774519028,3.4628276335315356,0.21964348922267898,1.976336702286546,0.19774687260217327,36.54833629882202,31.32211217550974,2.9908961393820253,0.0005118199464029055,B0036,160,24,1.666489034299654,0.8393326361939621
3028.828,2.629018498984386,4.183320176415955,3.4646012546935614,0.21954685837906868,1.976177626775224,0.1979177506106195,37.37954300419149,31.944476209251814,3.125476639690194,0.0005131693438622361,B0036,161,24,1.6698420840710908,0.8410214106449339
3037.875,2.6266603184816235,4.180963257164536,3.467937221948995,0.2197618206405605,1.9760041905736137,0.19783139441486797,38.17965570439169,32.95970790517297,3.0026411505616366,0.0005116415055533597,B0036,162,24,1.6746744228027035,0.8434552338043471
3023.187,2.602450788874241,4.182710427278442,3.462497796397771,0.22343995983932055,1.975873938296025,0.19880935388044108,37.06880928199277,31.94954978552722,2.8744470050027693,0.000522713162766379,B0036,163,24,1.6665045335145643,0.8393404424240914
2996.922,2.662872873818505,4.182466447324255,3.4597555835668237,0.21841796432569036,1.976044015388604,0.19910638896845156,36.3207199175235,31.016509562928245,3.0399635769822004,0.0005070514259315892,B0036,164,24,1.652222084834727,0.8321470405744413
2986.469,2.6641259048235493,4.182351343336321,3.4575027462160053,0.21857821910459632,1.9757551706068877,0.19978434254614494,36.10688426616758,30.717850318637232,3.088333931195502,0.0005083680555575068,B0036,165,24,1.6462718275099526,0.8291501740702857
2979.219,2.6980994427054057,4.182757605057146,3.4593887120996203,0.21569743182908152,1.9758263113357128,0.20032403432492166,36.31248307899438,30.879779806825745,3.147453877233741,0.0004983380417323267,B0036,166,24,1.642399234692521,0.8271997300700785
2995.047,2.649240292513478,4.180861110367055,3.459697403340653,0.219355376404776,1.9759776263748132,0.19966295855977922,37.07549861586275,31.650221324336044,3.109693775651705,0.0005113845685405194,B0036,167,24,1.651178607099992,0.8316214896107814
2989.828,2.691344905562854,4.182794520703595,3.464129590458387,0.2164303247179339,1.9757190023217348,0.20008845660346666,37.414877687125575,32.06625589927076,3.0814088690980412,0.0004988412762007518,B0036,168,24,1.6481683120281931,0.8301053446819332
2989.391,2.6312837349184783,4.182556061512275,3.460169463632063,0.22231611723941624,1.9757064745971156,0.20047541311699793,37.09639528593206,31.895952062496796,2.930265913592871,0.0005189258703842344,B0036,169,24,1.6478887725428395,0.8299645537086155
2967.2810000000027,2.6584363442335084,4.182810830291452,3.4561756716228116,0.22040419568213585,1.9757629054586399,0.20122494533067087,36.36605166703309,30.985495506316067,3.0577750164803414,0.000513727714381598,B0036,170,24,1.635843650915682,0.8238979889244988
2962.609,2.623199819387988,4.182635286848819,3.452053305545746,0.22353050988476272,1.9757208321303017,0.20114661077691479,36.234238027710575,30.72140290899611,3.11156150184751,0.0005263723520251342,B0036,171,24,1.6332362811945516,0.8225847786623692
2957.016,2.633671931011382,4.180865480888278,3.4498706612134633,0.22279407948570581,1.9753838232885894,0.20158021926107367,36.13330283566238,30.525764579406868,3.163768579521596,0.0005232279939901903,B0036,172,24,1.629926467682987,0.8209177802946666
2973.281,2.613160298710749,4.182371604193263,3.4562888987795763,0.2240191225314323,1.9753747226034408,0.20122861549672375,37.40631592104371,31.861104818689885,3.1332670680480272,0.0005277709390678224,B0036,173,24,1.6387862629287224,0.8253800450601032
2968.016,2.664776371262019,4.182870580087216,3.4606240664312637,0.21982320701898808,1.9753588071492805,0.2017668111536406,37.77076533558071,32.31201872670814,3.0954766579221715,0.0005114845097954987,B0036,174,24,1.6359654863840771,0.8239593517554358
2959.281,2.632939371611515,4.1827611176443975,3.456019242182233,0.22380395844631212,1.975257971644178,0.20222966114147656,37.14813436098321,31.79301024802491,2.995240855714292,0.000523715641073924,B0036,175,24,1.631137043967566,0.8215274909878285
2942.797000000006,2.628283415842944,4.182395237195288,3.450712115143618,0.2245629158467304,1.9752191259041323,0.2029175284274215,36.53239990681521,31.01748043918613,3.0912314402234466,0.0005281070428413313,B0036,176,24,1.6220189720888465,0.8169351443540038
2978.89,2.638269533539896,4.174632559195338,3.457628617948717,0.22079205441617028,1.974872083562542,0.2017284573641746,37.81511547301817,32.52627247756125,3.04116902538267,0.0005157501705855006,B0036,177,24,1.6416044978422155,0.8267994582639532
2948.891,2.666855394758346,4.180584396863127,3.453055943057908,0.22055104367711992,1.9750892690302664,0.2027526472075513,36.404593910301536,30.971239918679984,3.0985970708146326,0.0005133214493532589,B0036,178,24,1.6253090231457803,0.8185921892969905
2938.547,2.645771603606621,4.182361662503121,3.450668341610227,0.22291140709285817,1.9750429933939881,0.20326241166481698,36.31178502135717,30.76463270446893,3.1352768435627363,0.0005229081103336105,B0036,179,24,1.6196134522239485,0.8157235964301556
2925.484,2.6749192828697232,4.1825612222864805,3.450902810317066,0.2208731954949112,1.9749799926549043,0.2038663515540826,36.180551238597374,30.660177115279623,3.1401563857137114,0.0005153478670253392,B0036,180,24,1.6124236174774371,0.8121024127155417
2917.297,2.6772635289500464,4.18253016588314,3.4500594839606094,0.22106585657649458,1.97477870534949,0.20442185781361752,36.10348020899565,30.586674094126863,3.1328019446453483,0.0005159799077478548,B0036,181,24,1.6077701029913394,0.8097586549704903
2918.938,2.651409246777448,4.1821683496152,3.449110812692783,0.22338624793039388,1.9749290488260167,0.20458300055572,36.39815845242428,30.83253477381729,3.141161856725889,0.0005244233015013514,B0036,182,24,1.6088077531981582,0.8102812708807128
2918.25,2.6359845840555653,4.180085195716553,3.4458169090139847,0.22481643940189633,1.9747449903353,0.20477823811405596,36.34867749615663,30.68860522383244,3.189187075306813,0.0005291186881387777,B0036,183,24,1.6083556258734268,0.8100535554793201
2915.4839999999967,2.6203632515294,4.18247008024948,3.4453799620249113,0.22691200622276378,1.9747270429184276,0.20481042842300862,36.30340414585353,30.620490468656016,3.179739336847126,0.0005357967420572645,B0036,184,24,1.606820251901154,0.8092802593716546
2906.015,2.6353503124760125,4.182402126830995,3.445133112798374,0.22598774873953212,1.9748519715505966,0.20548541028158537,36.26566178605087,30.598226708173872,3.1818594112836194,0.0005323619507659054,B0036,185,24,1.601770977206713,0.8067371757071804
2894.14,2.665160202735034,4.182271283338991,3.4458558996634645,0.22356219309669187,1.9743987343803497,0.2059350007806618,36.17313667131571,30.522404975221356,3.182880214619704,0.0005242009994692574,B0036,186,24,1.594911734692208,0.8032824958482081
2892.031,2.6439462094074133,4.182247103438741,3.4444897117952333,0.22573879717162298,1.9743953769070435,0.20660174499782677,36.20038317528244,30.572012594415884,3.1598979349170104,0.0005319102367959846,B0036,187,24,1.5938139125387372,0.8027295741408462
2888.719,2.680823910703161,4.182668785784587,3.4452529094036595,0.22291638795713103,1.9745565504466334,0.2065228461140503,36.12974352283867,30.525594309542488,3.1881881495300783,0.0005198999539524011,B0036,188,24,1.5920273129504596,0.8018297474324861
2875.641,2.6584332895177942,4.182325389472558,3.4433682977623126,0.2250671844005684,1.9743485288471663,0.20720655690018247,36.15128962766672,30.460152624234137,3.197429532289462,0.0005299312744375127,B0036,189,24,1.5847361549778751,0.798157531944667
2860.7810000000027,2.68581364438656,4.181890851070748,3.444044633354945,0.22276494201776428,1.9740794817151763,0.2076616863688886,36.06503580876304,30.42634729502671,3.1946607523738897,0.0005229611098102884,B0036,190,24,1.5763429363936798,0.7939302600362231
2852.844,2.686590802386354,4.1819812339971225,3.4436657042772842,0.22288844568349384,1.9739791964844613,0.20837554427294894,36.12802521407918,30.477932880980596,3.208985468705527,0.0005241753252581523,B0036,191,24,1.5720229174642286,0.7917544684157353
2854.64,2.656968060548768,4.182031710997783,3.4414697554582165,0.22574515653050697,1.9739892815959978,0.20820397145769168,36.26774799217623,30.473709628947084,3.2541570247671383,0.0005342402721355458,B0036,192,24,1.5729874285512353,0.7922402475697732
2897.844,2.676038889381632,4.1803143719336,3.4563046908197936,0.22272757650615713,1.9743635806531243,0.20694857770854558,38.43630283495838,33.14386747805384,3.0055994105145185,0.0005191016088346949,B0036,193,24,1.596985400389019,0.8043269043381931
2896.063,2.6188084347235887,4.182098322143219,3.452089547010762,0.2282094096382682,1.9739686530082492,0.2071020010484756,38.52063845392343,32.934539010545976,3.1054765460213427,0.0005397983011487077,B0036,194,24,1.595726023703856,0.8036926151641492
2866.234,2.645949573946669,4.182097383940862,3.4477573593842226,0.2269688955493514,1.9740791048008222,0.20831896293044008,37.489412293667954,31.954024468442526,3.0937799959412473,0.0005359464056298937,B0036,195,24,1.579500338340559,0.79552049582239
2836.609,2.6883439532038187,4.181667072254369,3.4451953986146564,0.22349829567074966,1.973680146390149,0.20929288104353425,36.78751789975617,31.19189073934152,3.1654341501290033,0.000526446584302084,B0036,196,24,1.5629469877520186,0.7871833468214898
2829.516,2.67894320816739,4.182118777318184,3.4432584336378484,0.22483681792875135,1.9737323749924904,0.2100188779932843,36.62637340717898,30.99297651094941,3.1795323814270766,0.0005312483015295882,B0036,197,24,1.5591129431541175,0.7852523177577468
982.938,2.1981645845929387,4.053116638334503,2.883239659655731,0.2714681375079095,3.952127452371893,0.5555387706574639,51.693778100061,38.8265055747093,7.209524180513632,0.0018871506175786917,B0038,1,24,0.8980573709676724,0.5027074994360511
1489.953,2.173538006790758,4.1851064801192095,3.171331675099785,0.39146555138677125,2.99722690705762,1.763153005343104,51.136880141242045,40.496516738152486,6.424579491179334,0.0013500885419395455,B0038,2,24,1.1026236331914077,0.6172179945068336
1479.703,2.191128315273502,4.18694152805074,3.1803732612872655,0.39291497885443455,2.957884019744667,1.7847327131649924,51.3517572303697,40.3082686076966,6.593501844566957,0.001348793111034605,B0038,3,24,1.0885801879473431,0.6093568650619476
1468.172,2.174928379064222,4.187310082648276,3.2014600077361552,0.3945157941745048,2.890891500138237,1.818631844296714,49.541551118224994,39.93347404849829,6.131571691781879,0.0013706716267467664,B0038,4,24,1.0613249847591086,0.5941001615546702
1457.0,2.162304775163232,4.185977695675653,3.2011146598082543,0.40186603525991565,2.875691989787786,1.8260004298249077,49.94400434434952,39.949996492029705,6.15769488965632,0.0013889313112645308,B0038,5,24,1.0347062057983545,0.5791997106013164
1437.047,2.1523889970129018,4.187105297284753,3.1928056969575156,0.40756316177387675,2.899480377067548,1.8153277027567678,50.47284162905345,40.03056196708513,6.263190036485062,0.0014159010110816495,B0038,6,24,1.0269978594353013,0.574884793035658
1170.531,2.1947161370182617,4.18045914385637,3.0561380160526412,0.3182473291299143,3.65723892716497,1.1703474902694635,49.83589725328242,39.44913263410249,6.684482107682934,0.0016964463195234545,B0038,7,24,1.078501971098942,0.6037153600151433
1436.141,2.1463956973341785,4.183492564102866,3.181450544509047,0.39531273885441603,2.967468445105371,1.7802184142945598,50.058224679961086,40.058567746287395,6.348155327327429,0.0014184518558892807,B0038,8,24,1.0638897478802845,0.595535844504305
1420.172,2.1983669967426582,4.186120317256443,3.1927410490834576,0.394432860852678,2.9319888511060146,1.7987300203627612,49.70254627455938,39.916070861462195,6.2780311712728745,0.0013996567461643976,B0038,9,24,1.0366551223324425,0.580290659786896
1397.0,2.1858064268526136,4.185843165124554,3.167665290347624,0.40220013391913023,2.994495446145827,1.765767055180857,51.35429552288885,40.27645391572808,6.996549186773533,0.001431665524890437,B0038,10,24,1.030941327482094,0.5770922365966111
1393.25,2.151862863027953,4.185966509890458,3.1781927267469925,0.40535515038930675,2.9580193436340854,1.7853447679375913,50.44246795838984,40.1754669430076,6.422455097063027,0.0014599703189395337,B0038,11,24,1.0140084541034655,0.5676136857716616
1380.938,2.164578187429903,4.186351056855524,3.1613474600189155,0.4080928150873494,3.001260117107958,1.7618279238863483,51.33205933952721,40.41336717515726,6.985765094938617,0.001464057669081176,B0038,12,24,1.008516095994519,0.5645392167007371
6375.828,2.180206803089782,4.177730241404494,3.608926624109929,0.26642041610054423,1.0022813853258807,0.0689227599880716,49.52801806570102,44.29688064198706,4.239857347323483,0.000313296318268735,B0038,13,44,1.7419245088095905,0.9750808159243569
6574.671,2.1921466685430167,4.186620638463225,3.6118191487524745,0.27276800455024974,0.985523491989515,0.1455420693840391,49.28701938671706,47.195451017988766,0.806264755907088,0.0003033572280529639,B0038,14,44,1.779741859708433,0.99624991549443
6571.156000000003,2.16658130125341,4.188933311711306,3.614149636005495,0.2710677748063214,0.9870171236405828,0.1407580989208313,49.17905905171433,47.146072926598166,0.8018661150558731,0.0003077619844145985,B0038,15,44,1.7815666306452766,0.9972713714329474
6569.11,2.1366453580856253,4.189402399305119,3.6144683724527336,0.2706385584470085,0.9884125593394552,0.13568592933924223,49.1809104842522,47.127641701986995,0.8049840248304174,0.00031248632481713565,B0038,16,44,1.7834859577156017,0.9983457572609746
6558.75,2.1909799678189845,4.189825570933335,3.6165883435722845,0.26325490575812305,0.9883523609236716,0.13605518256360946,49.05688408240341,47.09918641441624,0.801806104754131,0.0003047601453195122,B0038,17,44,1.7864411650415677,1.0
6567.516,2.166402675362294,4.191065310739852,3.6160610851845387,0.2653801190050024,0.9884509077751611,0.1364257153988109,49.13032050804125,47.133209565495285,0.808657907955795,0.0003082843856608127,B0038,18,44,1.7859997608067948,0.9997529142053986
6430.172,2.145739105715045,4.18123625379194,3.6257089708628913,0.242449480692392,1.003966417823918,0.056840693623248034,49.23198595690627,47.15436113022586,0.8045542600690545,0.00031655407477076736,B0038,19,44,1.7769523773001608,0.9946884409477957
6554.327999999994,2.139096537674337,4.185716420658905,3.613285312724596,0.26650862300631034,0.9879674131883375,0.13720339497202227,49.16417337699806,47.16342394557887,0.8001566041842723,0.0003122547243568784,B0038,20,44,1.781428917321899,0.9971942833507466
6560.922,2.1550256706410824,4.189329902417763,3.615119723068455,0.2644581993999677,0.9878904726854575,0.1373618407524628,49.04035070342245,47.142139947358636,0.7853125075619635,0.0003100637733197682,B0038,21,44,1.7859452772697195,0.9997224158390704
6559.047,2.1776344857025127,4.189967846272303,3.6158365688729885,0.26226897970091995,0.9878187430421663,0.13769357570092997,48.97912041843542,47.07812277465954,0.7878471262059568,0.0003068027048090661,B0038,22,44,1.785208429691551,0.9993099490908853
6553.781,2.1804158381574807,4.18974503175606,3.615503145763947,0.26188786392564317,0.9877368963424067,0.13807510191006442,48.978872169562095,47.07326100880017,0.7887250927396546,0.0003065908356715886,B0038,23,44,1.783596609584544,0.9984076970948228
6540.187,2.1075006723313274,4.188353739927258,3.6139392243174577,0.2663090638476673,0.9892953816503839,0.132783790840198,49.04045996790738,47.08146790123274,0.7999355106422164,0.0003181641545717165,B0038,24,44,1.7796783152744713,0.9962143450904306
6535.922,2.1931517470679918,4.1880636486598535,3.61791112455575,0.25578580789784267,0.9906537351245918,0.12694709655668382,48.95885334502884,47.087615537529175,0.7882130269296931,0.000305222721689742,B0038,25,44,1.7841102592788645,0.9986952238851655
6544.078,2.1577326042974923,4.18971330698209,3.615792342161085,0.2612087400255614,0.989093271752985,0.13311955253445096,49.01777260309724,47.09422579980021,0.7880666513026571,0.00031050679754804225,B0038,26,44,1.7833032331592191,0.9982434731443979
6531.187,2.162189918911785,4.188131880621521,3.6151540820598718,0.2606059423999587,0.9890153352338132,0.13369002572915806,48.99249018111872,47.083185115341905,0.7803495312635236,0.000310195062813197,B0038,27,44,1.7796186141356956,0.9961809260560152
6528.562,2.199945094089768,4.188924695577913,3.616195897791123,0.25757546423636,0.9888803362572581,0.13400222151989308,48.94618497316047,47.06402084308688,0.788073244908058,0.00030465814699900907,B0038,28,44,1.7816592334352586,0.9973232078951798
6525.187,2.1302151249881103,4.187542870745614,3.6135506508279374,0.2634637410063976,0.9888411357420203,0.13426756711950635,49.0209427982368,47.07142767555465,0.7953698546643815,0.00031529023547639383,B0038,29,44,1.7775911304124037,0.9950459971465346
6515.938,2.164304791761506,4.1857951584704445,3.615401963428833,0.25764716062296544,0.990311695204241,0.12833190597493865,49.014180829264426,47.094941474493815,0.7911789213523751,0.0003102378148332501,B0038,30,44,1.777701881971679,0.9951079927842542
6532.015,2.103101288221301,4.187443417451479,3.6125287354843514,0.26555233247950444,0.9886847879265132,0.1346928534717366,49.08755174393166,47.099513351069206,0.7974036933203188,0.00031909634764007395,B0038,31,44,1.7789547618270618,0.9958093200263152
6527.922,2.1449886066523933,4.1900372622396045,3.6160020417093457,0.25975802406342796,0.9902725483840611,0.12875563406697943,49.000307836809725,47.07452189489319,0.7916417301273799,0.0003132771279416652,B0038,32,44,1.7807753731135043,0.9968284475084117
6519.328,2.1205293855533207,4.188861157517333,3.6145930156040587,0.2618570479596698,0.9902807469221099,0.128995216768698,49.05042538685695,47.12153419194554,0.7992762090703066,0.00031726149872563734,B0038,33,44,1.778415319026661,0.9955073549736971
6510.063,2.1339834463152427,4.190060028748116,3.6166641442341034,0.2585332615912423,0.9919115001416685,0.12297493415898729,49.08198729235301,47.15829653400459,0.7815953054273127,0.00031583051998619263,B0038,34,44,1.7789773899108463,0.995821986597276
6501.718,2.1093887147366805,4.187583021759709,3.616763225911199,0.25743412363998547,0.9933993302020114,0.11634346593636109,49.13279687311376,47.161612217353984,0.7914437406870375,0.0003196377183727483,B0038,35,44,1.7792479347236043,0.9959734300469973
6509.047,2.098244904990502,4.1891099360693005,3.6149940792944446,0.26120700431715,0.9915864068538185,0.12351252365974966,49.13552693190528,47.155567707969865,0.7937471553358827,0.0003212244482301017,B0038,36,44,1.777920457368508,0.99523034520263
6502.438,2.1367946107881166,4.18915400521565,3.6159145027179576,0.25796097107129023,0.9915566919647096,0.1238402683262109,49.04172173314357,47.13225621283967,0.795824533316566,0.0003156292139083116,B0038,37,44,1.779227040224144,0.9959617338882493
6502.047,2.103206542363035,4.188887533318818,3.6146610547862235,0.2609096269136571,0.9916693008676862,0.1239758747434409,49.09468753497383,47.13346886842004,0.8015152530295043,0.00032077297979479124,B0038,38,44,1.7760634320079352,0.9941908341362079
6498.86,2.1895312972615004,4.187944942179681,3.615082794707677,0.25635423939385604,0.9899211411709551,0.13093372754109064,49.057064718364046,47.176385542899524,0.7953205374358193,0.00030750218421664424,B0038,39,44,1.775103937963957,0.9936537360986378
3162.047,2.1594623220347016,4.182064571336064,3.4389023365216986,0.24326867123504123,1.998396970742944,0.16931968968156869,54.42193934195762,50.154407994251926,1.9824535430747832,0.0006396496476179395,B0038,40,44,1.733064100138742,0.970121005971342
3173.141,2.023065783993831,4.186725946685351,3.437169559941295,0.2535131328346398,1.9984105082586832,0.16929385204766148,54.61602412701822,50.1979427615177,1.989375495770212,0.0006818670089641524,B0038,41,44,1.7394892806215223,0.973717643021872
3169.844,2.0028176202456365,4.189706586585002,3.4370308930893247,0.25550569337229756,1.9986993566870939,0.16962716546691567,54.621843575697525,50.18895736512512,1.9815242066891599,0.0006899042875104786,B0038,42,44,1.7378064360392924,0.9727756335030806
3156.563,2.061244397117138,4.188139594837195,3.437230626486004,0.2513685673717057,1.9982781324264294,0.17017040460112698,54.57283441287881,50.178407502665095,1.9834491023740457,0.0006738009657086067,B0038,43,44,1.730028145799833,0.9684215633038091
3155.047,2.030738155835073,4.189030830558383,3.4363115548278413,0.25382935857792155,1.9983559715990522,0.17055484431617157,54.65884815489962,50.182509844874,1.9908701343757702,0.0006840762355436573,B0038,44,44,1.7290404566542985,0.9678686824338076
3142.312,2.1901431826977382,4.189306425000166,3.4394075704239655,0.24381942086518604,1.998333813768599,0.17103678264820057,54.51993729622157,50.173666427799,1.9793297386321815,0.0006362077484038592,B0038,45,44,1.7286072907068817,0.9676262082029775
1485.047,2.11587711023423,4.17467236177005,3.0455602167949416,0.276868792608173,3.967012008013358,0.4995907205261106,69.28796559754325,58.41948951650429,6.293950560290717,0.00138635023102691,B0038,46,44,1.52573884649634,0.8540661043605309
1489.313,2.052769819032336,4.186501078488458,3.0241360171924403,0.2792511767316262,3.9673854309358183,0.4995473605030099,69.86974573152932,58.954810986890266,6.5012792138632545,0.0014326949804749722,B0038,47,44,1.5301475534434217,0.8565339756978885
6375.828,2.4987062304520014,4.197294023274615,3.6461406726770127,0.23195432901403543,0.9931771469825759,0.05568371282475591,48.10057733769074,44.007524345018545,3.831530802859562,0.0002664105419441387,B0039,13,44,1.7461791006389626,0.9856661327194288
6574.671,2.473002904156423,4.204972433209606,3.64392186740937,0.25650604223131673,0.9751844959464301,0.14398475096153757,48.36094927051516,46.67611297517316,0.6839325525859548,0.0002634306004137975,B0039,14,44,1.7695250734505363,0.9988442395512747
6571.156000000003,2.489434465017692,4.208448210539393,3.646350059209468,0.2529905556190479,0.9752001313830849,0.14443396531143216,48.20507797013392,46.6383045331837,0.6779723926468864,0.00026159989894041473,B0039,15,44,1.7715391419501945,0.9999811212768454
6569.11,2.473981445559395,4.206898230242775,3.645585479395615,0.2537624727482999,0.9750119009804336,0.14485222156858277,48.18149876688975,46.624310116631904,0.678936178626833,0.0002637978028505201,B0039,16,44,1.770625483958279,0.9994653885325983
6558.75,2.4673788761032256,4.207946244454896,3.6468115454863126,0.25233451479226343,0.9763225329640914,0.1401026317059827,48.22285805925047,46.60181681852236,0.6887919230590736,0.00026538095953522705,B0039,17,44,1.7704040639447296,0.9993404035248279
6567.516,2.458737817987512,4.207227267233697,3.6451349051966417,0.254535546924118,0.9746122484452725,0.14559173792694055,48.3111327307896,46.64079559317347,0.6917008549566177,0.0002662329942167153,B0039,18,44,1.769508178880176,0.9988347030691206
6430.172,2.4562277920171924,4.197666044398925,3.6561026070574316,0.230543491398516,0.9916407159003714,0.0688755032429676,48.31988246057892,46.65269866016946,0.6803216588572635,0.0002708229659147116,B0039,19,44,1.7638356274269416,0.9956327165996252
6554.327999999994,2.437931364664341,4.2045074487347165,3.6458870173477007,0.25226304722600934,0.9776620652375614,0.13571242809567544,48.19161251147565,46.637301691869546,0.6741847630110793,0.0002695281780329543,B0039,20,44,1.7715725869786123,1.0
6560.922,2.4476008226100348,4.208084129481043,3.645766068703999,0.25316376142310504,0.97593374546125,0.1413814025154582,48.22746339794149,46.62385161772923,0.6754145822066178,0.00026832864449097374,B0039,21,44,1.7701196454489685,0.9991798577488028
6559.047,2.467377500135635,4.207142953751636,3.6446971444609972,0.2528528608886302,0.9744225907364069,0.1469671283417357,48.171946839870586,46.59535143073503,0.6756629676122485,0.0002652466819670603,B0039,22,44,1.766756975286052,0.9972817305212578
6553.781,2.457416820096295,4.207099547920701,3.643834980413121,0.25368629199070497,0.974188913140975,0.14730143072667756,48.20204512091098,46.59281927437506,0.6761078749014151,0.0002669730233317845,B0039,23,44,1.7648743629092642,0.9962190518646646
6540.187,2.470228395185217,4.2078293027865055,3.6455211713700875,0.25078237988655316,0.9756125007255608,0.14262536402237333,48.20808548312476,46.595538716376765,0.6826353547641303,0.0002656806154933014,B0039,24,44,1.763838685943225,0.9956344430410399
6535.922,2.47756542534469,4.20415549392574,3.6442867502271574,0.2497129824006196,0.9755813105292195,0.14300129757798152,48.216947901934525,46.615922853146614,0.681918781506503,0.00026416931973500456,B0039,25,44,1.7657225752056789,0.9966978424615891
6544.078,2.480137502417058,4.2074857099225,3.6438395995465793,0.2515759584624443,0.9738266911786536,0.1484160822540315,48.23861432117145,46.61306744285817,0.6780400723165098,0.0002639559319900284,B0039,26,44,1.7645632809383045,0.9960434553504454
6531.187,2.4411463439008707,4.207192516257174,3.6432430775983096,0.2533910534261015,0.9753455155568392,0.14355424258175803,48.2409468668017,46.60739102749507,0.6770392994705275,0.0002704020222290838,B0039,27,44,1.7608991948479125,0.9939751878025482
6528.562,2.4393843779206725,4.207616345532635,3.6429596917730023,0.25341909570727394,0.9751873224588044,0.1438565057298473,48.28638353591076,46.59731896053421,0.6885682159872938,0.0002708455503083164,B0039,28,44,1.7598362095817717,0.9933751642562629
6525.187,2.49689484054888,4.207147287931799,3.6431420009845095,0.25017443381074583,0.973600435800719,0.14959525625712466,48.23633627651948,46.60563234024716,0.6835704528845687,0.00026210014324231924,B0039,29,44,1.7590955400143164,0.992957078329161
6515.938,2.465533668800099,4.204165409407158,3.6420393576004138,0.2506633369879675,0.9749782353666531,0.14452263423762968,48.2681944116944,46.62474216211915,0.6835779053375629,0.0002668275451066383,B0039,30,44,1.7560495443976525,0.9912377044581424
6532.015,2.487866062972102,4.206316214831835,3.6405822186622365,0.2524392393921728,0.9716620382516429,0.1551574651607473,48.25892855404056,46.6386326424737,0.6912106643286612,0.00026308117049022895,B0039,31,44,1.7571677199949287,0.9918688813037851
6527.922,2.480376897645346,4.20729233602744,3.640101281169697,0.25329731254468446,0.9715267495139143,0.1555057278006624,48.27406092264485,46.624080824947505,0.68049946289654,0.0002645429032978786,B0039,32,44,1.7558911269459976,0.9911482825214861
6519.328,2.423512955443349,4.207400407989978,3.6389138404319183,0.25678403601203137,0.9730307119584699,0.1508355955746521,48.37743085469793,46.6573959514452,0.6970125232010939,0.0002736305724373169,B0039,33,44,1.7533419072229914,0.9897093238574475
6510.063,2.4421166575524973,4.207172779835573,3.6390963886375602,0.2549572277611863,0.9728798847206629,0.15121859721454858,48.34229218799801,46.69850634609825,0.6873300520857827,0.0002711273488878795,B0039,34,44,1.7506673845335168,0.9881996353980905
6501.718,2.48916723023537,4.203796739473216,3.639310178523211,0.25045033852559456,0.9727174864909479,0.15147973564522327,48.35205523072366,46.70366699259687,0.6916863412207079,0.00026371945218753653,B0039,35,44,1.7510006664162403,0.9883877631017891
6509.047,2.486277943958813,4.207405098710311,3.6382966465278597,0.2528751408505309,0.9708770463110533,0.15688238439295335,48.36227474052515,46.69858207228199,0.6944208148338927,0.00026442076002085985,B0039,36,44,1.7496058853847871,0.9876004507208541
6502.438,2.4621592876012923,4.206949746343375,3.6368192187368806,0.2550308125969398,0.9707991298367911,0.15742902511765178,48.39407566049798,46.68478011498361,0.6965108721722237,0.00026832865745772327,B0039,37,44,1.7477359172183355,0.9865449093446801
6502.047,2.419307605326947,4.20717367641765,3.634846725471178,0.2586975689756345,0.9707557236945535,0.15759433309454082,48.40712816602448,46.691631182155156,0.7061114845117521,0.0002749697243176961,B0039,38,44,1.7444225468099093,0.9846746103612909
6498.86,2.498091152649448,4.206902271296153,3.635905813888798,0.25344893471171687,0.9689523533406329,0.16311545484015497,48.476824345274245,46.752413955353425,0.6864351956901091,0.00026294013390759386,B0039,39,44,1.743308366083936,0.9840456885016038
3162.047,2.4729033909981424,4.196674813894532,3.4708414429615604,0.23983630135073153,1.8974430595020169,0.41815628728709764,52.90221489344579,49.300859599002976,1.7977947373295562,0.0005451441496272477,B0039,40,44,1.6556691733888471,0.9345759725332866
3173.141,2.482404434239833,4.204257320385259,3.4717307267626065,0.23958900827991936,1.876242032435926,0.46136193753581417,53.04880173105535,49.34643167372232,1.8077672244129455,0.0005426335880269506,B0039,41,44,1.64297669457593,0.9274114459955601
3169.844,2.4529055944220666,4.206474730273981,3.470065952813119,0.242287546642914,1.8688750583848932,0.4753124929833431,53.017440171542674,49.35236153077406,1.8077020078145738,0.0005532036074494247,B0039,42,44,1.6343822729361266,0.9225601507661272
3156.563,2.442965370421763,4.206865048530781,3.468937839466871,0.24304972443381195,1.867958006398749,0.47677374935818106,53.07430485716129,49.34646841409122,1.8241572720834554,0.0005588038883142892,B0039,43,44,1.62650670621656,0.9181146277446866
3155.047,2.450251182214539,4.206889463177472,3.468115577491925,0.2422693326645298,1.8603022549570993,0.49060510412402536,53.15177003577248,49.35565140520816,1.824309544896521,0.0005567708756677579,B0039,44,44,1.618865991735961,0.9138016718224964
3142.312,2.447037438010891,4.206575007421019,3.467077155738093,0.24265298586053005,1.8593929317608153,0.49237087012470987,53.01718592680281,49.368284273788476,1.8133550141233774,0.0005599499888649276,B0039,45,44,1.6114968339209264,0.9096420015559777
1485.047,2.4740907394153795,4.189178895374635,3.2199500199575746,0.29808334413337334,3.2987430233514146,1.5005359673236445,63.94078057196598,55.97390404609549,5.260669144917664,0.0011549049666167168,B0039,46,44,1.3240805773461226,0.7474040787706702
1489.313,2.442276380666166,4.204083091786472,3.22661988786129,0.301571122910671,3.2988222829259044,1.5006289213281419,64.14381595669508,55.95647115817562,5.2802873251473965,0.001182966046170487,B0039,47,44,1.3153386221697692,0.7424695052507317
982.938,2.689034363728547,4.068028641979544,3.2570770872838057,0.4174030288200671,2.4962950152812526,1.941303398573822,40.67740211970284,34.520854008155766,4.226515260442279,0.0014029310884826887,B0040,1,24,0.6734628137095633,0.3883578242781517
1489.953,2.69442244998024,4.181329419378459,3.435168668765134,0.411497706074207,1.9463194972486941,2.000831632707447,41.121867004450536,34.02922924081149,4.10560840043901,0.0009979556196727138,B0040,2,24,0.7913062105760345,0.45631318021016637
1479.703,2.6769978869674524,4.182169713231169,3.4309758033508495,0.4171314423116885,1.9456703600088228,2.0006821152772125,41.63283156392668,34.012090723638956,4.712198887404474,0.001017212120448304,B0040,3,24,0.7865824034601745,0.4535891583095063
1468.172,2.675172001926867,4.1821186375364,3.4348636528845424,0.41566455493657656,1.944987147407484,2.000944652895735,41.715752737182754,33.978388906178346,4.54247412520363,0.0010264101451393519,B0040,4,24,0.7795871426061582,0.449555284084796
1457.0,2.69268420954805,4.181769825430115,3.445308801417867,0.4139545108172866,1.9176306391450506,2.00005890059221,41.61695629052659,33.83721613724266,4.355511721224683,0.001022021699301349,B0040,5,24,0.7628241523125163,0.43988876901327184
1437.047,2.695919341909784,4.181957861733809,3.458759767508341,0.41104104570588373,1.8884271623527955,1.9987646176883265,40.41568117134027,33.67935609685469,4.040328596776782,0.0010340918006328432,B0040,6,24,0.7405021514606399,0.4270166051641357
1170.531,2.6973035934049494,4.177687640263026,3.344897364124835,0.4011230446747891,2.4163379785922903,1.9590002602433678,41.6427020562054,34.856675647434145,4.264579581501937,0.0012647115256734568,B0040,7,24,0.7783970881100656,0.44886902945355767
1436.141,2.680482862570943,4.181217465945281,3.435394313904374,0.4126017213316854,1.969777434052701,2.0017221836971713,41.666127528934624,33.93437846177736,4.465256054649068,0.0010449772016635816,B0040,8,24,0.7733165409025605,0.4459392904694836
1420.172,2.686758150797836,4.182275640250018,3.4407328862516335,0.4132604456693385,1.9554052803156114,2.0016838007560347,41.55823578501682,33.87341008861747,4.376617166016615,0.0010530537776073474,B0040,9,24,0.7589575236409498,0.437659046053648
1397.0,2.674688015022009,4.181827468882669,3.4424940628831777,0.4195143414586435,1.9403707149157856,2.0013451071070447,41.25451200429936,33.801632457231946,4.529835777679505,0.0010788399812889475,B0040,10,24,0.7407399462256391,0.427153731454823
1393.25,2.686289969564933,4.181567286734688,3.4441875855764166,0.41277321284502455,1.954309675271884,2.0019543826489854,40.05463707446548,33.841214598826475,4.086207548661334,0.0010732297270193824,B0040,11,24,0.7446218752617147,0.42939227749443054
1380.938,2.6945279873006065,4.181983804533861,3.458256040593686,0.4185196311756819,1.8955732024846834,1.999730395621035,40.76452850374992,33.68915739169769,4.15796588488351,0.001077134395051229,B0040,12,24,0.7149875629820736,0.4123034096213723
6375.828,2.682915069119874,4.175387518911088,3.624872673514505,0.2354928412276352,0.9641877110703866,0.18214812412599052,47.45925542600303,44.27504698193625,3.395668613612504,0.00023408292221672444,B0040,13,44,1.7075144448533202,0.9846521310866773
6574.671,2.6893633842231077,4.183371957728605,3.6219123150772736,0.24996331629237986,0.9483038455550394,0.21834687587078766,47.733284854985534,46.496780020843715,0.567326751084338,0.00022723700904661196,B0040,14,44,1.730880859428193,0.9981265646274019
6571.156000000003,2.663011590614207,4.185403574589526,3.621615017492515,0.2523876558111148,0.9498068063922427,0.2156987777509343,47.68533526444168,46.4678468881245,0.5667522604610078,0.00023167795498620314,B0040,15,44,1.7328212845233328,0.999245526584592
6569.11,2.6936866986118786,4.185139783184118,3.622864388629409,0.2488331391182519,0.9495039865635401,0.21625348794086455,47.67231335727975,46.45190241544343,0.5660521405577138,0.00022704035776113346,B0040,16,44,1.7317734323431513,0.9986412740786238
6558.75,2.644136217828117,4.185518450705473,3.6220494199910203,0.2524948894066732,0.9521474479201967,0.21035912536781248,47.70025798751115,46.440231939332925,0.575009016647252,0.00023501158496319513,B0040,17,44,1.7341296392350067,1.0
6567.516,2.6743889241293517,4.185427919430507,3.622162963654601,0.2505161032055829,0.9505463748128928,0.21423451727294318,47.70250785089967,46.465222077063906,0.5724849250287846,0.00023007770293991748,B0040,18,44,1.7334756929990074,0.9996228965694354
6430.172,2.6812131139529,4.176190564871368,3.629361907913309,0.23694681732612544,0.9652916551188272,0.17974503287016644,47.77567590438216,46.49072067213048,0.5915331580594807,0.0002324941620408394,B0040,19,44,1.7243057179457877,0.9943349556648182
6554.327999999994,2.6999262584848243,4.182711714289401,3.6234871903936696,0.24637551785655715,0.9515304364195541,0.21203809592777914,47.68448077336878,46.47888431603475,0.5618081810851908,0.00022622997442370572,B0040,20,44,1.7318975861687205,0.9987128683947349
6560.922,2.67095044814488,4.185107481198763,3.6222932883799372,0.2500341100613357,0.9514067446419429,0.21231035129754225,47.66868390973605,46.45480276183313,0.5593434974582607,0.000230784184456679,B0040,21,44,1.7333691208377455,0.9995614408634428
6559.047,2.677767553221005,4.185322736341408,3.622128684193048,0.24948188342702446,0.9510506492688564,0.21270569192015265,47.63553822379171,46.423098338329766,0.5617973185609043,0.0002298436317227797,B0040,22,44,1.732175650153278,0.9988732162593157
6553.781,2.6464594317551624,4.185286474015191,3.6212784001178204,0.2518978512211561,0.952483844185988,0.2098447230159875,47.64097688926351,46.417883981463206,0.5649156033343833,0.0002347998876160233,B0040,23,44,1.7334832776102866,0.9996272702973895
6540.187,2.654408689336339,4.185544800435261,3.6222214851987244,0.24996249215628244,0.9538668537692832,0.20707845398582303,47.67660695857828,46.41962937983975,0.5690151762479444,0.00023411197739436543,B0040,24,44,1.732372495746513,0.9989867288761244
6535.922,2.6386466599890395,4.182805883908282,3.621600293236707,0.2501906623881697,0.9551274962002001,0.20399628961911165,47.670062907549664,46.437216774742105,0.5671351835142513,0.0002362572906958257,B0040,25,44,1.7338175297202416,0.9998200195027502
6544.078,2.650918288963567,4.184959782592119,3.621303558836112,0.25045255199959626,0.9535672748102629,0.2078565176143853,47.67504818462313,46.44051551612336,0.5663325325456684,0.000234416749560221,B0040,26,44,1.7329630786357868,0.9993272933160092
6531.187,2.6471595195723987,4.184990348881109,3.6217314334668362,0.24988041087949223,0.9547943241459881,0.20487274596364968,47.66226480407664,46.438246093452804,0.5620541080205174,0.00023545962308363092,B0040,27,44,1.731883908457334,0.9987049810309088
6528.562,2.669669356026842,4.1849433685502655,3.6224802575418096,0.24763446207057382,0.9545134197746632,0.2054061798018153,47.65776484346084,46.419799968945064,0.5679386050287228,0.00023209919926063709,B0040,28,44,1.7306960059812662,0.9980199673795696
6525.187,2.6833023579431665,4.184970988659253,3.6227913336348077,0.24627731741110095,0.9543817483018816,0.20580404431868246,47.65588226485245,46.41925960985013,0.5674379000563601,0.00023013419089998286,B0040,29,44,1.7296011601947467,0.9973886156272275
6515.938,2.664835318499988,4.182014111969684,3.6219039988656228,0.2466946149091764,0.9556674250054417,0.2027350561182617,47.68924379895171,46.442880190211326,0.5603084504999081,0.0002328411954609906,B0040,30,44,1.7296187381064656,0.9973987520733854
6532.015,2.695190974478952,4.185325352263018,3.6231487093600996,0.24521145917839676,0.9540196765198384,0.20659375457897183,47.68013294716548,46.45501075115101,0.5492302827641916,0.00022812782545417694,B0040,31,44,1.7307198617163877,0.9980337239837944
6527.922,2.659441128426158,4.18476201200528,3.620727454558004,0.24904935854019675,0.9537793805515312,0.20697431763287544,47.69683888709109,46.42899601057107,0.5701779440787185,0.00023366101549300415,B0040,32,44,1.729274556175907,0.9972002767559861
6519.328,2.645724055946119,4.184831315830137,3.620851281939705,0.2495321369492057,0.9552992930481566,0.20370726038199638,47.68346890250753,46.4460831551733,0.5707422506001142,0.0002360837282437727,B0040,33,44,1.7297962212599596,0.9975010991813975
6510.063,2.686333486141192,4.184646274630554,3.6223530356435982,0.24530785882592343,0.954978922137234,0.2041422475370421,47.72656082449746,46.477279245422224,0.566814638409212,0.0002301533469782645,B0040,34,44,1.7268942069037494,0.9958276289341037
6501.718,2.67226557137279,4.182435522794885,3.621799074855713,0.24522264220169515,0.9564581755342219,0.20088294404541213,47.7336433887077,46.50566493668475,0.5698788163021092,0.0002322724472857935,B0040,35,44,1.7272191689306016,0.9960150209372733
6509.047,2.6426430588133014,4.184925895802646,3.620827200366945,0.24891994748388524,0.9560786123384978,0.20127229326071397,47.73354479118836,46.489529302216496,0.5723455227997915,0.00023694449233341606,B0040,36,44,1.7285674981160106,0.996792545958992
6502.438,2.6490836320353925,4.184718733685154,3.6206286090197306,0.24830667559197095,0.9559272000849461,0.20179965807390834,47.74132595782936,46.47422502580763,0.5720232891873331,0.00023616297481802382,B0040,37,44,1.726636381605547,0.9956789518730761
6502.047,2.65252579490315,4.184688819147048,3.620461858040284,0.24802704675497864,0.9557337491817472,0.20226685631737432,47.73740327080965,46.467598009037445,0.5770203623882796,0.00023564317887026935,B0040,38,44,1.7262424141835069,0.9954517673459643
6498.86,2.6675427612038987,4.184286661063821,3.6207850957418692,0.24655337398337557,0.955765448983569,0.2024961579615555,47.780084445812335,46.50711933936233,0.5740344311189821,0.0002333861477028159,B0040,39,44,1.72527259276029,0.9948925119124175
3162.047,2.6781395492001447,4.176406009176324,3.4599911073457075,0.21638867675842477,1.8959348324359298,0.4344457452392911,51.74025766413764,48.821116047310866,1.4573170363540953,0.0004738280170965767,B0040,40,44,1.666802687745505,0.9611753643059799
3173.141,2.637555628457468,4.182388453906596,3.459413541721385,0.220618527580399,1.8889292863371991,0.44880280066476863,51.80596353207629,48.86273917281783,1.4670126664314256,0.0004868465742458744,B0040,41,44,1.666754853762041,0.9611477804492821
3169.844,2.654677503869026,4.184674961031428,3.4606411813742883,0.21893792516908636,1.8816621609604864,0.4634367805499887,51.79140734732303,48.859668212563015,1.4574296659114894,0.00048267279309720034,B0040,42,44,1.6583274448761054,0.9562880463813878
3156.563,2.6785586854358763,4.184986819959415,3.4619795504624093,0.21643459851727873,1.8804985237721599,0.4652065997504846,51.7543308845732,48.84759659003841,1.4568320982410061,0.0004772368346595772,B0040,43,44,1.65032263550715,0.9516720077716755
3155.047,2.619691419158041,4.184706989313181,3.4582381856512225,0.2216032586723296,1.8804466851023403,0.46579858124525914,51.86320043661648,48.86015453747502,1.4766289751589716,0.0004960355805016977,B0040,44,44,1.6493406341242296,0.951105728665026
3142.312,2.6631019561941023,4.184343189730703,3.460434749861773,0.217371637609195,1.8794652243865957,0.46750321232265407,51.81917888349145,48.85593683732135,1.4659700303148748,0.00048411527357455306,B0040,45,44,1.641919055037739,0.9468260145545142
